catalog_id, system_name    , planet_name      , measurement_version, record_type, catalog_status, discovery_year, discovery_method, discovery_facility   , source_team        , distance_light_years, distance_entry_mixed_units, star_type, star_mass_solar, star_radius_solar, star_temperature_k, stellar_activity, planet_class, planet_radius_earth, planet_radius_error_plus, planet_radius_error_minus, planet_mass_earth, planet_mass_error_plus, planet_mass_error_minus, orbital_period_days, semi_major_axis_au, eccentricity, equilibrium_temperature_k, transit_depth_ppm, signal_strength, detection_confidence_pct, atmosphere_hint         , liquid_water_index, moon_candidate_count, ring_candidate, anomaly_flag              , follow_up_priority, data_quality_grade, last_observed_date, observer_note
XPS-AAAA  , Novae North    , Novae North-d    ,                   1, Primary    , Confirmed     ,           1997, Radial Velocity , Solis Observatory    , Blue Orbit Group   ,              1263.29, 1263.3 ly                 , M        ,           0.533,             0.618,             2806.4, Active          , Rocky       ,               0.971,                    0.143,                     0.121,             1.189,                  0.254,                   0.125,           2477.1624,             2.9049,       0.1017,                      60.6,             207.1,            1.16,                    64.74, Carbon dioxide candidate,              0.059,                    0, No            , none                      , Low               , A                 , 2018-12-17        , Several measurements are absent from the early record.
XPS-AAAB  , Talos Delta    , Talos Delta-d    ,                   1, Follow-up  , Confirmed     ,           2024, Transit         , Aurora Survey        , Sky Atlas Team     ,                11.44, 3.5 pc                    , M        ,           0.423,             0.533,             2660.5, Moderate        , Gas Giant   ,              17.135,                    2.742,                     0.253,          1900.000,                263.020,                 417.217,            108.5781,             0.3344,       0.0870,                     174.0,           87787.2,            8.47,                    81.31, Hydrogen-rich           ,                   ,                    4, No            , None                      , Low               , C                 , 2022-09-13        , The atmospheric result has low certainty.
XPS-AAAC  , Noma Two       , Noma Two-r       ,                   1, Primary    , Confirmed     ,           1996, Radial Velocity , Highland Spectrograph, Solis Research Unit,              7960.08, 7960.1 ly                 , M        ,           0.423,             0.498,             2614.5, Active          , Rocky       ,               0.870,                    0.023,                     0.076,             0.939,                  0.239,                   0.209,            503.0461,             0.9288,       0.1627,                      81.4,             253.7,            8.46,                    63.00, Sodium signature        ,              0.133,                    0, No            , NONE                      , Low               , B                 , 2015-08-05        , The system may contain another unseen world.
XPS-AAAD  , Arden Prime    , Arden Prime-s    ,                   1, Primary    , Confirmed     ,           2000, Transit         , Orbital Lens Network , Sky Atlas Team     ,              1077.53, 1077.5 ly                 , K        ,           0.658,             0.739,             4969.1, Highly active   , Desert World,               2.143,                    0.106,                     0.198,             8.303,                  1.001,                   0.032,             91.6381,             0.3460,       0.1017,                     352.3,             705.6,            8.30,                    82.57, Sodium signature        ,              0.784,                    0, No            , None                      , Medium            , B                 , 2014-05-06        , Transit timing varies across observation windows.
XPS-AAAE  , Novae Quarta   , Novae Quarta-j   ,                   1, Primary    , Confirmed     ,           1995, Transit Timing  , Multi-World Array    , North Ridge Team   ,                14.82, 4.5 pc                    , M        ,           0.249,             0.296,             3266.9, Moderate        , Gas Giant   ,              12.423,                    1.822,                     1.814,           277.517,                 33.545,                  22.066,             37.1388,             0.1371,       0.0350,                     235.6,          147228.5,            6.02,                    67.75,                         ,              0.158,                    0, No            , Timing pattern unresolved , Medium            , D                 , 2016-10-23        , No unusual note was reported.
XPS-AAAF  , Talos Quarta   , Talos Quarta-t   ,                   1, Reanalysis , Confirmed     ,           2023, Transit Timing  , Multi-World Array    , Caeli Survey       ,                24.93, 24.9 ly                   , K        ,           0.603,             0.678,             4640.8, Quiet           , Gas Giant   ,               8.603,                    0.330,                     0.650,           612.889,                137.738,                 102.390,           6941.9232,             5.9573,       0.2627,                      72.9,           13494.5,           17.14,                    87.45, High-altitude haze      ,              0.015,                    1, No            , Variable transit depth    , Low               , ?                 , 03/23/2011        , Transit timing varies across observation windows.
XPS-AAAG  , Tarin Delta    , Tarin Delta-w    ,                   1, Reanalysis , Confirmed     ,           2023, Astrometry      , Gaia-Like Survey Lab , Meridian Study     ,              1396.87, 428.3 pc                  , M        ,           0.269,             0.330,             2767.4, Active          , Desert World,               0.813,                    0.035,                     0.106,             0.463,                  0.085,                   0.053,              5.1028,             0.0375,       0.0537,                     406.9,             509.6,           36.98,                    83.67, High-altitude haze      ,              0.408,                     , no            , Asymmetric transit        , High              , C                 , 2023-10-02        , The host star varies across the observation cycle.
XPS-AAAH  , Cyra Minor     , Cyra Minor-z     ,                   1, Follow-up  , Confirmed     ,           2023, Microlensing    , Southern Lens Grid   , North Ridge Team   ,                44.27, 44.3 ly                   , A        ,           1.922,             1.717,             7795.5, Quiet           , SUPER-EARTH ,               1.777,                    0.217,                     0.053,             5.782,                  1.257,                        ,            160.4238,             0.7184,       0.4024,                     616.3,              89.8,           47.87,                    65.08, Methane candidate       ,              0.002,                    0, No            , Timing pattern unresolved , Medium            , A                 , 2013-11-26        , The system may contain another unseen world.
XPS-AAAJ  , Novae North    , Novae North-n    ,                   1, Primary    , Confirmed     ,           2010, Microlensing    , Southern Lens Grid   , North Ridge Team   ,              1737.36, 1737.4 ly                 , M        ,                ,             0.287,             3480.0, Quiet           , Rocky       ,               0.456,                    0.046,                     0.045,             0.100,                  0.048,                   0.034,            566.1933,             0.8330,       0.3636,                      96.5,                  ,           29.42,                    76.07, No clear signal         ,              0.161,                    0, NO            , None                      , Low               , A                 , 2018-07-12        , The host star varies across the observation cycle.
XPS-AAAK  , Caeli Two      , Caeli Two-x      ,                   1, Primary    , Confirmed     ,           2019, Transit         , North Ridge Array    , North Ridge Team   ,                25.87, 25.9 ly                   , F        ,           1.267,             1.235,             6508.8, Moderate        , Ice Giant   ,               3.848,                    0.090,                     0.430,            38.780,                  2.735,                   3.547,              3.0431,             0.0445,       0.0632,                    1703.3,             813.8,            9.15,                    79.95, Sodium signature        ,              0.000,                    0, No            , None                      , Low               , C                 , 2014-05-12        , Follow-up data changed the estimated year length.
XPS-AAAL  , Talos Delta    , Talos Delta-d    ,                   1, Primary    , Confirmed     ,           2021, Transit         , Aurora Survey        , Pacific Lens Group ,              3316.71, 3316.7 ly                 , K        ,           0.588,             0.606,             4093.0, Highly active   , Lava World  ,               1.614,                    0.190,                     0.025,             4.542,                  0.277,                   0.822,            174.4232,             0.5118,       0.0395,                    1053.5,             594.8,            9.17,                    69.10, No clear signal         ,              0.000,                    0, No            , None                      , Low               , C                 , 2022-11-13        , The distance entry uses a converted unit.
XPS-AAAM  , Solis C        , Solis C-u        ,                   1, Primary    , Archived      ,           2010, Radial Velocity , Highland Spectrograph, Blue Orbit Group   ,              1670.59, 1670.6 ly                 , K        ,           0.816,             0.870,             4347.8, Moderate        , Super-Earth ,               2.043,                    0.115,                     0.090,             6.788,                       ,                   1.223,           2558.6215,             3.4208,       0.0275,                      99.9,             470.8,            3.41,                    66.36, Hydrogen-rich           ,                   ,                    0, No            , Unexpected infrared excess, Low               , A                 , 2018-12-30        , The atmospheric result has low certainty.
XPS-AAAN  , Auron South    , Auron South-g    ,                   1, Follow-up  , CONFIRMED     ,           2004, Radial Velocity , Highland Spectrograph, Pacific Lens Group ,              2570.28, 788.1 pc                  , K        ,           0.848,             0.880,             4561.0, Active          , Gas Giant   ,              15.413,                    2.576,                     1.447,          1900.000,                128.322,                 153.804,           7183.2531,             6.8964,       0.3282,                      74.2,           25700.5,           10.91,                    79.54, Water vapor candidate   ,              0.018,                    0, No            , Variable transit depth    , High              , B                 , 2024/12/10        , Two observing teams reported slightly different radii.
XPS-AAAP  , Pavo Delta     , Pavo Delta-t     ,                   1, Primary    , Confirmed     ,           2025, Transit         , Aurora Survey        , Blue Orbit Group   ,              5690.00, 5690.0 ly                 , K        ,           0.615,             0.642,             5111.9, Active          , Mini-Neptune,               4.267,                    0.097,                     0.371,            12.507,                  0.878,                   2.776,             17.7380,             0.1132,       0.0904,                     594.1,            3700.3,           15.15,                    75.95, Methane candidate       ,              0.004,                    0, No            , Unusual dimming           , High              , A                 , 01/15/2017        , The atmospheric result has low certainty.
XPS-AAAQ  , Auron C        , Auron C-m        ,                   1, Primary    , Provisional   ,           2002, TRANSIT         , Aurora Survey        , Pacific Lens Group ,               192.29, 59.0 pc                   , K        ,           0.744,             0.790,             5083.2, Moderate        , Gas Giant   ,               9.421,                    0.931,                     0.562,          1900.000,                261.443,                 113.182,              2.4838,             0.0325,       0.0891,                    1340.4,           11935.3,           17.30,                    76.92, Sodium signature        ,              0.000,                    0, No            , None                      , Low               , C                 , 2025-09-19        , The atmospheric result has low certainty.
XPS-AAAR  , Talos Delta    , Talos Delta-d    ,                   2, Reanalysis , Confirmed     ,           2005, Astrometry      , Meridian Mapper      , Meridian Study     ,                 5.47,                           , M        ,           0.203,             0.255,             3406.0, Quiet           , Mini-Neptune,               3.759,                    0.617,                     0.087,            31.485,                       ,                   0.031,             91.2629,             0.2330,       0.0956,                     166.8,           17522.5,            7.02,                    71.40, Cloud-dominated         ,              0.502,                    0, No            , None                      , Medium            , D                 , 2017-07-23        , Cloud cover may hide key atmospheric signals.
XPS-AAAS  , Kepleris Tertia, Kepleris Tertia-x,                   1, Primary    , Confirmed     ,           2013, transit         , Aurora Survey        , Caeli Survey       ,                77.64, 77.6 ly                   , M        ,           0.138,             0.210,             3142.4, Highly active   , Rocky       ,               1.363,                    0.214,                     0.036,             2.444,                  0.111,                   0.210,             74.5881,             0.1791,       0.2250,                     159.7,            3530.7,            2.99,                    72.56, Hydrogen-rich           ,              0.367,                    0, No            , None                      , Medium            , A                 , 11/27/2016        , The system may contain another unseen world.
XPS-AAAT  , Noma Two       , Noma Two-r       ,                   2, primary    , Confirmed     ,           2005, Radial Velocity , Red Mesa Array       , Pacific Lens Group ,              1344.76, 1344.8 ly                 , F        ,           1.211,             1.178,             6926.5, Moderate        , Rocky       ,               1.356,                    0.181,                     0.154,                  ,                  0.485,                        ,             10.3715,             0.0992,       0.1603,                    1132.4,                  ,           37.59,                    78.76, Sodium signature        ,              0.000,                    0, No            , None                      , Low               , B                 , 2011-11-05        , No unusual note was reported.
XPS-AAAU  , Novae Quarta   , Novae Quarta-p   ,                   1, Primary    , Provisional   ,           2006, Transit         , Orbital Lens Network , Meridian Study     ,                17.45, 17.5 ly                   , M        ,           0.164,             0.207,             2565.1, Active          , Ice Giant   ,               4.910,                    0.587,                     0.495,            39.623,                  0.436,                        ,             43.8409,             0.1331,       0.2270,                     159.6,           47081.1,           18.21,                    69.00, Hydrogen-rich           ,              0.069,                    0, Yes           , None                      , Low               , A                 , 2014-06-29        , Several measurements are absent from the early record.
XPS-AAAV  , Rhea Minor     , Rhea Minor-y     ,                   1, Primary    , Confirmed     ,           2022, Transit         , Aurora Survey        , Pacific Lens Group ,              1206.63, 1206.6 ly                 , M        ,           0.138,             0.233,             2614.3, Moderate        , Gas Giant   ,              16.499,                         ,                     0.546,                  ,                200.185,                 182.264,            194.5750,             0.3392,       0.2182,                      98.1,          419488.2,            5.53,                    74.00,                         ,              0.025,                    0, No            , None                      , Low               , B                 , 2024-03-22        , Follow-up data changed the estimated year length.
XPS-AAAW  , Auron South    , Auron South-h    ,                   1, Primary    , Confirmed     ,           2007, Radial Velocity , Red Mesa Array       , Sky Atlas Team     ,                 5.15, 1.6 pc                    , M        ,           0.410,             0.502,             3544.5, Active          , Super-Earth ,               1.893,                         ,                     0.122,             6.294,                  1.132,                   0.064,             11.9944,                   ,       0.4660,                     489.3,                  ,            8.48,                    71.20, Water vapor candidate   ,              0.085,                    0, No            , Asymmetric transit        , Medium            , A                 , 2013-10-10        , The orbit may be tilted relative to the star.
XPS-AAAX  , Kepleris Tertia, Kepleris Tertia-x,                   2, Follow-up  , Confirmed     ,           2011, Transit         , Aurora Survey        , Meridian Study     ,             10662.80, 10662.8 ly                , M        ,           0.564,             0.640,             3373.2, Moderate        , Super-Earth ,               2.324,                    0.014,                     0.349,            15.731,                  3.249,                        ,           1190.9610,             1.8177,       0.1691,                     100.4,            1187.3,           19.36,                    76.80, High-altitude haze      ,              0.182,                    1, No            , None                      , Low               , D                 , 03/05/2016        , The host star varies across the observation cycle.
XPS-AAAY  , Arden South    , Arden South-k    ,                   1, Primary    , Confirmed     ,           2008, Radial Velocity , Red Mesa Array       , Caeli Survey       ,                31.05, 9.5 pc                    , K        ,           0.747,             0.808,             5164.9, Quiet           , Super-Earth ,               1.449,                    0.122,                     0.140,             2.000,                  0.308,                   0.116,             10.6965,             0.0870,       0.1267,                     852.3,                  ,            3.24,                    64.71, Carbon dioxide candidate,                   ,                    0, No            , None                      , Low               , A                 , 2018-12-10        , Transit timing varies across observation windows.
XPS-AAAZ  , Orin Prime     , Orin Prime-p     ,                   1, Primary    , Provisional   ,           2010, Radial Velocity , Solis Observatory    , Aurora Lab         ,              2784.07, 853.6 pc                  , G        ,           1.034,             1.032,             5408.9, Moderate        , Rocky       ,               0.735,                    0.091,                     0.087,             0.637,                       ,                   0.062,             21.7953,             0.1544,       0.1426,                     750.1,              42.5,           52.02,                    74.46,                         ,              0.000,                    0, No            , None                      , Low               , B                 , 2011-01-26        , Two observing teams reported slightly different radii.
XPS-AABA  , Zora Tertia    , Zora Tertia-n    ,                   1, Reanalysis , Confirmed     ,           2001, Pulsar Timing   , Radio Arc Array      , Caeli Survey       ,              2053.44, 629.6 pc                  , K        ,           0.836,             0.853,             4615.7, Moderate        , Rocky       ,               1.166,                    0.116,                     0.078,             0.908,                  0.022,                   0.081,             28.7283,             0.1730,       0.1322,                     516.6,                  ,            4.07,                    66.33, High-altitude haze      ,              0.037,                     , No            , None                      , Low               , A                 , 2020-05-05        , The record includes a later reanalysis.
XPS-AABB  , Talos Two      , Talos Two-f      ,                   1, Primary    , Confirmed     ,           2009, transit         , North Ridge Array    , Blue Orbit Group   ,              3443.92, 3443.9 ly                 , G        ,           0.996,                  ,             6048.5, Quiet           , Super-Earth ,               2.478,                    0.178,                          ,                  ,                  0.183,                   0.917,             13.5132,             0.1109,             ,                     958.4,             517.8,            1.10,                    55.18, No clear signal         ,              0.000,                    0, No            , Orbital drift             , Low               , B                 , 2025-03-08        , The distance entry uses a converted unit.
XPS-AABC  , Cetus A        , Cetus A-m        ,                   1, Primary    , Confirmed     ,           2004, Transit         , SkyScan Array        , Aurora Lab         ,                 8.89, 2.7 pc                    , F        ,           1.253,             1.187,             7387.2, Moderate        , Super-Earth ,               1.469,                    0.216,                     0.209,             3.887,                  0.061,                   0.747,            932.5331,             2.0139,       0.2096,                     259.4,             128.3,           39.87,                    79.25,                         ,              0.858,                    0, No            , None                      , Urgent            , ?                 , 2024-08-03        , A faint secondary signal appears in some observations.
XPS-AABD  , Solis C        , Solis C-j        ,                   1, Reanalysis , Confirmed     ,           1996, Transit         , Orbital Lens Network , Blue Orbit Group   ,                70.28, 70.3 ly                   , M        ,           0.387,             0.445,             3503.3, Quiet           , Gas Giant   ,                    ,                    1.098,                     0.373,                  ,                  4.034,                        ,           9099.5433,             6.2127,             ,                      48.3,           40967.5,           10.65,                    83.72,                         ,              0.009,                    0, No            , Asymmetric transit        , Low               , B                 , 2012/10/23        , The host star varies across the observation cycle.
XPS-AABE  , Talos Quarta   , Talos Quarta-h   ,                   1, Primary    , Confirmed     ,           1998, Transit         , Orbital Lens Network , Caeli Survey       ,                     , 11.6 ly                   , M        ,           0.522,             0.624,             3847.2, active          , Gas Giant   ,              12.761,                    1.521,                     1.448,          1900.000,                       ,                 415.740,           7875.3747,             6.2387,       0.0383,                      55.2,           35047.9,           12.94,                    67.69, Hydrogen-rich           ,              0.011,                    0, Yes           , None                      , Low               , A                 , 2022-05-26        , No unusual note was reported.
XPS-AABF  , Talos C        , Talos C-y        ,                   1, Follow-up  , Confirmed     ,           2021, Radial Velocity , Solis Observatory    , Aurora Lab         ,              4749.69, 4749.7 ly                 , G        ,           1.103,             1.087,             5480.5, Quiet           , Super-Earth ,               1.373,                    0.200,                     0.034,             2.656,                  0.479,                   0.326,            258.3737,             0.8203,       0.1825,                     309.1,             133.9,           14.66,                    78.46, Hydrogen-rich           ,              0.970,                    0, No            , Unusual dimming           , Urgent            , C                 , 2021-03-21        , Follow-up data changed the estimated year length.
XPS-AABG  , Rhea C         , Rhea C-e         ,                   1, Primary    , Confirmed     ,           1998, Transit         , North Ridge Array    , Solis Research Unit,              6305.04, 1933.1 pc                 , K        ,           0.614,             0.642,             4690.0, Active          , Rocky       ,               0.644,                    0.083,                     0.090,                  ,                       ,                   0.040,            264.1021,             0.6900,             ,                     222.9,              84.4,           19.21,                    76.40, Cloud-dominated         ,              0.797,                    0, NO            , None                      , Medium            , C                 , 2017-08-28        , Transit timing varies across observation windows.
XPS-AABH  , Selene A       , Selene A-h       ,                   1, Primary    , Confirmed     ,           2011, Transit         , SkyScan Array        , Solis Research Unit,                 6.34, 6.3 ly                    , M        ,           0.416,                  ,             3153.9, Active          , rocky       ,               0.870,                    0.057,                     0.036,             0.534,                       ,                        ,            132.0489,             0.3787,       0.0933,                     167.1,             299.1,           24.79,                    82.62, Methane candidate       ,              0.515,                    0, No            , Asymmetric transit        , High              , B                 , 2011-04-01        , A faint secondary signal appears in some observations.
XPS-AABJ  , Selene A       , Selene A-h       ,                   2, Primary    , Confirmed     ,           2016, Transit         , Aurora Survey        , Aurora Lab         ,             10713.94, 10713.9 ly                , M        ,           0.525,             0.608,             2713.2, Moderate        , Gas Giant   ,               9.446,                    0.732,                     0.256,           263.146,                 30.559,                  59.197,            129.6310,             0.4038,       0.2943,                     178.0,           21627.3,           32.97,                    85.21, Hydrogen-rich           ,              0.112,                    3, No            , None                      , low               , B                 , 2021-07-03        , A faint secondary signal appears in some observations.
XPS-AABK  , Pavo A         , Pavo A-e         ,                   1, primary    , Confirmed     ,           2021, Radial Velocity , Highland Spectrograph, Blue Orbit Group   ,              5061.00, 5061.0 ly                 , G        ,           1.013,             1.011,             5798.7, Moderate        , Super-Earth ,               1.485,                    0.237,                     0.022,             3.810,                  1.053,                        ,             20.6113,             0.1478,       0.1312,                     677.0,             180.8,           19.44,                    67.46,                         ,              0.000,                    0, Yes           , Possible ring system      , Medium            , C                 , 2014-07-07        , Transit timing varies across observation windows.
XPS-AABL  , Cyra C         , Cyra C-y         ,                   1, Follow-up  , Disputed      ,           1995, transit         , SkyScan Array        , Blue Orbit Group   ,                39.28, 39.3 ly                   , K        ,           0.781,                  ,             4134.3, HIGHLY ACTIVE   , Ocean World ,               1.787,                    0.185,                     0.120,             5.949,                  1.503,                        ,            375.4967,             0.9381,       0.1272,                     235.0,             388.2,           87.96,                    66.06, Cloud-dominated         ,              0.972,                    0, No            , None                      , High              , C                 , 2019-12-29        , Two observing teams reported slightly different radii.
XPS-AABM  , Luma Minor     , Luma Minor-f     ,                   1, Primary    , Confirmed     ,           2000, Transit         , Orbital Lens Network , Caeli Survey       ,                20.94, 20.9 ly                   , M        ,           0.323,             0.416,             2550.0, Highly active   , Super-Earth ,               1.451,                    0.247,                          ,             2.000,                  0.142,                   0.404,             12.6067,             0.0728,       0.4499,                     311.8,            1020.5,           10.38,                    81.05, Water vapor candidate   ,              0.916,                    0, No            , Orbital drift             , Urgent            , C                 , 2012-09-27        , The system may contain another unseen world.
XPS-AABN  , Auron Two      , Auron Two-n      ,                   1, Primary    , Provisional   ,           2024, Direct Imaging  , Celestial Mirror One , Pacific Lens Group ,              5074.57, 1555.9 pc                 , A        ,           1.650,             1.571,             9819.6, Moderate        , Mini-Neptune,               3.094,                    0.279,                     0.351,            28.257,                  1.633,                        ,           7785.9773,             9.0845,       0.0057,                     215.1,             325.2,           32.48,                    75.36, Water vapor candidate   ,              0.837,                    1, No            , None                      , Urgent            , B                 , 2023-05-21        , The orbit may be tilted relative to the star.
XPS-AABP  , Solis C        , Solis C-f        ,                   1, Primary    , Confirmed     ,           1997, Transit         , SkyScan Array        , North Ridge Team   ,                12.22, 12.2 ly                   , G        ,           0.953,             0.964,             5918.2, Quiet           , Rocky       ,               1.273,                    0.181,                     0.087,                  ,                  0.263,                   0.243,             22.2758,             0.1525,       0.2908,                          ,                  ,          116.10,                    94.48,                         ,              0.000,                    0, No            , None                      , Low               , D                 , 2024-07-05        , Two observing teams reported slightly different radii.
XPS-AABQ  , Altara Tertia  , Altara Tertia-c  ,                   1, Primary    , Confirmed     ,           2018, Transit         , Orbital Lens Network , Sky Atlas Team     ,                     , 4449.5 ly                 , G        ,           1.010,             1.009,             5870.0, Quiet           , Super-Earth ,               2.207,                    0.020,                     0.320,            11.192,                  0.324,                   1.578,                    ,             7.9795,             ,                          ,             401.6,           26.60,                    84.90, Hydrogen-rich           ,              0.195,                    0, No            , Orbital drift             , medium            , B                 , 2020-10-27        , The distance entry uses a converted unit.
XPS-AABR  , Solis C        , Solis C-v        ,                   1, Follow-up  , Confirmed     ,           1999, Transit Timing  , Clockwork Survey     , Sky Atlas Team     ,               153.50, 47.1 pc                   , G        ,           1.048,             1.038,             5805.5, Moderate        , Rocky       ,               0.502,                    0.048,                     0.043,             0.129,                  0.060,                   0.054,            132.7881,             0.5174,       0.0082,                     412.1,                  ,           17.27,                    76.26, Carbon dioxide candidate,              0.342,                    0, No            , None                      , low               , B                 , 2022-01-15        , The distance entry uses a converted unit.
XPS-AABS  , Talos Quarta   , Talos Quarta-t   ,                   2, Primary    , Archived      ,           2006, Microlensing    , Southern Lens Grid   , Solis Research Unit,             13083.06, 13083.1 ly                , M        ,           0.219,                  ,             2534.9, moderate        , Gas Giant   ,              11.148,                    0.677,                     0.202,           214.099,                 22.487,                  33.631,            850.3075,             1.0594,       0.1009,                      66.8,          104307.8,           15.69,                    83.42,                         ,              0.017,                    0, Yes           , Possible ring system      , Low               , D                 , 2017/07/05        , Stellar noise complicates the mass estimate.
XPS-AABT  , Cetus One      , Cetus One-g      ,                   1, Primary    , Confirmed     ,           1995, Transit Timing  , Multi-World Array    , North Ridge Team   ,                11.32, 3.5 pc                    , M        ,           0.550,             0.582,             3464.7, Quiet           , Super-Earth ,               1.890,                    0.245,                          ,             8.494,                  0.163,                        ,            324.4870,             0.7570,       0.4233,                     136.3,             884.7,           14.23,                    74.54, Cloud-dominated         ,              0.340,                    0, No            , Unusual dimming           , Medium            , B                 , 05/05/2018        , The orbit may be tilted relative to the star.
XPS-AABU  , Zora A         , Zora A-v         ,                   1, Primary    , Confirmed     ,           2011, Direct Imaging  , Summit Imager        , Solis Research Unit,                11.83, 3.6 pc                    , F        ,           1.494,             1.340,             6437.0, Active          , Gas Giant   ,              12.426,                    0.772,                     0.272,           938.112,                       ,                  72.449,         173033.9745,            69.4650,       0.2273,                      45.9,            7208.6,           22.27,                    77.09, Hydrogen-rich           ,              0.008,                    0, Yes           , None                      , Low               , C                 , 2022-02-14        , A faint secondary signal appears in some observations.
XPS-AABV  , Mira B         , Mira B-u         ,                   1, Primary    , Confirmed     ,           2017, Transit         , North Ridge Array    , Sky Atlas Team     ,              2954.78, 2954.8 ly                 , M        ,           0.335,             0.445,             3299.9, Active          , Super-Earth ,               2.490,                    0.133,                     0.256,            15.000,                  0.276,                   3.008,             47.3257,             0.1778,       0.0446,                     237.9,            2625.0,           34.56,                    77.08, Methane candidate       ,              0.658,                    0, No            , None                      , High              , ?                 , 2022-03-22        , Two observing teams reported slightly different radii.
XPS-AABW  , Novae Major    , Novae Major-e    ,                   1, Primary    , Confirmed     ,           2012, transit         , Aurora Survey        , Solis Research Unit,                10.06, 3.1 pc                    , M        ,           0.234,             0.269,             2919.7, Quiet           , ROCKY       ,               1.121,                    0.147,                     0.033,             1.629,                       ,                   0.103,            302.4873,             0.5438,       0.0445,                      98.5,            1462.9,            8.00,                    71.90, Carbon dioxide candidate,              0.171,                    0, No            , None                      , Low               , C                 , 2011-07-31        , Follow-up data changed the estimated year length.
XPS-AABX  , Altara One     , Altara One-b     ,                   1, Primary    , Confirmed     ,           2018, Radial Velocity , Solis Observatory    , Solis Research Unit,                31.70, 31.7 ly                   , K        ,           0.765,             0.791,             5122.1, Quiet           , Rocky       ,               0.877,                    0.095,                     0.031,             0.967,                  0.081,                   0.135,           3853.8564,             4.3988,       0.0484,                     112.9,             103.0,           44.35,                    71.91, Carbon dioxide candidate,                   ,                    0, No            , Possible moon signal      , Low               , C                 , 2013-10-21        , No unusual note was reported.
XPS-AABY  , Lyra Major     , Lyra Major-c     ,                   1, Primary    , Confirmed     ,           2000, Radial Velocity , Red Mesa Array       , North Ridge Team   ,                66.65, 66.6 ly                   , M        ,           0.546,             0.605,             2531.0, Moderate        , Desert World,               1.677,                    0.137,                     0.030,             4.565,                  0.652,                   0.955,             43.1257,                   ,       0.0100,                     212.1,                  ,            7.74,                    72.63, Oxygen candidate        ,              0.627,                    0, No            , Unexpected infrared excess, High              , D                 , 2014-05-24        , Cloud cover may hide key atmospheric signals.
XPS-AABZ  , Novae Quarta   , Novae Quarta-w   ,                   1, Primary    , Confirmed     ,           2012, Transit         , Orbital Lens Network , Meridian Study     ,               387.31, 387.3 ly                  , K        ,           0.659,                  ,             5132.3, Active          , Mini-Neptune,               4.227,                    0.421,                     0.453,            30.000,                  3.282,                   3.432,            856.0577,             1.5354,       0.2307,                     167.5,            2870.0,           10.66,                    61.69, No clear signal         ,              0.469,                    0, No            , Orbital drift             , Medium            , A                 , 2011/06/06        , Several measurements are absent from the early record.
XPS-AACA  , Luma Minor     , Luma Minor-b     ,                   1, Reanalysis , CONFIRMED     ,           2009, Microlensing    , Southern Lens Grid   , Caeli Survey       ,               703.62, 703.6 ly                  , F        ,           1.161,             1.114,             7288.8, Quiet           , Gas Giant   ,              11.450,                         ,                     0.664,          1900.000,                299.795,                  28.189,           1978.7261,             3.2417,       0.0245,                     191.9,            8870.0,            5.52,                    67.01, Hydrogen-rich           ,              0.091,                    0, No            , None                      , Low               , C                 , 2019-01-28        , The orbit may be tilted relative to the star.
XPS-AACB  , Rhea South     , Rhea South-t     ,                   1, FOLLOW-UP  , Confirmed     ,           2005, Direct Imaging  , Summit Imager        , Aurora Lab         ,              3040.33, 3040.3 ly                 , F        ,           1.489,             1.415,             6939.9, Moderate        , Mini-Neptune,               3.121,                    0.061,                     0.282,            14.997,                  1.655,                   2.569,           4602.6537,                   ,       0.1599,                     150.2,             408.2,           20.06,                    77.34,                         ,              0.347,                    0, No            , None                      , Medium            , B                 , 2018-08-24        , The atmospheric result has low certainty.
XPS-AACC  , Talos Sigma    , Talos Sigma-q    ,                   1, Primary    , Confirmed     ,           2000, Transit         , North Ridge Array    , Pacific Lens Group ,             13214.32, 13214.3 ly                , A        ,           2.220,             1.939,             8798.6, Quiet           , Desert World,               1.539,                    0.026,                     0.140,                  ,                  0.376,                        ,            309.1149,             1.1671,       0.4208,                     548.9,              52.9,            9.95,                    77.23, Hydrogen-rich           ,              0.018,                    1, No            , None                      , Low               , A                 , 2021-01-18        , The host star varies across the observation cycle.
XPS-AACD  , Orin Delta     , Orin Delta-r     ,                   1, Primary    , Disputed      ,           2024, Radial Velocity , Solis Observatory    , Pacific Lens Group ,               148.51, 45.5 pc                   , G        ,           1.051,             1.039,             5518.6, Active          , Rocky       ,               1.300,                    0.172,                     0.187,             3.104,                  0.270,                   0.069,            158.6059,             0.5830,       0.0252,                     372.9,             131.4,            4.74,                    78.52, No clear signal         ,                   ,                    0, Yes           , Possible ring system      , High              , B                 , 2012-02-19        , The orbit may be tilted relative to the star.
XPS-AACE  , Mira C         , Mira C-p         ,                   1, Primary    , Confirmed     ,           2024, Transit         , SkyScan Array        , North Ridge Team   ,                46.23, 46.2 ly                   , M        ,           0.187,             0.255,             3470.3, Moderate        , Mini-Neptune,               2.699,                    0.080,                     0.120,            21.052,                  5.452,                   0.904,           8773.8367,             4.7524,       0.0740,                      38.0,                  ,           31.60,                    73.41, No clear signal         ,              0.032,                    0, No            , None                      , Low               , B                 , 2018-07-24        , Two observing teams reported slightly different radii.
XPS-AACF  , Mira Minor     , Mira Minor-v     ,                   1, Primary    , Confirmed     ,           2013, Radial Velocity , Highland Spectrograph, Caeli Survey       ,               210.00, 210.0 ly                  , M        ,           0.555,             0.578,             3599.8, active          , Rocky       ,               0.430,                    0.069,                     0.025,             0.100,                       ,                        ,            527.9470,             1.0505,       0.0034,                     121.4,              46.4,           12.59,                    71.04, Water vapor candidate   ,              0.235,                    0, No            , Unexpected infrared excess, High              , C                 , 2012-05-12        , The host star varies across the observation cycle.
XPS-AACG  , Noma Major     , Noma Major-f     ,                   1, Follow-up  , Confirmed     ,           2021, Direct Imaging  , Summit Imager        , Caeli Survey       ,               831.23, 254.9 pc                  , K        ,           0.645,             0.662,             4960.7, Quiet           , Lava World  ,               1.560,                    0.197,                     0.063,                  ,                  0.165,                   0.717,                    ,             3.7317,             ,                    2399.8,             465.7,           10.20,                    80.58,                         ,              0.000,                    0, No            , None                      , Low               , B                 , 2023/06/17        , The orbit may be tilted relative to the star.
XPS-AACH  , Altara Sigma   , Altara Sigma-x   ,                   1, Primary    , Confirmed     ,           2004, Microlensing    , Southern Lens Grid   , Sky Atlas Team     ,              7312.52, 7312.5 ly                 , M        ,           0.230,             0.263,             3123.2, Highly active   , Mini-Neptune,               3.669,                    0.049,                     0.507,            22.024,                  3.117,                   1.928,           1259.5021,             1.3982,             ,                          ,                  ,           27.03,                    69.52, High-altitude haze      ,              0.089,                    0, NO            , None                      , Low               , D                 , 2019-12-14        , The distance entry uses a converted unit.
XPS-AACJ  , Auron Two      , Auron Two-n      ,                   2, Primary    , Confirmed     ,           2014, Transit Timing  , Multi-World Array    , Sky Atlas Team     ,               463.00, 142.0 pc                  , A        ,           1.669,             1.531,             8325.8, Highly active   , Rocky       ,               0.431,                    0.065,                     0.011,             0.108,                  0.047,                   0.078,            460.4311,             1.3840,       0.1128,                     371.7,               6.8,           16.81,                    72.40, Hydrogen-rich           ,              0.595,                    0, No            , Unusual dimming           , Medium            , A                 , 2016-05-26        , The system may contain another unseen world.
XPS-AACK  , Talos North    , Talos North-j    ,                   1, Primary    , Confirmed     ,           2008, Radial Velocity , Red Mesa Array       , Caeli Survey       ,              1283.11, 1283.1 ly                 , G        ,           0.899,                  ,             6018.4, Active          , Rocky       ,               1.494,                    0.212,                     0.072,                  ,                       ,                   0.822,             15.5107,             0.1175,       0.3855,                     870.0,             220.8,           19.45,                    78.62, No clear signal         ,              0.000,                    0, No            , None                      , Low               , C                 , 07/12/2016        , The orbit may be tilted relative to the star.
XPS-AACL  , Kepleris B     , Kepleris B-t     ,                   1, Primary    , Confirmed     ,           1995, Astrometry      , Gaia-Like Survey Lab , Caeli Survey       ,               245.48, 75.3 pc                   , A        ,           1.780,             1.566,             8973.8, Quiet           , Mini-Neptune,               3.358,                    0.329,                     0.410,            24.936,                  5.011,                   2.230,           1625.4195,             3.2789,       0.1873,                     305.8,                  ,           21.87,                    59.53, No clear signal         ,              0.870,                     , No            , Orbital drift             , High              , B                 , 2018-05-03        , Stellar noise complicates the mass estimate.
XPS-AACM  , Noma Prime     , Noma Prime-g     ,                   1, Primary    , Confirmed     ,           2015, Transit         , Orbital Lens Network , Caeli Survey       ,                 5.84, 1.8 pc                    , G        ,           1.111,             1.079,             5787.3, Active          , Ice Giant   ,               6.041,                    0.897,                     0.319,            95.000,                 17.415,                   6.870,              1.8077,             0.0301,       0.2816,                    1564.1,            2627.7,            5.37,                    64.79, Hydrogen-rich           ,              0.000,                    0, No            , None                      , Low               , C                 , 2022-03-20        , The record includes a later reanalysis.
XPS-AACN  , Rhea Minor     , Rhea Minor-w     ,                   1, Primary    , Confirmed     ,           2010, Transit         , SkyScan Array        , Caeli Survey       ,               100.04, 100.0 ly                  , M        ,           0.325,             0.362,             3303.6, Moderate        , Mini-Neptune,               4.377,                    0.292,                     0.140,            30.000,                  5.456,                   1.391,          15782.7002,             8.4690,       0.0972,                      31.0,           12287.0,           81.91,                    87.00,                         ,              0.031,                    0, No            , None                      , Low               , C                 , 2012-01-16        , The system may contain another unseen world.
XPS-AACP  , Tarin A        , Tarin A-t        ,                   1, Primary    , Confirmed     ,           2003, Microlensing    , Pacific Field Network, North Ridge Team   ,              1441.99, 1442.0 ly                 , M        ,           0.255,             0.326,             3551.1, Moderate        , Desert World,               1.172,                         ,                     0.060,             2.365,                  0.036,                        ,            831.8559,                   ,             ,                      87.7,            1085.8,           20.17,                    74.92, Methane candidate       ,              0.123,                    0, No            , None                      , Medium            , C                 , 08/02/2011        , Transit timing varies across observation windows.
XPS-AACQ  , Zora Sigma     , Zora Sigma-e     ,                   1, Follow-up  , Confirmed     ,           2023, Microlensing    , Andes Survey         , Solis Research Unit,                16.19, 16.2 ly                   , K        ,           0.739,             0.766,             4937.5, Quiet           , Gas Giant   ,               8.258,                    0.383,                     0.911,            96.084,                       ,                  14.887,           3903.9036,             4.3874,       0.1572,                     103.2,            9756.0,           11.97,                    78.28,                         ,              0.038,                    0, No            , Orbital drift             , Medium            , A                 , 2022-05-26        , Stellar noise complicates the mass estimate.
XPS-AACR  , Orin One       , Orin One-e       ,                   1, Follow-up  , Confirmed     ,           2024, Transit         , North Ridge Array    , Caeli Survey       ,               130.07, 130.1 ly                  , K        ,           0.690,             0.711,             4032.0, Active          , Ice Giant   ,               5.842,                    0.274,                     0.359,            95.000,                 20.209,                        ,             18.6643,             0.1216,       0.3253,                     433.8,            5654.0,           41.23,                    80.83, Hydrogen-rich           ,              0.037,                    0, Yes           , Possible ring system      , low               , B                 , 2012/08/18        , No unusual note was reported.
XPS-AACS  , Caeli Quarta   , Caeli Quarta-f   ,                   1, Primary    , Confirmed     ,           2016, Direct Imaging  , CELESTIAL MIRROR ONE , Sky Atlas Team     ,                70.49, 70.5 ly                   , M        ,           0.148,             0.238,             2954.8, Moderate        , Ice Giant   ,               4.359,                    0.292,                     0.361,            53.103,                 10.690,                   2.915,          69088.8307,            17.4394,             ,                      16.7,           28035.8,            7.56,                    74.55, Carbon dioxide candidate,              0.005,                    0, Yes           , VARIABLE TRANSIT DEPTH    , Medium            , B                 , 2020-04-20        , Follow-up data changed the estimated year length.
XPS-AACT  , Vela Tertia    , Vela Tertia-m    ,                   1, Primary    , Confirmed     ,           2025, Transit         , SkyScan Array        , Solis Research Unit,                10.69, 10.7 ly                   , G        ,           0.969,             0.976,             5908.6, Moderate        , Mini-Neptune,               2.533,                    0.151,                     0.277,            24.720,                       ,                   0.292,             21.0810,                   ,       0.0266,                     816.5,                  ,           24.88,                    67.25, High-altitude haze      ,                   ,                    0, No            , Possible moon signal      , Low               , C                 , 01/12/2021        , A faint secondary signal appears in some observations.
XPS-AACU  , Rhea South     , Rhea South-p     ,                   1, Follow-up  , Confirmed     ,           2016, Microlensing    , Pacific Field Network, Sky Atlas Team     ,              2615.31, 2615.3 ly                 , G        ,           0.975,             0.982,             5291.4, Active          , mini-neptune,               4.517,                    0.019,                     0.435,            30.000,                  5.089,                   6.229,          12607.9385,            10.5135,             ,                      78.5,            1776.2,           32.06,                    88.53, No clear signal         ,              0.093,                    0, No            , Unexpected infrared excess, Low               , B                 , 04/12/2015        , Several measurements are absent from the early record.
XPS-AACV  , Auron South    , Auron South-g    ,                   2, Primary    , CONFIRMED     ,           1998, Transit         , SkyScan Array        , Sky Atlas Team     ,              1246.25, 1246.2 ly                 , G        ,           1.081,             1.069,             5494.8, Active          , DESERT WORLD,               1.602,                    0.018,                     0.106,             3.345,                  0.515,                   0.519,              7.2645,             0.0754,             ,                     952.4,             187.9,           50.84,                    74.17, No clear signal         ,              0.000,                    1, No            , Orbital drift             , Low               , D                 , 2016-11-02        , Transit timing varies across observation windows.
XPS-AACW  , Zora Two       , Zora Two-m       ,                   1, Follow-up  , Confirmed     ,           2021, Microlensing    , Andes Survey         , Blue Orbit Group   ,              1621.76, 497.2 pc                  , G        ,           0.956,             0.963,             5838.2, Highly active   , Mini-Neptune,               3.113,                    0.460,                     0.397,            30.000,                  2.560,                   4.913,            387.1582,             1.0222,       0.0908,                     282.3,             876.0,           10.82,                    64.38, No clear signal         ,              1.000,                    0, No            , None                      , Urgent            , B                 , 2023-12-04        , Stellar noise complicates the mass estimate.
XPS-AACX  , Luma Minor     , Luma Minor-b     ,                   2, Primary    , Confirmed     ,           2011, Direct Imaging  , Summit Imager        , Sky Atlas Team     ,                59.60, 59.6 ly                   , K        ,           0.767,             0.802,             3907.5, MODERATE        , Ice Giant   ,               6.189,                    0.503,                     0.043,            89.743,                  7.118,                  16.008,          41472.5806,            21.4930,       0.5248,                      37.8,                  ,           18.65,                    76.13,                         ,              0.008,                    1, No            , None                      , Low               , A                 , 2019-09-19        , The system may contain another unseen world.
XPS-AACY  , Talos Two      , Talos Two-k      ,                   1, Follow-up  , CONFIRMED     ,           2011, Radial Velocity , Highland Spectrograph, Aurora Lab         ,               114.09, 35.0 pc                   , M        ,           0.208,             0.309,             2849.7, Active          , Ocean World ,               2.065,                    0.136,                     0.082,             7.636,                  1.456,                   0.903,            189.4175,             0.3823,       0.1839,                     235.0,                  ,           14.30,                    66.41, Water vapor candidate   ,              0.967,                    0, No            , None                      , Urgent            , B                 , 2025-08-20        , The orbit may be tilted relative to the star.
XPS-AACZ  , Rhea Delta     , Rhea Delta-t     ,                   1, Follow-up  , Provisional   ,           1996, Radial Velocity , Highland Spectrograph, North Ridge Team   ,                83.13, 83.1 ly                   , G        ,           0.992,             0.994,             5771.1, Quiet           , Mini-Neptune,               4.012,                    0.174,                     0.098,            30.000,                       ,                   2.455,             45.4121,             0.2485,       0.2083,                     549.2,            1365.4,            8.02,                    60.58, No clear signal         ,              0.020,                    0, No            , None                      , Low               , B                 , 02/17/2015        , The orbit may be tilted relative to the star.
XPS-AADA  , Auron South    , Auron South-c    ,                   1, Follow-up  , Confirmed     ,           2018, Radial Velocity , Solis Observatory    , North Ridge Team   ,                11.53, 3.5 pc                    , F        ,           1.227,                  ,             6926.4, Moderate        , Gas Giant   ,              14.274,                    2.214,                     1.270,          1074.127,                       ,                 111.444,            450.2699,             1.2306,       0.0012,                          ,           11935.6,            7.40,                    62.64, Hydrogen-rich           ,              0.134,                    0, No            , None                      , Low               , C                 , 2020/02/22        , The orbit may be tilted relative to the star.
XPS-AADB  , Selene Delta   , Selene Delta-j   ,                   1, Primary    , Confirmed     ,           2015, Direct Imaging  , Summit Imager        , Aurora Lab         ,              1845.26, 565.8 pc                  , G        ,           0.930,             0.942,             5570.1, Moderate        , Rocky       ,               1.358,                    0.140,                     0.173,             2.069,                  0.279,                   0.395,         145418.3804,            52.8176,       0.1347,                      36.9,             174.2,            7.12,                    67.25, No clear signal         ,              0.038,                    0, No            , None                      , Low               , ?                 , 2012-02-12        , Follow-up data changed the estimated year length.
XPS-AADC  , Vela B         , Vela B-d         ,                   1, Primary    , Confirmed     ,           2015, Astrometry      , Gaia-Like Survey Lab , Pacific Lens Group ,                46.61, 46.6 ly                   , M        ,           0.316,             0.421,             2502.2, Moderate        , Rocky       ,               0.659,                    0.081,                     0.096,             0.356,                       ,                   0.036,           3763.0919,             3.2236,       0.2317,                      48.5,             205.1,            3.63,                    63.82, Carbon dioxide candidate,              0.062,                    0, Yes           , Possible ring system      , Low               , C                 , 2025-03-10        , The host star varies across the observation cycle.
XPS-AADD  , Neris C        , Neris C-u        ,                   1, Primary    , Confirmed     ,           1996, Transit         , North Ridge Array    , Caeli Survey       ,                85.18, 85.2 ly                   , M        ,           0.351,             0.423,             2789.8, Active          , Mini-Neptune,               3.187,                    0.439,                     0.174,            30.000,                  3.674,                   6.245,           4822.5479,             3.9423,       0.1336,                      43.1,            4773.0,           14.64,                    78.43, Hydrogen-rich           ,              0.038,                    0, NO            , None                      , Low               , A                 , 2011-06-03        , The distance entry uses a converted unit.
XPS-AADE  , Cyra C         , Cyra C-n         ,                   1, Follow-up  , Confirmed     ,           2011, Radial Velocity , Solis Observatory    , Caeli Survey       ,                98.59, 30.2 pc                   , K        ,           0.588,             0.651,             4074.6, Moderate        , Rocky       ,               1.170,                    0.128,                     0.049,             1.570,                  0.057,                   0.089,             32.6459,             0.1675,       0.1213,                     407.7,             270.9,           28.42,                    65.02, Hydrogen-rich           ,              0.369,                    0, No            , None                      , Medium            , A                 , 2021-09-07        , Follow-up data changed the estimated year length.
XPS-AADF  , Novae Major    , Novae Major-w    ,                   1, Reanalysis , Confirmed     ,           2006, Transit         , Aurora Survey        , Solis Research Unit,               383.67, 383.7 ly                  , G        ,           1.001,             1.001,                   , Active          , Rocky       ,               0.967,                    0.057,                     0.063,             1.240,                       ,                   0.256,             34.2140,             0.2063,       0.2163,                     550.3,              78.3,           13.83,                    69.00, Water vapor candidate   ,              0.013,                    0, No            , None                      , Medium            , C                 , 2022/04/17        , Several measurements are absent from the early record.
XPS-AADG  , Solis A        , Solis A-w        ,                   1, Reanalysis , Confirmed     ,           1999, transit         , Aurora Survey        , Meridian Study     ,               183.85, 183.8 ly                  , K        ,           0.807,             0.847,                   , quiet           , Rocky       ,               1.363,                    0.211,                     0.146,             1.476,                  0.084,                   0.050,             29.1679,             0.1727,       0.1161,                          ,             217.1,          114.27,                    85.58, No clear signal         ,              0.031,                     , No            , None                      , Low               , C                 , 2023-09-11        , The orbit may be tilted relative to the star.
XPS-AADH  , Selene Tertia  , Selene Tertia-w  ,                   1, Primary    , Confirmed     ,           2017, Transit         , North Ridge Array    , Pacific Lens Group ,             11994.88, 11994.9 ly                , F        ,           1.359,             1.338,             6999.2, Moderate        , Rocky       ,               1.399,                    0.176,                     0.147,             2.165,                  0.395,                        ,            205.6008,             0.7552,       0.1432,                     451.1,              91.7,           17.30,                    78.31, Methane candidate       ,              0.153,                    0, No            , Variable transit depth    , High              , B                 , 2021-04-23        , The record includes a later reanalysis.
XPS-AADJ  , Tarin Tertia   , Tarin Tertia-r   ,                   1, Primary    , Confirmed     ,           2005, Transit         , Aurora Survey        , Sky Atlas Team     ,              3292.15, 3292.1 ly                 , K        ,           0.658,             0.721,             4817.7, Moderate        , Mini-Neptune,               4.508,                    0.066,                     0.263,            30.000,                  8.328,                        ,             51.2371,             0.2348,       0.3494,                     419.8,            3275.6,           10.09,                    69.00, Hydrogen-rich           ,              0.296,                    0, No            , None                      , low               , B                 , 2019-07-26        , The atmospheric result has low certainty.
XPS-AADK  , Auron South    , Auron South-h    ,                   2, Primary    , Provisional   ,           2025, Microlensing    , Andes Survey         , Caeli Survey       ,              3230.77, 3230.8 ly                 , M        ,           0.297,             0.369,             3829.9, Moderate        , Rocky       ,               0.987,                    0.050,                     0.125,             1.269,                       ,                   0.275,          14232.1474,             7.6674,       0.0762,                      45.2,             599.4,           32.62,                    82.90, Sodium signature        ,              0.047,                    0, No            , None                      , Low               , B                 , 2022-02-18        , The distance entry uses a converted unit.
XPS-AADL  , Neris B        , Neris B-n        ,                   1, Primary    , Provisional   ,           2014, Transit         , Orbital Lens Network , Aurora Lab         ,               166.27, 51.0 pc                   , K        ,           0.669,             0.706,             4354.0, Active          , Rocky       ,               1.507,                    0.060,                     0.035,             2.027,                  0.132,                   0.332,                    ,             1.0766,       0.1413,                     170.5,             382.3,           41.94,                    80.78, No clear signal         ,              0.469,                    0, No            , None                      , Medium            , B                 , 2018-02-09        , Stellar noise complicates the mass estimate.
XPS-AADM  , Mira Two       , Mira Two-e       ,                   1, Primary    , Provisional   ,           1996, Microlensing    , Southern Lens Grid   , Solis Research Unit,                42.27, 42.3 ly                   , G        ,           0.938,             0.948,             5271.2, Active          , Rocky       ,               1.463,                    0.103,                     0.195,             2.053,                  0.131,                        ,           6739.5477,             6.8364,       0.3748,                      88.5,             199.6,            8.14,                    60.81, Carbon dioxide candidate,              0.126,                    0, No            , Orbital drift             , Low               , C                 , 2016-03-28        , No unusual note was reported.
XPS-AADN  , Auron B        , Auron B-f        ,                   1, Primary    , Provisional   ,           2015, Transit         , SkyScan Array        , Pacific Lens Group ,                21.30, 21.3 ly                   , G        ,           0.921,             0.930,             5648.7, Moderate        , Rocky       ,               0.961,                    0.155,                     0.073,             1.120,                  0.095,                   0.203,            890.9113,             1.7632,       0.3197,                          ,              89.6,           16.16,                    82.78, Cloud-dominated         ,              0.693,                    0, No            , None                      , High              , B                 , 2022-08-07        , A faint secondary signal appears in some observations.
XPS-AADP  , Altara Sigma   , Altara Sigma-x   ,                   2, Primary    , Confirmed     ,           2017, Direct Imaging  , Polar Optics Array   , Blue Orbit Group   ,               351.79, 107.9 pc                  , M        ,           0.528,             0.552,             2736.6, Quiet           , Ocean World ,               1.225,                    0.013,                     0.017,             2.131,                       ,                   0.189,           5229.2576,             4.7690,             ,                     236.1,                  ,           39.08,                    74.39,                         ,              0.990,                    0, No            , None                      , High              , C                 , 06/21/2013        , Several measurements are absent from the early record.
XPS-AADQ  , Rhea South     , Rhea South-v     ,                   1, FOLLOW-UP  , Confirmed     ,           1995, Radial Velocity , Solis Observatory    , Meridian Study     ,               911.96, 912.0 ly                  , M        ,           0.192,                  ,             3254.0, Active          , Rocky       ,               1.238,                    0.162,                     0.157,             2.079,                       ,                   0.185,             15.1155,             0.0690,       0.4007,                     357.7,            1419.7,           82.95,                    82.31, Hydrogen-rich           ,              0.748,                    0, No            , Unusual dimming           , High              , C                 , 2020-04-25        , No unusual note was reported.
XPS-AADR  , Solis Minor    , Solis Minor-y    ,                   1, Follow-up  , Confirmed     ,           2004, Transit         , SkyScan Array        , Blue Orbit Group   ,               120.35, 120.4 ly                  , M        ,           0.120,             0.210,             3824.1, Active          , Ice Giant   ,               3.750,                    0.287,                     0.282,            53.000,                  8.288,                        ,            252.8255,             0.3870,       0.0957,                     152.2,           26641.4,            6.64,                    67.96,                         ,              0.082,                    1, No            , none                      , Low               , C                 , 2011-05-12        , The orbit may be tilted relative to the star.
XPS-AADS  , Novae B        , Novae B-m        ,                   1, Primary    , Confirmed     ,           2009, Transit Timing  , Clockwork Survey     , Solis Research Unit,               474.43, 474.4 ly                  , M        ,           0.467,             0.545,             3042.4, Active          , rocky       ,               1.141,                    0.080,                     0.136,             2.102,                  0.064,                   0.170,             44.0265,             0.1894,       0.1627,                     273.9,             367.4,            9.57,                    76.32, Water vapor candidate   ,              1.000,                    0, No            , None                      , Urgent            , C                 , 2011-02-28        , A faint secondary signal appears in some observations.
XPS-AADT  , Orin Major     , Orin Major-p     ,                   1, Follow-up  , Confirmed     ,           1996, Transit         , North Ridge Array    , Pacific Lens Group ,              1464.29, 1464.3 ly                 , K        ,           0.818,             0.839,             4478.1, Active          , Gas Giant   ,               8.890,                    1.243,                     0.964,           703.667,                  8.546,                  33.692,             10.9364,             0.0902,             ,                     618.6,            9423.0,            3.87,                    73.34, Hydrogen-rich           ,              0.000,                    4, No            , Orbital drift             , Medium            , D                 , 2019-03-06        , No unusual note was reported.
XPS-AADU  , Orin Prime     , Orin Prime-x     ,                   1, Follow-up  , Provisional   ,           1997, Radial Velocity , Solis Observatory    , Meridian Study     ,               383.67, 117.6 pc                  , M        ,           0.304,             0.423,             3712.2, Moderate        , Super-Earth ,               1.556,                    0.083,                     0.077,             2.944,                  0.690,                   0.504,           8794.3288,             5.6071,       0.1901,                      50.6,                  ,           10.37,                    79.04, No clear signal         ,              0.042,                    0, No            , Possible moon signal      , Medium            , B                 , 2014-03-24        , Follow-up data changed the estimated year length.
XPS-AADV  , Novae North    , Novae North-n    ,                   2, Primary    , Confirmed     ,           2019, Microlensing    , Southern Lens Grid   , Pacific Lens Group ,                22.42, 6.9 pc                    , G        ,           0.883,             0.894,             5526.1, Moderate        , Super-Earth ,               1.848,                    0.308,                     0.278,             5.804,                  0.369,                   0.897,            317.6520,             0.8745,       0.0309,                          ,             360.1,            9.08,                    69.00, Hydrogen-rich           ,              1.000,                    0, No            , Orbital drift             , Urgent            , C                 , 12/21/2015        , Stellar noise complicates the mass estimate.
XPS-AADW  , Altara South   , Altara South-d   ,                   1, Follow-up  , Provisional   ,           2024, Transit         , Orbital Lens Network , Sky Atlas Team     ,              3647.95, 3647.9 ly                 , G        ,           0.921,             0.941,             5591.4, Moderate        , Ice Giant   ,               3.385,                    0.166,                     0.188,            32.693,                  4.769,                   1.850,              3.8834,             0.0471,       0.1272,                    1246.2,            1085.2,           18.04,                    81.64, Sodium signature        ,              0.000,                    0, Yes           , Unusual dimming           , Low               , A                 , 2020-01-29        , The host star varies across the observation cycle.
XPS-AADX  , Talos Prime    , Talos Prime-r    ,                   1, Primary    , Confirmed     ,           2025, Transit         , SkyScan Array        , Sky Atlas Team     ,                 6.78, 6.8 ly                    , M        ,           0.478,             0.541,             3346.0, Active          , Ocean World ,               0.870,                    0.146,                          ,             0.614,                  0.147,                   0.077,            145.6203,             0.4234,       0.1807,                     235.0,             216.1,           10.63,                    74.66,                         ,              0.712,                    0, No            , Variable transit depth    , High              , B                 , 2018-06-30        , Follow-up data changed the estimated year length.
XPS-AADY  , Orin One       , Orin One-z       ,                   1, Primary    , Confirmed     ,           2003, Transit Timing  , Long View Network    , Meridian Study     ,             12161.79, 3728.8 pc                 , F        ,           1.396,             1.331,             7004.0, Quiet           , Rocky       ,               0.894,                    0.110,                     0.110,             0.454,                  0.027,                   0.095,              7.0957,             0.0808,       0.1061,                    1364.2,              37.8,            8.78,                    79.66, Hydrogen-rich           ,              0.000,                    0, Yes           , Possible ring system      , Low               , B                 , 2021-09-19        , Stellar noise complicates the mass estimate.
XPS-AADZ  , Altara Major   , Altara Major-q   ,                   1, Primary    , Confirmed     ,           2006, Transit         , SkyScan Array        , Aurora Lab         ,                18.60, 5.7 pc                    , M        ,           0.525,             0.567,             3023.4, Active          , Rocky       ,               1.046,                    0.069,                     0.034,             1.479,                  0.034,                   0.109,              3.0977,             0.0336,       0.1153,                     612.2,             285.8,           13.41,                    62.45, High-altitude haze      ,              0.002,                    0, No            , None                      , Low               , A                 , 2019/02/03        , The record includes a later reanalysis.
XPS-AAEA  , Rhea Delta     , Rhea Delta-t     ,                   2, Primary    , Confirmed     ,           2015, Transit         , Aurora Survey        , Pacific Lens Group ,               196.12, 196.1 ly                  , K        ,           0.769,             0.791,             4710.2, Moderate        , Gas Giant   ,              14.173,                    0.179,                     1.778,           573.310,                       ,                 118.308,           1976.7671,             2.8261,             ,                     133.6,           27811.7,            2.41,                    73.72, Hydrogen-rich           ,              0.044,                    0, No            , None                      , Low               , B                 , 2011-06-26        , Follow-up data changed the estimated year length.
XPS-AAEB  , Altara Quarta  , Altara Quarta-z  ,                   1, Follow-up  , Confirmed     ,           2002, Transit         , Aurora Survey        , Sky Atlas Team     ,                     , 2.9 pc                    , K        ,           0.785,             0.838,             4907.0, Highly active   , Mini-Neptune,               2.845,                    0.099,                     0.294,                  ,                  2.193,                        ,           1872.1340,             2.7323,       0.2476,                     134.9,                  ,            4.55,                    70.13, No clear signal         ,              0.336,                    0, No            , None                      , Low               , D                 , 2019-06-15        , Two observing teams reported slightly different radii.
XPS-AAEC  , Tarin Sigma    , Tarin Sigma-f    ,                   1, Primary    , Provisional   ,           1998, Astrometry      , Vector Star Mapper   , Caeli Survey       ,             11880.13, 11880.1 ly                , k        ,           0.690,             0.700,             4664.9, Moderate        , Lava World  ,               1.966,                    0.220,                     0.288,             6.414,                  0.156,                   0.529,            138.6317,             0.4614,       0.0151,                    1401.0,                  ,           12.33,                    79.07, Hydrogen-rich           ,              0.000,                    0, No            , None                      , Low               , C                 , 11/06/2017        , A faint secondary signal appears in some observations.
XPS-AAED  , Pavo South     , Pavo South-v     ,                   1, Primary    , Confirmed     ,           2005, Radial Velocity , Red Mesa Array       , Sky Atlas Team     ,               589.45, 589.5 ly                  , M        ,           0.373,             0.467,             3854.1, Highly active   , Rocky       ,               0.561,                    0.097,                     0.078,             0.320,                  0.079,                        ,             59.7288,             0.2152,             ,                     243.4,             121.1,            3.02,                    65.75, Water vapor candidate   ,              0.720,                    0, No            , None                      , High              , B                 , 2012-02-07        , The orbit may be tilted relative to the star.
XPS-AAEE  , Zora Minor     , Zora Minor-m     ,                   1, Primary    , Confirmed     ,           2000, Astrometry      , gaia-like survey lab , Solis Research Unit,               163.06, 163.1 ly                  , G        ,           1.074,             1.053,             6059.6, Quiet           , Gas Giant   ,              15.303,                    1.963,                     1.324,          1057.370,                178.604,                 141.856,              8.6910,             0.0847,       0.3434,                    1099.3,           17717.8,            2.65,                    78.39, Methane candidate       ,              0.000,                    0, No            , Possible moon signal      , medium            , ?                 , 2023-09-12        , A faint secondary signal appears in some observations.
XPS-AAEF  , Kepleris B     , Kepleris B-b     ,                   1, Follow-up  , Provisional   ,           2024, Transit         , Aurora Survey        , Solis Research Unit,                96.89, 96.9 ly                   , G        ,           1.022,             1.018,                   , Active          , Rocky       ,               1.316,                    0.069,                     0.033,             1.099,                  0.163,                   0.183,           2761.2532,             3.8798,       0.1920,                     141.4,             140.2,           36.63,                    65.36, Water vapor candidate   ,              0.308,                    0, Yes           , Possible ring system      , High              , A                 , 2025-04-17        , Two observing teams reported slightly different radii.
XPS-AAEG  , Novae B        , Novae B-c        ,                   1, Primary    , Provisional   ,           2009, Transit Timing  , Multi-World Array    , Solis Research Unit,                13.20,                           , M        ,           0.154,             0.181,             3063.0, MODERATE        , Ice Giant   ,               5.584,                    0.709,                     0.371,            95.000,                       ,                  19.566,             82.2096,             0.1984,       0.0780,                     129.2,           79570.7,           11.78,                    76.87, High-altitude haze      ,              0.042,                    0, Yes           , None                      , Low               , B                 , 2015/03/16        , Cloud cover may hide key atmospheric signals.
XPS-AAEH  , Arden Prime    , Arden Prime-t    ,                   1, Primary    , Disputed      ,           2023, Transit         , Orbital Lens Network , North Ridge Team   ,                18.95, 18.9 ly                   , K        ,           0.767,             0.817,             4533.3, Moderate        , super-earth ,               1.717,                    0.196,                     0.073,                  ,                  0.260,                   0.345,                    ,             0.6627,       0.3413,                     247.3,             370.0,            5.37,                    73.48, No clear signal         ,              0.971,                    0, No            , None                      , High              , B                 , 2022-09-10        , The orbit may be tilted relative to the star.
XPS-AAEJ  , Caeli C        , Caeli C-k        ,                   1, Primary    , confirmed     ,           2017, Astrometry      , Gaia-Like Survey Lab , Pacific Lens Group ,                 6.48, 6.5 ly                    , A        ,           1.673,             1.456,             7675.2, Quiet           , Rocky       ,               1.052,                         ,                     0.132,             0.782,                  0.022,                   0.105,             12.6900,             0.1264,       0.5214,                          ,              43.8,           60.27,                    87.00, Sodium signature        ,              0.000,                    0, No            , unexpected infrared excess, Low               , B                 , 2022-12-11        , The system may contain another unseen world.
XPS-AAEK  , Auron Quarta   , Auron Quarta-c   ,                   1, Reanalysis , Confirmed     ,           2024, Astrometry      , Gaia-Like Survey Lab , Meridian Study     ,              2540.60, 2540.6 ly                 , M        ,           0.371,             0.487,             3210.5, Moderate        , Lava World  ,               1.973,                    0.072,                     0.236,             5.974,                       ,                   1.099,              3.5382,             0.0326,       0.2183,                    1829.2,                  ,           23.82,                    71.04,                         ,              0.000,                    0, No            , None                      , Low               , A                 , 2021-02-10        , Several measurements are absent from the early record.
XPS-AAEL  , Eris Quarta    , Eris Quarta-q    ,                   1, Primary    , Disputed      ,           2020, Transit         , Aurora Survey        , Meridian Study     ,              1673.95, 513.2 pc                  , M        ,           0.485,             0.574,             3518.5, MODERATE        , Mini-Neptune,               3.290,                    0.159,                     0.139,            30.000,                  2.954,                   2.500,            655.9887,             1.1605,       0.0651,                     112.2,            2753.7,           20.39,                    66.06, High-altitude haze      ,              0.221,                    0, No            , Unusual dimming           , Medium            , D                 , 2011-09-07        , No unusual note was reported.
XPS-AAEM  , Mira Tertia    , Mira Tertia-c    ,                   1, Primary    , CONFIRMED     ,           2018, Transit         , North Ridge Array    , Pacific Lens Group ,              1574.92, 1574.9 ly                 , M        ,           0.294,             0.319,             3734.6, Active          , Super-Earth ,               2.282,                    0.104,                     0.098,                  ,                  2.833,                   0.944,           1649.3640,             1.8166,       0.0291,                      67.9,            4282.9,            8.88,                    54.02, Carbon dioxide candidate,              0.093,                    0, No            , None                      , Low               , B                 , 2020-10-06        , Cloud cover may hide key atmospheric signals.
XPS-AAEN  , Solis B        , Solis B-s        ,                   1, Primary    , Confirmed     ,           2025, Transit         , SkyScan Array        , Pacific Lens Group ,             10990.71, 10990.7 ly                , M        ,           0.166,             0.261,             2620.2, Active          , Super-Earth ,               2.020,                    0.115,                     0.292,             6.870,                       ,                   1.547,          11469.1472,             5.4662,       0.1593,                      28.6,            5036.6,           19.25,                    83.97, Hydrogen-rich           ,              0.037,                    0, No            , Unusual dimming           , Medium            , B                 , 2016-10-31        , The distance entry uses a converted unit.
XPS-AAEP  , Eris Minor     , Eris Minor-d     ,                   1, Reanalysis , Confirmed     ,           2020, Radial Velocity , highland spectrograph, Meridian Study     ,                     , 3591.3 ly                 , m        ,           0.434,             0.495,             2963.6, Active          , Super-Earth ,               1.601,                    0.227,                     0.183,             2.736,                  0.542,                        ,              7.4813,             0.0567,       0.3926,                     439.8,             877.3,            1.84,                    64.62,                         ,              0.232,                    0, No            , None                      , Medium            , C                 , 2019-10-06        , The record includes a later reanalysis.
XPS-AAEQ  , Orin Delta     , Orin Delta-x     ,                   1, Follow-up  , Confirmed     ,           2002, Microlensing    , ANDES SURVEY         , Blue Orbit Group   ,              7471.16, 7471.2 ly                 , k        ,           0.607,             0.634,             4762.3, Moderate        , Super-Earth ,               2.254,                    0.084,                     0.167,            10.932,                  2.369,                   1.380,           1053.7983,             1.7160,       0.0142,                     140.9,            1060.3,           18.78,                    63.37, No clear signal         ,              0.384,                    0, No            , None                      , Low               , A                 , 2017-05-19        , Follow-up data changed the estimated year length.
XPS-AAER  , Noma Prime     , Noma Prime-g     ,                   2, Primary    , Confirmed     ,           2011, Transit         , SkyScan Array        , Blue Orbit Group   ,                87.00, 26.7 pc                   , M        ,           0.160,             0.240,             3205.4, moderate        , Ocean World ,               1.996,                    0.227,                     0.162,                  ,                  0.052,                   0.343,           9524.2998,             4.7775,       0.1098,                     231.8,            6099.8,           26.12,                    74.74,                         ,              0.705,                    1, No            , None                      , Medium            , B                 , 2016-09-24        , Two observing teams reported slightly different radii.
XPS-AAES  , Selene Quarta  , Selene Quarta-p  ,                   1, Primary    , Confirmed     ,           2017, Transit         , SkyScan Array        , Meridian Study     ,                56.78, 56.8 ly                   , F        ,           1.305,             1.223,             6209.7, Quiet           , Gas Giant   ,              16.376,                    0.300,                     1.045,           997.052,                153.579,                 172.198,             18.8700,             0.1516,       0.0730,                     808.0,           15045.9,            9.65,                    67.40, Hydrogen-rich           ,              0.000,                    0, No            , None                      , Low               , A                 , 2012-09-08        , The atmospheric result has low certainty.
XPS-AAET  , Talos Quarta   , Talos Quarta-g   ,                   1, Reanalysis , Confirmed     ,           2025, Transit         , Orbital Lens Network , Solis Research Unit,                 5.28, 5.3 ly                    , M        ,           0.554,             0.576,             3728.3, Active          , Ice Giant   ,               3.164,                    0.299,                     0.240,                  ,                       ,                   2.250,             76.6900,             0.2901,       0.0604,                     236.0,            2534.9,            7.85,                    64.22, No clear signal         ,              0.180,                    0, No            , Unexpected infrared excess, Medium            , B                 , 2023-06-24        , Follow-up data changed the estimated year length.
XPS-AAEU  , Vela Major     , Vela Major-q     ,                   1, Primary    , Confirmed     ,           2010, Transit Timing  , Multi-World Array    , Caeli Survey       ,               379.11, 379.1 ly                  , M        ,           0.355,             0.451,                   , Active          , Mini-Neptune,                    ,                    0.032,                     0.255,             5.000,                  0.929,                        ,              7.6202,             0.0537,       0.1039,                     335.9,            2230.5,           18.69,                    70.79, Hydrogen-rich           ,              0.693,                    0, No            , None                      , Medium            , B                 , 2017-04-22        , The record includes a later reanalysis.
XPS-AAEV  , Zora Two       , Zora Two-q       ,                   1, primary    , Archived      ,           2023, Radial Velocity , Solis Observatory    , Solis Research Unit,                42.34, 42.3 ly                   , M        ,           0.200,             0.279,             3111.7, Quiet           , Ice Giant   ,               6.793,                    0.570,                          ,            34.636,                  9.666,                   7.538,           8110.8700,             4.6213,       0.0657,                          ,           49578.0,           11.18,                    65.62, Methane candidate       ,              0.007,                    4, No            , none                      , Medium            , B                 , 2014-07-09        , Follow-up data changed the estimated year length.
XPS-AAEW  , Luma South     , Luma South-k     ,                   1, Primary    , Confirmed     ,           1996, Transit         , North Ridge Array    , Sky Atlas Team     ,              9937.70, 9937.7 ly                 , M        ,           0.532,             0.633,             3148.2, Moderate        , Gas Giant   ,              11.161,                    0.746,                     0.273,          1362.152,                 35.504,                  74.989,             36.8987,             0.1758,       0.2719,                     307.7,           26073.0,           28.58,                    69.80, Hydrogen-rich           ,              0.171,                    5, No            , None                      , Low               , B                 , 2019-03-06        , Several measurements are absent from the early record.
XPS-AAEX  , Selene Delta   , Selene Delta-j   ,                   2, Primary    , Confirmed     ,           2010, Transit         , Orbital Lens Network , Pacific Lens Group ,              3306.13, 3306.1 ly                 , G        ,           1.093,             1.077,             6077.3, Moderate        , Gas Giant   ,              17.163,                    1.728,                     1.554,          1743.728,                 55.187,                 243.430,            759.3656,             1.6778,       0.2579,                     215.0,           19969.5,            4.33,                    71.07,                         ,              0.133,                    3, No            , None                      , Low               , C                 , 2024/12/26        , No unusual note was reported.
XPS-AAEY  , Vela Major     , Vela Major-u     ,                   1, primary    , Confirmed     ,           2006, Microlensing    , Southern Lens Grid   , Solis Research Unit,              2814.75, 870.0 pc                  , F        ,           1.452,             1.341,             7179.7, Moderate        , Super-Earth ,               1.707,                    0.232,                     0.024,             3.654,                  0.020,                   0.816,            225.3879,             0.8184,       0.1283,                     464.4,             135.9,            3.77,                    69.00, Hydrogen-rich           ,              0.115,                    0, No            , Variable transit depth    , Medium            , C                 , 2011-10-24        , The atmospheric result has low certainty.
XPS-AAEZ  , Novae Sigma    , Novae Sigma-c    ,                   1, Primary    , Provisional   ,           2017, Radial Velocity , Red Mesa Array       , Blue Orbit Group   ,                14.62, 14.6 ly                   , F        ,           1.469,             1.378,             6142.8, Quiet           , Super-Earth ,               2.018,                    0.035,                     0.011,                  ,                  0.661,                   1.821,           2751.7953,             4.3677,       0.1724,                     151.5,             179.9,           21.38,                    73.32, Cloud-dominated         ,              0.360,                    0, No            , None                      , Low               , C                 , 2019-04-18        , The host star varies across the observation cycle.
XPS-AAFA  , Altara Major   , Altara Major-w   ,                   1, Follow-up  , Provisional   ,           2021, Radial Velocity , Red Mesa Array       , Pacific Lens Group ,               200.21,                           , K        ,           0.629,             0.648,             4477.1, Moderate        , Super-Earth ,               2.179,                         ,                     0.108,             5.955,                  0.664,                   0.691,            601.7636,             1.1951,             ,                     176.2,             949.6,            3.62,                    73.41, No clear signal         ,              0.626,                    0, No            , None                      , Medium            , C                 , 2019-12-09        , Transit timing varies across observation windows.
XPS-AAFB  , Altara Quarta  , Altara Quarta-t  ,                   1, Primary    , Confirmed     ,           2005, Direct Imaging  , Celestial Mirror One , Aurora Lab         ,               362.93, 111.3 pc                  , A        ,           1.775,             1.519,             9438.9, Moderate        , Super-Earth ,               2.346,                    0.135,                     0.147,            15.000,                  3.847,                   3.202,           5311.3690,             7.2141,       0.2797,                     189.4,             200.0,           27.20,                    72.16, Cloud-dominated         ,                   ,                    0, No            , None                      , Medium            , A                 , 2023-12-24        , The distance entry uses a converted unit.
XPS-AAFC  , Mira B         , Mira B-m         ,                   1, Primary    , Confirmed     ,           2003, Transit         , North Ridge Array    , Sky Atlas Team     ,               104.75, 32.1 pc                   , f        ,           1.165,             1.136,             6233.9, Active          , Rocky       ,               1.160,                    0.137,                     0.106,             1.252,                       ,                        ,              4.3356,             0.0547,       0.2114,                          ,              87.6,           58.50,                    80.38, Hydrogen-rich           ,              0.000,                    0, No            , Unusual dimming           , Medium            , B                 , 2025-02-09        , No unusual note was reported.
XPS-AAFD  , Novae Sigma    , Novae Sigma-y    ,                   1, Primary    , Provisional   ,           2024, Transit         , Orbital Lens Network , Sky Atlas Team     ,               101.00, 31.0 pc                   , G        ,           1.113,             1.088,             5587.7, Moderate        , Mini-Neptune,               3.209,                    0.014,                     0.228,            30.000,                  2.305,                   0.902,              1.6714,                   ,       0.0621,                    1669.8,             729.2,            6.21,                    59.07, Carbon dioxide candidate,              0.000,                    0, No            , None                      , Low               , A                 , 2025-03-10        , Several measurements are absent from the early record.
XPS-AAFE  , Noma Major     , Noma Major-f     ,                   2, Primary    , Confirmed     ,           2013, Transit         , Aurora Survey        , Caeli Survey       ,                17.29, 5.3 pc                    , G        ,           0.900,             0.922,             5479.1, Moderate        , Mini-Neptune,               2.437,                    0.291,                     0.263,                  ,                  1.252,                        ,             33.7878,             0.1973,       0.1221,                     502.8,             551.3,           12.97,                    72.98, No clear signal         ,              0.039,                    0, No            , Possible moon signal      , Low               , B                 , 2018-12-20        , The orbit may be tilted relative to the star.
XPS-AAFF  , Orin Prime     , Orin Prime-q     ,                   1, Primary    , Confirmed     ,           2008, Radial Velocity , Highland Spectrograph, Blue Orbit Group   ,               547.87, 169.0 pc                  , K        ,           0.623,             0.702,             4690.0, Quiet           , Rocky       ,               0.693,                    0.040,                          ,             0.459,                  0.119,                   0.062,              2.7441,             0.0327,       0.1200,                          ,              81.6,           17.96,                    72.44, Sodium signature        ,              0.000,                    0, No            , None                      , Low               , B                 , 2016-09-20        , The distance entry uses a converted unit.
XPS-AAFG  , Luma Delta     , Luma Delta-c     ,                   1, Follow-up  , Disputed      ,           2017, Radial Velocity , Red Mesa Array       , Meridian Study     ,               727.91, 727.9 ly                  , M        ,           0.137,             0.175,             3342.1, Moderate        , Rocky       ,               0.551,                    0.024,                     0.074,             0.183,                  0.045,                        ,           2697.9691,             1.9482,       0.0247,                      47.9,                  ,            3.22,                    82.53, High-altitude haze      ,              0.051,                    0, No            , None                      , Low               , A                 , 2024-06-01        , No unusual note was reported.
XPS-AAFH  , Auron North    , Auron North-h    ,                   1, Primary    , Confirmed     ,           2001, Microlensing    , Southern Lens Grid   , Solis Research Unit,               705.95, 216.4 pc                  , G        ,           1.114,             1.102,             5551.7, Active          , Gas Giant   ,               8.287,                    1.488,                     0.410,           277.936,                 26.380,                  59.574,           8126.1257,             8.2005,       0.0321,                          ,                  ,            2.93,                    64.52,                         ,              0.035,                    0, No            , None                      , Low               , C                 , 2014-07-25        , Stellar noise complicates the mass estimate.
XPS-AAFJ  , Talos South    , Talos South-v    ,                   1, Primary    , Confirmed     ,           1995, Direct Imaging  , Celestial Mirror One , North Ridge Team   ,               839.76, 839.8 ly                  , G        ,           1.041,             1.036,             5567.2, Active          , Gas Giant   ,               9.344,                    0.814,                     1.023,           419.698,                  9.749,                        ,           1308.6463,             2.3728,       0.1060,                     165.5,            6936.4,           82.55,                    87.00, Hydrogen-rich           ,              0.082,                    1, No            , None                      , Low               , A                 , 2020-02-01        , Cloud cover may hide key atmospheric signals.
XPS-AAFK  , Astra B        , Astra B-s        ,                   1, Primary    , Confirmed     ,           2004, Transit         , Aurora Survey        , Caeli Survey       ,               142.87, 142.9 ly                  , M        ,           0.276,             0.319,             3033.6, Active          , Rocky       ,               1.512,                    0.207,                     0.032,             4.713,                  0.227,                   0.908,             20.9858,                   ,       0.4026,                          ,            1883.3,           13.39,                    82.97, Carbon dioxide candidate,                   ,                    1, No            , Variable transit depth    , Urgent            , B                 , 2018-03-02        , The orbit may be tilted relative to the star.
XPS-AAFL  , Talos Two      , Talos Two-v      ,                   1, Reanalysis , Confirmed     ,           2018, Transit         , Orbital Lens Network , Caeli Survey       ,                 6.66, 6.7 ly                    , M        ,           0.259,             0.312,             3724.1, Quiet           , Mini-Neptune,               4.263,                    0.353,                     0.100,            19.732,                  5.108,                   1.282,           4072.5328,             3.1814,       0.5309,                      56.9,           15634.1,           11.78,                    78.08, No clear signal         ,                   ,                    0, No            , None                      , Low               , D                 , 2017-05-09        , The system may contain another unseen world.
XPS-AAFM  , Cyra A         , Cyra A-j         ,                   1, Reanalysis , Confirmed     ,           2002, Transit Timing  , Multi-World Array    , Pacific Lens Group ,               259.49, 259.5 ly                  , M        ,           0.205,             0.232,             3826.7, Highly active   , Super-Earth ,               1.697,                    0.225,                     0.130,             5.272,                  0.332,                   1.131,              4.8525,             0.0331,       0.1550,                     488.4,            4497.6,           24.27,                    71.11,                         ,              0.101,                    0, No            , None                      , Low               , C                 , 2012-02-11        , The system may contain another unseen world.
XPS-AAFN  , Solis A        , Solis A-x        ,                   1, Primary    , Confirmed     ,           2025, Transit         , SkyScan Array        , Meridian Study     ,                10.45, 3.2 pc                    , F        ,           1.177,             1.158,             7328.7, Moderate        , Ice Giant   ,               5.480,                    0.090,                     0.651,            95.000,                 13.211,                   4.234,             72.8743,                   ,       0.1662,                     707.7,            1878.7,            7.25,                    69.25, Oxygen candidate        ,              0.000,                    0, No            , None                      , Medium            , C                 , 2019-08-13        , Transit timing varies across observation windows.
XPS-AAFP  , Cyra Tertia    , Cyra Tertia-s    ,                   1, Primary    , Confirmed     ,           2022, Transit         , North Ridge Array    , Pacific Lens Group ,                14.83, 4.5 pc                    , A        ,           1.582,                  ,             9831.1, Moderate        , Gas Giant   ,               8.178,                         ,                     1.147,                  ,                 84.882,                  19.375,              5.0859,                   ,             ,                    2063.4,            2473.1,           36.46,                    66.10, No clear signal         ,              0.000,                    0, No            , None                      , Low               , C                 , 2016-12-23        , The atmospheric result has low certainty.
XPS-AAFQ  , Rhea Delta     , Rhea Delta-h     ,                   1, Primary    , Confirmed     ,           2014, Transit         , North Ridge Array    , Blue Orbit Group   ,                19.71, 19.7 ly                   , G        ,           0.884,             0.912,             5369.0, Active          , Super-Earth ,               2.094,                    0.179,                     0.233,             4.026,                       ,                   0.287,              9.3626,             0.0835,       0.0051,                     870.0,             441.8,           15.77,                    83.43, Carbon dioxide candidate,              0.000,                    0, No            , None                      , Low               , A                 , 2025-06-05        , The record includes a later reanalysis.
XPS-AAFR  , Zora Quarta    , Zora Quarta-x    ,                   1, Primary    , Confirmed     ,           1999, Transit         , North Ridge Array    , Solis Research Unit,             10487.90, 3215.6 pc                 , G        ,           1.031,             1.028,             5463.1, Active          , Ocean World ,               0.981,                    0.053,                     0.025,                  ,                  0.065,                   0.190,           1116.8804,             2.1282,       0.1566,                     235.0,              76.3,            9.75,                    80.50, Water vapor candidate   ,              0.724,                    0, Yes           , Possible ring system      , Urgent            , B                 , 2011-07-05        , A faint secondary signal appears in some observations.
XPS-AAFS  , Pavo Delta     , Pavo Delta-c     ,                   1, Follow-up  , Confirmed     ,           2024, Direct Imaging  , Summit Imager        , Caeli Survey       ,                 5.83, 1.8 pc                    , F        ,           1.446,             1.355,             7121.4, Active          , Ice Giant   ,               5.088,                    0.724,                     0.189,                  ,                  5.767,                  17.564,          55836.8741,            32.3313,       0.2983,                      75.8,            1182.1,           12.41,                    89.23, No clear signal         ,              0.019,                    0, No            , None                      , Low               , A                 , 2023-02-28        , The distance entry uses a converted unit.
XPS-AAFT  , Novae North    , Novae North-d    ,                   2, Primary    , Confirmed     ,           2009, Radial Velocity , Highland Spectrograph, Blue Orbit Group   ,                 6.16, 1.9 pc                    , K        ,           0.615,             0.667,             4669.1, quiet           , Rocky       ,               0.515,                    0.076,                     0.075,             0.105,                  0.032,                   0.060,              7.1930,                   ,       0.2648,                     815.5,                  ,           11.82,                    60.51, No clear signal         ,              0.000,                    0, No            , Asymmetric transit        , Low               , A                 , 2017/09/05        , The system may contain another unseen world.
XPS-AAFU  , Caeli C        , Caeli C-e        ,                   1, Reanalysis , Confirmed     ,           2002, Radial Velocity , Highland Spectrograph, Caeli Survey       ,                13.09, 4.0 pc                    , M        ,           0.574,             0.593,             2804.6, Moderate        , MINI-NEPTUNE,               4.448,                    0.618,                     0.467,            24.236,                  5.771,                        ,           1778.9870,             2.3873,       0.4188,                      60.4,                  ,            8.93,                    70.17,                         ,              0.055,                    0, No            , None                      , Medium            , A                 , 10/11/2024        , The orbit may be tilted relative to the star.
XPS-AAFV  , Astra One      , Astra One-t      ,                   1, primary    , Provisional   ,           2008, Transit         , Orbital Lens Network , Aurora Lab         ,              7311.75, 2250.0 pc                 , K        ,                ,             0.891,             4828.5, Moderate        , Rocky       ,               0.469,                    0.074,                     0.055,             0.123,                  0.056,                   0.048,              3.3387,             0.0415,       0.2182,                    1158.3,              23.2,            8.44,                    62.18, Carbon dioxide candidate,              0.000,                    0, No            , Variable transit depth    , Low               , B                 , 2013-02-19        , A faint secondary signal appears in some observations.
XPS-AAFW  , Orin Sigma     , Orin Sigma-f     ,                   1, Follow-up  , Confirmed     ,           1996, Transit         , Orbital Lens Network , Blue Orbit Group   ,              7314.45, 7314.5 ly                 , M        ,           0.257,             0.354,             3428.5, Moderate        , Desert World,               0.679,                    0.075,                     0.078,             0.350,                       ,                        ,           4333.6644,             3.3090,       0.0081,                      59.2,             308.0,            5.61,                    69.00, Water vapor candidate   ,              0.071,                    0, No            , None                      , Medium            , A                 , 2014-07-18        , The host star varies across the observation cycle.
XPS-AAFX  , Neris B        , Neris B-p        ,                   1, Primary    , Disputed      ,           1995, TRANSIT         , SkyScan Array        , Aurora Lab         ,               149.54, 149.5 ly                  , F        ,                ,             1.476,             6141.9, Moderate        , Gas Giant   ,              10.321,                    0.938,                     0.679,           225.000,                 27.570,                        ,           1217.3563,             2.5618,       0.0034,                     233.7,            4099.2,           27.26,                    81.96,                         ,              0.166,                    4, No            , Variable transit depth    , Medium            , A                 , 2025-01-12        , The orbit may be tilted relative to the star.
XPS-AAFY  , Astra One      , Astra One-t      ,                   2, Primary    , Provisional   ,           2017, Radial Velocity , Highland Spectrograph, Aurora Lab         ,              2258.26, 2258.3 ly                 , K        ,           0.754,             0.778,             4374.9, Quiet           , Mini-Neptune,               2.040,                    0.011,                          ,                  ,                  3.407,                   0.423,            522.8234,                   ,       0.0584,                     156.0,             606.8,            5.64,                    67.51, Water vapor candidate   ,              0.369,                     , No            , Variable transit depth    , High              , B                 , 2024-02-15        , The system may contain another unseen world.
XPS-AAFZ  , Rhea South     , Rhea South-m     ,                   1, Primary    , Confirmed     ,           1998, Radial Velocity , Red Mesa Array       , Blue Orbit Group   ,                14.04, 14.0 ly                   , K        ,           0.726,             0.792,             4340.3, Moderate        , Rocky       ,               0.702,                    0.106,                          ,             0.337,                  0.053,                   0.053,            267.6692,                   ,       0.0835,                     237.2,              65.9,           12.42,                    78.56,                         ,              1.000,                    0, No            , None                      , Urgent            , A                 , 02/17/2024        , The orbit may be tilted relative to the star.
XPS-AAGA  , Rhea Minor     , Rhea Minor-w     ,                   1, Primary    , Provisional   ,           2024, Transit         , NORTH RIDGE ARRAY    , Sky Atlas Team     ,              4376.92, 4376.9 ly                 , G        ,           1.074,             1.060,             6061.1, Active          , Rocky       ,               1.432,                    0.102,                     0.083,                  ,                  0.419,                   0.497,           2650.8904,             3.8390,             ,                     144.1,                  ,           14.69,                    63.23, Water vapor candidate   ,              0.274,                    0, No            , None                      , Medium            , B                 , 2014-09-30        , A faint secondary signal appears in some observations.
XPS-AAGB  , Selene North   , Selene North-b   ,                   1, Primary    , Confirmed     ,           2023, Microlensing    , Southern Lens Grid   , Blue Orbit Group   ,               306.34, 306.3 ly                  , K        ,           0.629,             0.696,             4725.0, Moderate        , Mini-Neptune,               2.182,                         ,                     0.103,             5.550,                  0.206,                   0.522,           4273.6981,             4.4159,       0.2079,                      87.9,             824.2,           74.14,                    75.59,                         ,              0.142,                    0, No            , None                      , Low               , C                 , 2017-08-03        , The record includes a later reanalysis.
XPS-AAGC  , Caeli Tertia   , Caeli Tertia-w   ,                   1, Primary    , Confirmed     ,           2000, Transit         , North Ridge Array    , Pacific Lens Group ,               204.42, 204.4 ly                  , Subgiant ,           1.328,             1.287,             4527.4, MODERATE        , Ocean World ,               1.199,                    0.156,                     0.034,             2.735,                  0.456,                   0.142,            507.8454,             1.3694,       0.0720,                     235.0,              72.8,           90.42,                    94.08,                         ,              1.000,                    0, No            , None                      , High              , D                 , 2023/05/18        , The record includes a later reanalysis.
XPS-AAGD  , Astra One      , Astra One-k      ,                   1, Primary    , Confirmed     ,           2015, Astrometry      , Vector Star Mapper   , Pacific Lens Group ,               878.69, 878.7 ly                  , K        ,           0.759,             0.805,             5062.7, Moderate        , Ice Giant   ,               5.512,                    0.921,                     0.800,            95.000,                  0.977,                   3.465,            129.4728,             0.4569,       0.0425,                     356.4,            3936.5,           10.70,                    77.08,                         ,              0.131,                    0, No            , Unusual dimming           , Medium            , B                 , 2020-07-14        , Stellar noise complicates the mass estimate.
XPS-AAGE  , Mira Two       , Mira Two-p       ,                   1, Follow-up  , Confirmed     ,           1999, Radial Velocity , Red Mesa Array       , Blue Orbit Group   ,                12.25, 3.8 pc                    , F        ,           1.246,             1.200,             7395.1, Active          , Rocky       ,               0.910,                    0.012,                     0.094,             0.585,                  0.033,                   0.071,             60.5234,             0.3246,       0.2905,                          ,              48.2,            6.87,                    63.31, Hydrogen-rich           ,              0.001,                    0, No            , None                      , Low               , B                 , 2012-07-08        , The host star varies across the observation cycle.
XPS-AAGF  , Astra Delta    , Astra Delta-e    ,                   1, Primary    , CONFIRMED     ,           2020, Radial Velocity , Solis Observatory    , Sky Atlas Team     ,               337.48, 337.5 ly                  , F        ,           1.188,             1.150,             6205.1, Moderate        , Ocean World ,               0.851,                    0.060,                     0.111,             1.008,                  0.171,                   0.227,              1.8870,             0.0316,       0.0907,                     420.0,              45.9,            7.63,                    73.99, Cloud-dominated         ,              0.334,                    0, No            , Unusual dimming           , Medium            , B                 , 2012-08-24        , No unusual note was reported.
XPS-AAGG  , Orin Delta     , Orin Delta-k     ,                   1, Reanalysis , Confirmed     ,           2016, Transit         , SkyScan Array        , Meridian Study     ,              2738.82, 2738.8 ly                 , K        ,           0.675,             0.698,             5032.4, Moderate        , Gas Giant   ,              14.970,                    2.349,                     1.189,                  ,                 77.307,                  67.287,          10658.4419,                   ,       0.1409,                      69.5,           38542.6,           71.28,                    79.22, Cloud-dominated         ,              0.016,                    4, No            , None                      , Low               , ?                 , 07/24/2022        , Transit timing varies across observation windows.
XPS-AAGH  , Selene A       , Selene A-y       ,                   1, Primary    , Provisional   ,           2021, Transit         , North Ridge Array    , North Ridge Team   ,                39.92, 12.2 pc                   , F        ,           1.148,             1.135,             6949.1, Active          , Gas Giant   ,              11.572,                    1.110,                     0.231,          1900.000,                       ,                        ,            279.7106,             0.8765,       0.0852,                     359.4,            8711.1,           10.60,                    78.70, Hydrogen-rich           ,              0.137,                    0, No            , Variable transit depth    , Medium            , D                 , 2011-02-28        , The orbit may be tilted relative to the star.
XPS-AAGJ  , Auron North    , Auron North-c    ,                   1, Primary    , Confirmed     ,           2005, Radial Velocity , Red Mesa Array       , Blue Orbit Group   ,               151.20, 151.2 ly                  , K        ,           0.697,             0.729,             4014.1, MODERATE        , Mini-Neptune,               4.157,                    0.580,                     0.531,            30.000,                  7.987,                   3.194,             53.5705,             0.2466,       0.5069,                     320.0,            2728.4,            3.29,                    65.65,                         ,              0.773,                    0, No            , None                      , Urgent            , B                 , 2024-08-10        , The distance entry uses a converted unit.
XPS-AAGK  , Orin Two       , Orin Two-u       ,                   1, Primary    , Provisional   ,           2004, Radial Velocity , Highland Spectrograph, Meridian Study     ,                23.10, 7.1 pc                    , A        ,           1.955,             1.718,             8115.5, Active          , Gas Giant   ,              16.048,                    2.599,                     0.794,          1578.769,                346.999,                 311.491,            752.1552,             2.0238,       0.1316,                     322.5,            7317.8,            9.92,                    73.87, Hydrogen-rich           ,              0.138,                    2, No            , None                      , Low               , B                 , 2014-04-16        , The atmospheric result has low certainty.
XPS-AAGL  , Mira Prime     , Mira Prime-y     ,                   1, Primary    , Confirmed     ,           2015, Radial Velocity , Highland Spectrograph, Meridian Study     ,              8772.85, 2658.5 pc                 , G        ,           1.076,             1.063,             6069.0, Moderate        , Super-Earth ,               1.614,                    0.141,                     0.035,             2.000,                  0.408,                   0.081,           3732.1701,             4.8258,       0.3498,                     136.3,             193.4,           16.93,                    79.92, No clear signal         ,              0.274,                    0, No            , None                      , Medium            , B                 , 2012-05-31        , Two observing teams reported slightly different radii.
XPS-AAGM  , Orin Major     , Orin Major-p     ,                   2, Primary    , Confirmed     ,           1996, Transit         , orbital lens network , Solis Research Unit,               109.50, 33.6 pc                   , F        ,           1.158,             1.127,             6551.7, Moderate        , Desert World,               0.910,                    0.018,                     0.011,                  ,                  0.134,                        ,              3.0603,             0.0433,       0.0920,                    1676.6,              56.4,           26.37,                    77.63, Sodium signature        ,              0.000,                    0, No            , None                      , Low               , C                 , 03/08/2015        , Several measurements are absent from the early record.
XPS-AAGN  , Solis A        , Solis A-t        ,                   1, Primary    , Confirmed     ,           2005, Direct Imaging  , Polar Optics Array   , Blue Orbit Group   ,               125.15, 125.1 ly                  , K        ,           0.801,             0.848,             4237.5, Moderate        , Rocky       ,               1.352,                    0.090,                     0.087,             1.719,                  0.289,                   0.182,           3316.4793,             4.0425,       0.1997,                      91.9,             213.2,           42.57,                    79.28, Cloud-dominated         ,              0.127,                    0, No            , None                      , Low               , ?                 , 2015-10-10        , The distance entry uses a converted unit.
XPS-AAGP  , Orin Two       , Orin Two-b       ,                   1, Primary    , confirmed     ,           1998, Radial Velocity , Red Mesa Array       , Sky Atlas Team     ,              2678.26, 2678.3 ly                 , G        ,           1.047,             1.035,             5312.7, quiet           , Rocky       ,               1.372,                    0.058,                     0.126,             3.458,                  0.513,                   0.698,            852.1415,             1.7870,       0.1227,                     208.5,             147.4,            4.24,                    71.65,                         ,              0.824,                    0, No            , None                      , High              , A                 , 2024-09-29        , A faint secondary signal appears in some observations.
XPS-AAGQ  , Noma Major     , Noma Major-c     ,                   1, Primary    , Confirmed     ,           2002, Transit         , SkyScan Array        , Blue Orbit Group   ,               469.37, 143.9 pc                  , K        ,           0.650,             0.725,             4783.2, Active          , Mini-Neptune,               3.403,                         ,                     0.485,                  ,                  2.790,                        ,           2184.5138,             2.8540,       0.2820,                     116.5,            1849.0,           17.13,                    69.53, Methane candidate       ,              0.223,                    0, No            , None                      , Medium            , B                 , 02/29/2024        , Follow-up data changed the estimated year length.
XPS-AAGR  , Neris Sigma    , Neris Sigma-q    ,                   1, Primary    , Confirmed     ,           1995, Transit         , NORTH RIDGE ARRAY    , Solis Research Unit,                42.55, 42.5 ly                   , K        ,           0.750,             0.789,             4781.1, Quiet           , Ice Giant   ,               3.427,                    0.108,                     0.345,            35.480,                  2.171,                   5.813,              3.3569,             0.0399,       0.2666,                     905.0,            1582.8,           24.94,                    76.66, Carbon dioxide candidate,              0.000,                     , No            , Orbital drift             , Low               , C                 , 2021-12-24        , The orbit may be tilted relative to the star.
XPS-AAGS  , Vela A         , Vela A-y         ,                   1, Primary    , Archived      ,           1995, Transit         , SkyScan Array        , Caeli Survey       ,               725.51, 725.5 ly                  , A        ,           2.142,             1.912,             9313.6, Moderate        , Mini-Neptune,               2.104,                    0.260,                     0.052,             5.000,                  0.973,                   1.087,           6300.6167,             8.6061,       0.1590,                     215.4,             101.6,           10.80,                    75.69, No clear signal         ,              0.700,                     , No            , None                      , High              , C                 , 2011-08-28        , The record includes a later reanalysis.
XPS-AAGT  , Rhea Quarta    , Rhea Quarta-q    ,                   1, Follow-up  , Confirmed     ,           2019, Transit Timing  , Clockwork Survey     , Meridian Study     ,                16.26, 5.0 pc                    , K        ,           0.587,             0.630,             4345.5, Moderate        , Lava World  ,               0.987,                    0.144,                     0.093,             0.710,                  0.177,                   0.099,              7.5558,             0.0631,       0.3348,                    2398.8,             205.7,           45.23,                    80.11, Water vapor candidate   ,              0.000,                    1, No            , None                      , Medium            , C                 , 2024-04-22        , Stellar noise complicates the mass estimate.
XPS-AAGU  , Talos Prime    , Talos Prime-d    ,                   1, Primary    , Confirmed     ,           2001, Transit         , SkyScan Array        , North Ridge Team   ,               912.99, 913.0 ly                  , G        ,           1.024,             1.021,             5274.4, Moderate        , Gas Giant   ,              11.702,                    0.614,                          ,          1900.000,                253.999,                        ,           6994.8781,             7.1459,       0.0724,                      87.3,           11016.8,           15.72,                    59.01, Hydrogen-rich           ,              0.024,                    0, No            , None                      , Low               , C                 , 2012-01-31        , Cloud cover may hide key atmospheric signals.
XPS-AAGV  , Altara Quarta  , Altara Quarta-d  ,                   1, PRIMARY    , CONFIRMED     ,           2000, RADIAL VELOCITY , Highland Spectrograph, Sky Atlas Team     ,                 5.70, 1.7 pc                    , K        ,           0.660,             0.731,             4005.5, Quiet           , MINI-NEPTUNE,               2.385,                    0.234,                     0.288,            11.556,                  2.818,                   0.990,              5.1845,             0.0511,             ,                          ,                  ,           29.77,                    81.16, No clear signal         ,              0.000,                    0, No            , Unexpected infrared excess, Low               , A                 , 2018-06-26        , Two observing teams reported slightly different radii.
XPS-AAGW  , Altara South   , Altara South-x   ,                   1, Primary    , Confirmed     ,           2004, Radial Velocity , Solis Observatory    , Solis Research Unit,               312.55, 95.8 pc                   , K        ,           0.615,             0.666,             4764.1, Moderate        , Gas Giant   ,               7.591,                    0.813,                     0.857,           219.801,                 29.546,                        ,            377.8323,             0.8700,       0.2507,                     177.4,           10895.5,           10.62,                    75.38, Cloud-dominated         ,              0.079,                    0, No            , None                      , Low               , A                 , 2015-03-15        , The record includes a later reanalysis.
XPS-AAGX  , Mira Sigma     , Mira Sigma-y     ,                   1, Reanalysis , Provisional   ,           2020, Radial Velocity , Solis Observatory    , Sky Atlas Team     ,               228.61, 228.6 ly                  , F        ,           1.411,             1.331,             6136.8, Highly active   , Mini-Neptune,               3.956,                    0.562,                     0.496,            30.000,                  7.116,                        ,              5.4769,             0.0690,             ,                    1325.9,             740.4,            5.42,                    72.72,                         ,              0.000,                    0, No            , None                      , Low               , B                 , 2012-09-09        , The orbit may be tilted relative to the star.
XPS-AAGY  , Rhea One       , Rhea One-n       ,                   1, Primary    , Confirmed     ,           2013, Transit         , Aurora Survey        , Meridian Study     ,                19.02,                           , G        ,           0.885,             0.905,             5227.7, Moderate        , Rocky       ,               0.648,                    0.046,                     0.067,             0.336,                       ,                        ,            184.1354,             0.6082,             ,                     327.2,              42.9,            4.31,                    64.74, No clear signal         ,              0.822,                    0, No            , variable transit depth    , High              , B                 , 2015-09-28        , The orbit may be tilted relative to the star.
XPS-AAGZ  , Novae North    , Novae North-w    ,                   1, Primary    , Confirmed     ,           2021, Radial Velocity , Red Mesa Array       , North Ridge Team   ,               341.87, 104.8 pc                  , M        ,           0.154,             0.181,             2942.6, Quiet           , Super-Earth ,               1.677,                    0.297,                     0.072,             6.112,                       ,                   0.948,              5.3726,             0.0322,       0.1694,                     323.5,            7242.1,           20.22,                    82.48,                         ,              0.850,                    0, No            , None                      , High              , B                 , 2015-08-10        , Cloud cover may hide key atmospheric signals.
XPS-AAHA  , Altara Sigma   , Altara Sigma-f   ,                   1, Primary    , Confirmed     ,           2002, Transit         , SkyScan Array        , Pacific Lens Group ,                21.00, 21.0 ly                   , K        ,           0.635,             0.650,             5015.3, Active          , Rocky       ,               0.629,                    0.033,                     0.069,             0.441,                  0.105,                   0.084,           1269.8814,             1.9715,       0.4870,                          ,              78.7,            5.95,                    79.04, No clear signal         ,              0.276,                    0, No            , Asymmetric transit        , Medium            , B                 , 2011-01-12        , The system may contain another unseen world.
XPS-AAHB  , Rhea Minor     , Rhea Minor-w     ,                   2, Primary    , Confirmed     ,           2020, Transit Timing  , Long View Network    , Caeli Survey       ,                 5.64, 1.7 pc                    , M        ,           0.541,                  ,             3065.7, Quiet           , Mini-Neptune,               3.102,                    0.363,                     0.177,            12.857,                  1.662,                   2.810,            177.7763,             0.5037,             ,                     138.7,            2326.7,            7.29,                    53.95,                         ,              0.383,                    0, No            , None                      , High              , D                 , 2019-10-09        , Cloud cover may hide key atmospheric signals.
XPS-AAHC  , Arden Prime    , Arden Prime-x    ,                   1, Primary    , Confirmed     ,           2024, Radial Velocity , Red Mesa Array       , Sky Atlas Team     ,               298.65, 298.7 ly                  , k        ,           0.658,             0.675,             4704.6, Moderate        , Mini-Neptune,               3.636,                    0.077,                     0.223,            30.000,                  1.161,                   2.192,            533.9088,             1.1200,       0.3696,                     184.0,            2432.3,           11.24,                    62.81, Sodium signature        ,                   ,                    0, No            , None                      , medium            , B                 , 2019-08-05        , Stellar noise complicates the mass estimate.
XPS-AAHD  , Astra C        , Astra C-p        ,                   1, Primary    , Confirmed     ,           2010, Astrometry      , Meridian Mapper      , Sky Atlas Team     ,                54.01, 54.0 ly                   , M        ,           0.535,             0.591,             2847.0, Active          , Super-Earth ,               1.956,                    0.325,                     0.220,             9.788,                  0.628,                        ,           1087.4496,             1.6900,       0.4796,                      79.5,                  ,            5.06,                    89.09,                         ,              0.125,                    0, No            , None                      , Medium            , D                 , 2021-02-19        , No unusual note was reported.
XPS-AAHE  , Mira Minor     , Mira Minor-m     ,                   1, Primary    , Confirmed     ,           2015, Microlensing    , Pacific Field Network, Pacific Lens Group ,               198.91, 198.9 ly                  , M        ,           0.208,             0.250,             2809.0, Moderate        , Rocky       ,               1.341,                    0.238,                     0.149,             1.143,                  0.282,                   0.220,           1699.0225,                   ,       0.2363,                      49.3,            2418.9,           23.24,                    75.73, No clear signal         ,              0.046,                    0, No            , None                      , Low               , A                 , 2016-02-04        , The record includes a later reanalysis.
XPS-AAHF  , Rhea Sigma     , Rhea Sigma-v     ,                   1, primary    , Confirmed     ,           2016, Transit Timing  , Clockwork Survey     , Aurora Lab         ,               739.30, 739.3 ly                  , K        ,           0.816,             0.854,             4803.4, active          , Mini-Neptune,               2.515,                    0.093,                     0.038,             7.467,                  0.765,                   1.478,           8734.5099,             7.7549,             ,                      74.0,             727.2,           14.48,                    64.33, Carbon dioxide candidate,              0.116,                    0, No            , None                      , Low               , C                 , 2013-07-27        , The orbit may be tilted relative to the star.
XPS-AAHG  , Altara Sigma   , Altara Sigma-x   ,                   1, Primary    , Confirmed     ,           2017, Transit         , North Ridge Array    , Blue Orbit Group   ,              1319.66, 404.6 pc                  , M        ,           0.448,             0.487,             3588.6, Moderate        , Gas Giant   ,              17.932,                    0.346,                     2.603,                  ,                       ,                  63.192,             89.7623,             0.3001,       0.0115,                     209.5,          113504.2,           11.60,                    67.94, Cloud-dominated         ,              0.140,                    1, No            , Asymmetric transit        , Medium            , A                 , 2011-10-24        , Stellar noise complicates the mass estimate.
XPS-AAHH  , Cetus Major    , Cetus Major-k    ,                   1, follow-up  , Confirmed     ,           2014, Pulsar Timing   , Radio Arc Array      , Pacific Lens Group ,                64.08, 64.1 ly                   , G        ,           1.019,             1.016,             5617.4, Quiet           , Mini-Neptune,               4.540,                    0.400,                     0.513,            19.784,                  1.599,                        ,            136.2114,             0.5213,             ,                          ,            1674.4,           14.07,                    82.37, Carbon dioxide candidate,              0.380,                    0, No            , None                      , Low               , C                 , 2012-11-15        , The atmospheric result has low certainty.
XPS-AAHJ  , Cetus Minor    , Cetus Minor-p    ,                   1, Primary    , confirmed     ,           2001, Microlensing    , Southern Lens Grid   , Solis Research Unit,                30.28, 30.3 ly                   , G        ,           0.952,             0.957,             5464.4, Quiet           , Gas Giant   ,              14.053,                    0.166,                     1.889,          1900.000,                301.756,                 227.434,            370.2537,             0.9928,       0.3609,                     271.2,                  ,           31.37,                    72.47, Sodium signature        ,              0.145,                    0, No            , None                      , Low               , C                 , 2017-01-24        , The host star varies across the observation cycle.
XPS-AAHK  , Talos Sigma    , Talos Sigma-m    ,                   1, Primary    , Confirmed     ,           1997, Transit         , North Ridge Array    , Pacific Lens Group ,              6465.34, 6465.3 ly                 , G        ,           0.951,             0.958,             5990.1, Active          , Super-Earth ,               1.619,                    0.025,                     0.051,             3.875,                  0.669,                        ,           7119.9080,             7.1227,       0.1783,                     118.4,             239.7,           35.57,                    80.73, Oxygen candidate        ,              0.248,                    0, No            , Orbital drift             , High              , B                 , 2017-05-02        , The orbit may be tilted relative to the star.
XPS-AAHL  , Rhea Quarta    , Rhea Quarta-q    ,                   1, Primary    , Confirmed     ,           2017, Astrometry      , Meridian Mapper      , Sky Atlas Team     ,             10872.21, 3333.4 pc                 , K        ,           0.732,             0.778,             4382.7, Moderate        , Rocky       ,               0.557,                    0.011,                     0.063,             0.163,                  0.066,                   0.057,             54.6265,             0.2539,       0.1337,                     336.8,                  ,           20.43,                    84.87,                         ,              0.690,                    0, No            , ASYMMETRIC TRANSIT        , urgent            , B                 , 2015-02-11        , No unusual note was reported.
XPS-AAHM  , Lyra North     , Lyra North-k     ,                   1, Primary    , Confirmed     ,           2025, Radial Velocity , Solis Observatory    , Caeli Survey       ,                26.39, 8.1 pc                    , M        ,           0.287,             0.333,             2870.6, Moderate        , Mini-Neptune,               3.451,                    0.054,                     0.436,            26.664,                       ,                   2.780,             57.0093,             0.1913,       0.0372,                          ,                  ,           10.45,                    72.53, Hydrogen-rich           ,              0.646,                    0, No            , None                      , Medium            , B                 , 2016-10-02        , The host star varies across the observation cycle.
XPS-AAHN  , Mira Two       , Mira Two-g       ,                   1, Primary    , Confirmed     ,           2002, Transit         , Orbital Lens Network , Meridian Study     ,             11420.10, 11420.1 ly                , F        ,           1.449,             1.330,             7243.1, Moderate        , SUPER-EARTH ,               2.019,                    0.259,                          ,             6.979,                       ,                   0.159,              1.7090,             0.0317,       0.2728,                    2299.1,             193.2,            9.89,                    69.00, Sodium signature        ,              0.000,                    1, Yes           , Possible ring system      , LOW               , A                 , 2025/05/27        , The distance entry uses a converted unit.
XPS-AAHP  , Luma Delta     , Luma Delta-c     ,                   2, Primary    , Confirmed     ,           2010, Transit         , North Ridge Array    , Pacific Lens Group ,              6637.83, 6637.8 ly                 , M        ,           0.289,             0.309,             2791.8, Highly active   , Lava World  ,               0.716,                    0.092,                     0.050,             0.227,                  0.025,                   0.079,             32.8847,             0.1326,       0.0898,                    1766.8,             441.9,           14.80,                    69.41, No clear signal         ,              0.000,                    0, No            , UNEXPECTED INFRARED EXCESS, Low               , B                 , 2024-05-18        , Two observing teams reported slightly different radii.
XPS-AAHQ  , Selene A       , Selene A-y       ,                   1, Primary    , Confirmed     ,           2000, Radial Velocity , Red Mesa Array       , Caeli Survey       ,               932.65, 932.6 ly                  , M        ,           0.373,             0.481,             3582.5, Active          , Mini-Neptune,               3.381,                    0.169,                     0.354,            25.969,                  2.925,                        ,             75.0939,             0.2509,       0.0469,                     258.4,            4142.3,           12.41,                    75.21, Water vapor candidate   ,              0.836,                    0, No            , None                      , Urgent            , B                 , 2018-04-16        , Two observing teams reported slightly different radii.
XPS-AAHR  , Luma Major     , Luma Major-e     ,                   1, Follow-up  , Confirmed     ,           2014, Transit         , SkyScan Array        , Pacific Lens Group ,               149.97, 150.0 ly                  , K        ,           0.581,             0.620,             4962.3, Quiet           , Lava World  ,               0.561,                    0.077,                     0.042,             0.287,                  0.033,                   0.047,            933.4529,             1.5602,       0.0193,                    1206.6,              69.0,           14.75,                    81.85, Sodium signature        ,              0.000,                    0, No            , None                      , Low               , B                 , 2019-02-18        , Several measurements are absent from the early record.
XPS-AAHS  , Altara Minor   , Altara Minor-s   ,                   1, Primary    , archived      ,           1997, Transit         , North Ridge Array    , Blue Orbit Group   ,              7634.25, 7634.3 ly                 , M        ,           0.217,             0.234,             2761.5, Highly active   , Mini-Neptune,               2.557,                         ,                     0.137,             7.891,                  1.690,                   1.553,          15948.4150,             7.4497,       0.0233,                      23.7,            9983.7,           10.96,                    85.99, Water vapor candidate   ,                   ,                    0, No            , Unusual dimming           , Medium            , A                 , 2017-12-07        , The host star varies across the observation cycle.
XPS-AAHT  , Solis B        , Solis B-s        ,                   2, Primary    , Confirmed     ,           2020, Microlensing    , Southern Lens Grid   , Caeli Survey       ,                33.91, 10.4 pc                   , A        ,           1.908,                  ,             9007.8, Active          , Rocky       ,               1.215,                    0.146,                     0.097,             2.000,                  0.283,                   0.098,           1870.7912,             3.6759,       0.0346,                     336.3,                  ,           20.69,                    71.35, Methane candidate       ,              0.969,                    0, No            , Possible moon signal      , Urgent            , C                 , 2011-02-11        , Transit timing varies across observation windows.
XPS-AAHU  , Vela Minor     , Vela Minor-b     ,                   1, Primary    , Provisional   ,           2022, Radial Velocity , Highland Spectrograph, Solis Research Unit,              6790.10, 6790.1 ly                 , K        ,           0.607,             0.633,             4853.6, Quiet           , Mini-Neptune,               2.413,                    0.060,                     0.037,             9.002,                  1.379,                   0.115,            146.1958,             0.4600,       0.2993,                     269.1,                  ,           17.87,                    75.80, Water vapor candidate   ,              1.000,                     , No            , None                      , Urgent            , B                 , 2022-03-04        , Follow-up data changed the estimated year length.
XPS-AAHV  , Luma North     , Luma North-n     ,                   1, Primary    , Confirmed     ,           2022, Transit Timing  , Multi-World Array    , Solis Research Unit,               563.74, 563.7 ly                  , M        ,           0.175,             0.271,             3443.6, Active          , Mini-Neptune,               2.733,                    0.183,                     0.295,                  ,                  0.651,                   2.241,             17.9696,             0.0752,       0.0098,                     301.7,            8540.4,           31.70,                    66.08, Methane candidate       ,              0.809,                    0, No            , unexpected infrared excess, Urgent            , A                 , 2013-05-30        , Two observing teams reported slightly different radii.
XPS-AAHW  , Tarin Prime    , Tarin Prime-g    ,                   1, Primary    , Confirmed     ,           2012, Direct Imaging  , Summit Imager        , Aurora Lab         ,              4276.74, 4276.7 ly                 , M        ,           0.151,             0.251,             3677.6, active          , Mini-Neptune,               3.256,                    0.484,                     0.329,            30.000,                  3.564,                   3.092,         128120.9665,            26.4693,       0.0619,                      15.6,           14097.5,           19.44,                    87.00, Water vapor candidate   ,              0.023,                    0, No            , None                      , Medium            , B                 , 2015-02-11        , The atmospheric result has low certainty.
XPS-AAHX  , Cyra Tertia    , Cyra Tertia-c    ,                   1, PRIMARY    , Confirmed     ,           2003, Transit Timing  , Clockwork Survey     , Meridian Study     ,              5954.15, 5954.1 ly                 , K        ,           0.690,             0.723,             4334.4, QUIET           , Rocky       ,               1.373,                    0.020,                     0.064,             2.793,                  0.155,                   0.535,           1193.1704,             1.9459,       0.1138,                     129.1,             302.9,            5.11,                    65.83, Water vapor candidate   ,              0.281,                    0, No            , None                      , Medium            , A                 , 2014-07-21        , Cloud cover may hide key atmospheric signals.
XPS-AAHY  , Neris Delta    , Neris Delta-q    ,                   1, Primary    , Provisional   ,           2002, Radial Velocity , Highland Spectrograph, Meridian Study     ,                54.72, 16.8 pc                   , G        ,           1.061,             1.052,             5891.4, Active          , Mini-Neptune,               2.015,                    0.135,                     0.054,            12.326,                  0.722,                   0.335,           2358.3415,             3.5369,             ,                     165.0,             307.4,           20.45,                    75.24, Water vapor candidate   ,              0.438,                    0, No            , Asymmetric transit        , Urgent            , B                 , 2012-02-19        , The orbit may be tilted relative to the star.
XPS-AAHZ  , Eris Prime     , Eris Prime-w     ,                   1, Primary    , Confirmed     ,           2005, Transit         , North Ridge Array    , Blue Orbit Group   ,                57.73, 57.7 ly                   , M        ,           0.339,             0.419,             3229.0, Highly active   , Gas Giant   ,              13.853,                    1.334,                     1.442,          1900.000,                       ,                 129.580,          10726.9411,             6.6391,       0.1756,                          ,           91556.1,           10.69,                    70.69,                         ,              0.006,                    0, No            , Unusual dimming           , Medium            , A                 , 2014-08-24        , The orbit may be tilted relative to the star.
XPS-AAJA  , Cetus Two      , Cetus Two-b      ,                   1, Primary    , confirmed     ,           2011, Transit         , Orbital Lens Network , Sky Atlas Team     ,                59.65, 18.3 pc                   , M        ,           0.574,             0.610,             2987.0, Active          , rocky       ,               1.370,                    0.066,                     0.140,                  ,                  0.538,                   0.428,            724.6021,             1.3124,       0.1565,                      93.3,             423.0,            8.07,                    76.87, Hydrogen-rich           ,              0.135,                    0, No            , None                      , Low               , B                 , 2016-05-29        , Several measurements are absent from the early record.
XPS-AAJB  , Rhea C         , Rhea C-e         ,                   2, Primary    , Confirmed     ,           2004, Microlensing    , Southern Lens Grid   , Aurora Lab         ,               264.40, 264.4 ly                  , M        ,           0.215,             0.234,             2850.4, Highly active   , Ocean World ,               1.524,                    0.111,                     0.034,             3.333,                  0.202,                   0.641,            554.6204,                   ,       0.0449,                     233.9,            3550.9,           15.82,                    71.99, Sodium signature        ,              0.751,                    0, No            , None                      , Medium            , B                 , 2021/11/04        , Follow-up data changed the estimated year length.
XPS-AAJC  , Tarin B        , Tarin B-b        ,                   1, Primary    , Confirmed     ,           2009, Transit Timing  , Long View Network    , Aurora Lab         ,                 7.41, 7.4 ly                    , M        ,           0.563,             0.599,             2999.7, Active          , Lava World  ,               0.594,                    0.107,                     0.031,             0.220,                       ,                   0.040,            172.8700,             0.5013,       0.2391,                    1672.5,              82.6,           12.89,                    80.12, Sodium signature        ,              0.000,                    0, No            , None                      , Low               , C                 , 2017-06-04        , Cloud cover may hide key atmospheric signals.
XPS-AAJD  , Auron C        , Auron C-j        ,                   1, Primary    , Confirmed     ,           2021, Direct Imaging  , Polar Optics Array   , Aurora Lab         ,                 7.45, 7.5 ly                    , K        ,           0.713,                  ,             3913.2, QUIET           , Mini-Neptune,               3.456,                    0.524,                     0.169,            30.000,                  1.055,                   3.812,           6257.1421,             5.9366,       0.0638,                      75.1,            1659.5,           19.78,                    71.39, Water vapor candidate   ,              0.092,                    0, No            , None                      , Medium            , C                 , 2020-03-29        , The system may contain another unseen world.
XPS-AAJE  , Selene Two     , Selene Two-x     ,                   1, Primary    , Confirmed     ,           1999, TRANSIT         , Orbital Lens Network , Blue Orbit Group   ,               183.94, 56.4 pc                   , M        ,           0.464,             0.487,             3187.1, Active          , MINI-NEPTUNE,               2.582,                    0.341,                     0.382,             7.364,                  1.945,                   1.690,            405.1440,             0.8295,             ,                     128.8,            2357.5,            6.73,                    77.05, Carbon dioxide candidate,              0.321,                    0, No            , None                      , Medium            , B                 , 2011/09/10        , The system may contain another unseen world.
XPS-AAJF  , Neris Quarta   , Neris Quarta-m   ,                   1, Primary    , Confirmed     ,           2020, Direct Imaging  , Polar Optics Array   , Aurora Lab         ,              1936.50, 1936.5 ly                 , M        ,           0.530,             0.603,             2815.6, Highly active   , Super-Earth ,               1.532,                    0.216,                     0.102,             3.870,                  0.487,                   0.132,          91697.6575,            32.2021,             ,                      18.5,             540.6,            2.92,                    73.87, No clear signal         ,              0.024,                    0, No            , None                      , Low               , C                 , 2012-10-28        , A faint secondary signal appears in some observations.
XPS-AAJG  , Eris Tertia    , Eris Tertia-t    ,                   1, Primary    , Confirmed     ,           2003, Direct Imaging  , Polar Optics Array   , Sky Atlas Team     ,               155.74, 155.7 ly                  , M        ,           0.364,             0.430,             3101.6, Active          , rocky       ,               1.411,                    0.193,                     0.153,             1.839,                  0.106,                   0.196,         283994.7710,            60.3571,       0.2271,                      12.4,             900.9,           14.18,                    77.42, Hydrogen-rich           ,              0.020,                    0, No            , None                      , Low               , B                 , 2021-03-06        , Two observing teams reported slightly different radii.
XPS-AAJH  , Rhea Sigma     , Rhea Sigma-w     ,                   1, Primary    , Confirmed     ,           2022, Transit         , North Ridge Array    , North Ridge Team   ,                50.06, 50.1 ly                   , G        ,           1.075,             1.066,             6042.7, Highly active   , Mini-Neptune,               2.027,                    0.056,                     0.020,            10.606,                  2.800,                   0.185,                    ,             1.2271,       0.0933,                     278.8,             303.3,            4.40,                    63.71, No clear signal         ,              0.922,                    0, No            , None                      , Medium            , D                 , 07/15/2022        , Two observing teams reported slightly different radii.
XPS-AAJJ  , Kepleris Quarta, Kepleris Quarta-q,                   1, Primary    , Confirmed     ,           1999, transit         , North Ridge Array    , Sky Atlas Team     ,                 7.14, 7.1 ly                    , K        ,           0.764,             0.820,             4336.1, Active          , Ice Giant   ,               6.758,                    0.213,                     0.477,                  ,                 17.130,                  14.753,             15.3127,             0.1103,       0.5117,                     579.3,            5692.4,            4.52,                    75.16, No clear signal         ,              0.001,                    4, No            , None                      , Low               , A                 , 2019-12-03        , Stellar noise complicates the mass estimate.
XPS-AAJK  , Orin Prime     , Orin Prime-u     ,                   1, Primary    , Confirmed     ,           2003, Transit         , SkyScan Array        , Meridian Study     ,              8083.95, 2478.6 pc                 , K        ,           0.871,             0.880,             3914.3, Moderate        , Super-Earth ,               2.424,                    0.356,                     0.258,             5.246,                  0.715,                   0.126,             69.8423,             0.3170,       0.1870,                     301.9,             636.2,           29.32,                    80.32, Hydrogen-rich           ,              0.820,                    0, No            , Variable transit depth    , High              , B                 , 2014/08/01        , Several measurements are absent from the early record.
XPS-AAJL  , Eris A         , Eris A-j         ,                   1, Primary    , Confirmed     ,           2009, Radial Velocity , Highland Spectrograph, Blue Orbit Group   ,               430.65, 132.0 pc                  , G        ,           1.004,             1.004,             5951.1, Moderate        , Rocky       ,               0.723,                    0.053,                     0.046,             0.323,                  0.069,                   0.032,              3.2435,             0.0429,       0.1949,                    1490.6,              43.5,           54.63,                    83.57, Cloud-dominated         ,              0.000,                    0, No            , None                      , Low               , A                 , 2011-12-16        , The host star varies across the observation cycle.
XPS-AAJM  , Orin Major     , Orin Major-c     ,                   1, Primary    , Confirmed     ,           2020, MICROLENSING    , Pacific Field Network, Caeli Survey       ,             11945.10, 11945.1 ly                , K        ,           0.661,             0.720,             3990.1, Active          , Rocky       ,               1.194,                         ,                     0.069,             0.931,                       ,                        ,            825.8381,             1.5009,       0.0057,                     143.0,                  ,           41.52,                    73.41, No clear signal         ,              0.351,                    0, No            , Orbital drift             , High              , A                 , 2019-07-26        , The orbit may be tilted relative to the star.
XPS-AAJN  , Neris B        , Neris B-n        ,                   2, Primary    , Confirmed     ,           1998, Pulsar Timing   , Pulse Watch Network  , Sky Atlas Team     ,              8874.60, 8870.0 ly                 , F        ,           1.317,             1.238,             6580.7, Moderate        , Gas Giant   ,              13.583,                    0.731,                     1.447,           489.334,                104.203,                  70.246,             11.5533,             0.1096,       0.0505,                          ,           10788.2,           33.11,                    78.73, Hydrogen-rich           ,              0.000,                    0, Yes           , Possible ring system      , Low               , B                 , 2016-03-16        , No unusual note was reported.
XPS-AAJP  , Arden Prime    , Arden Prime-p    ,                   1, Reanalysis , Confirmed     ,           2024, Radial Velocity , Red Mesa Array       , Meridian Study     ,              6183.18, 6183.2 ly                 , G        ,           1.020,             1.018,             5870.0, Moderate        , Gas Giant   ,              15.534,                    1.282,                     1.190,          1187.000,                265.395,                 190.587,            644.5245,             1.4702,       0.1478,                          ,                  ,           11.26,                    78.03, Hydrogen-rich           ,              0.130,                    3, No            , Asymmetric transit        , Low               , B                 , 2017-07-09        , The distance entry uses a converted unit.
XPS-AAJQ  , Selene Minor   , Selene Minor-r   ,                   1, Primary    , Confirmed     ,           2023, Direct Imaging  , Polar Optics Array   , Caeli Survey       ,                 9.08, 9.1 ly                    , k        ,           0.870,                  ,             4856.5, Quiet           , Super-Earth ,               2.227,                         ,                     0.075,             6.342,                  0.728,                   0.142,         229256.7100,            69.7329,       0.1296,                      27.3,             546.7,            9.66,                    69.00, No clear signal         ,              0.035,                    0, YES           , Possible ring system      , Low               , B                 , 2015-01-21        , Two observing teams reported slightly different radii.
XPS-AAJR  , Arden Prime    , Arden Prime-e    ,                   1, Follow-up  , Confirmed     ,           2006, Transit         , Orbital Lens Network , Pacific Lens Group ,              1175.12, 360.3 pc                  , G        ,           0.995,             0.996,             5962.4, Quiet           , Super-Earth ,               2.018,                    0.314,                     0.219,             4.113,                  0.096,                   0.707,             12.1471,             0.1032,       0.0766,                     891.6,             344.7,           61.45,                    80.38, Hydrogen-rich           ,              0.000,                    0, no            , None                      , Low               , C                 , 2023/07/20        , Two observing teams reported slightly different radii.
XPS-AAJS  , Luma Delta     , Luma Delta-j     ,                   1, Primary    , Confirmed     ,           2017, Transit         , ORBITAL LENS NETWORK , Pacific Lens Group ,                98.78, 30.3 pc                   , M        ,           0.361,             0.398,             3036.3, QUIET           , super-earth ,               2.174,                    0.391,                     0.291,             9.820,                       ,                        ,             31.9544,             0.1403,       0.1048,                          ,            2498.1,            5.84,                    64.54, Hydrogen-rich           ,              0.657,                    0, No            , None                      , Medium            , C                 , 2011-06-28        , Two observing teams reported slightly different radii.
XPS-AAJT  , Orin Prime     , Orin Prime-z     ,                   1, Primary    , Confirmed     ,           2017, Transit         , North Ridge Array    , Caeli Survey       ,                16.87, 16.9 ly                   , A        ,           2.218,             1.996,             9877.6, Moderate        , Gas Giant   ,              16.616,                    1.425,                     0.711,           587.098,                       ,                        ,           4169.1766,             6.6117,       0.0842,                     251.8,            5809.2,           36.26,                    73.70,                         ,              0.126,                    0, No            , Possible moon signal      , Medium            , B                 , 2021-02-16        , No unusual note was reported.
XPS-AAJU  , Mira Tertia    , Mira Tertia-w    ,                   1, Reanalysis , Confirmed     ,           2006, TRANSIT         , Orbital Lens Network , Meridian Study     ,                 6.69, 6.7 ly                    , G        ,           1.112,             1.083,             6054.0, Moderate        , Desert World,               0.994,                    0.043,                     0.059,             1.096,                  0.081,                   0.045,           1402.8955,             2.5411,       0.2175,                     187.0,              70.6,            6.04,                    76.39,                         ,              0.569,                    0, No            , None                      , Low               , D                 , 2017-11-04        , Cloud cover may hide key atmospheric signals.
XPS-AAJV  , Neris Quarta   , Neris Quarta-e   ,                   1, Follow-up  , Provisional   ,           1997, Transit         , Orbital Lens Network , Sky Atlas Team     ,                18.87, 18.9 ly                   , K        ,           0.730,             0.761,             4488.0, Moderate        , Gas Giant   ,              12.907,                    0.204,                     0.509,           499.253,                 59.250,                  51.546,           4017.0123,             4.4526,       0.0200,                      78.9,           24096.1,           16.36,                    69.30, Water vapor candidate   ,              0.015,                    0, No            , Orbital drift             , Medium            , B                 , 2019-01-29        , The atmospheric result has low certainty.
XPS-AAJW  , Kepleris B     , Kepleris B-c     ,                   1, Primary    , Confirmed     ,           1997, Transit Timing  , Long View Network    , Pacific Lens Group ,              1578.73, 484.0 pc                  , M        ,           0.238,             0.356,             2913.8, Moderate        , Rocky       ,               1.372,                    0.151,                     0.066,             3.214,                  0.460,                   0.669,             19.2328,             0.0871,       0.0831,                     265.9,            1247.1,            9.35,                    59.46,                         ,              0.714,                    0, No            , None                      , Medium            , C                 , 11/18/2011        , No unusual note was reported.
XPS-AAJX  , Talos Quarta   , Talos Quarta-g   ,                   2, Primary    , Confirmed     ,           2023, Astrometry      , Meridian Mapper      , Meridian Study     ,                10.44, 10.4 ly                   , M        ,           0.471,             0.512,             3063.3, Active          , Rocky       ,               0.640,                    0.112,                     0.087,             0.294,                  0.078,                   0.031,              7.6363,             0.0590,       0.2963,                     418.4,             130.9,            4.78,                    70.39,                         ,              0.301,                    0, No            , Orbital drift             , Medium            , B                 , 2012-09-19        , The system may contain another unseen world.
XPS-AAJY  , Arden C        , Arden C-d        ,                   1, Primary    , Confirmed     ,           2007, Direct Imaging  , Summit Imager        , North Ridge Team   ,               519.65, 159.3 pc                  , G        ,           1.038,             1.035,             5889.8, MODERATE        , Rocky       ,               0.690,                    0.025,                     0.073,             0.357,                  0.048,                   0.029,           6027.6182,                   ,       0.2162,                     105.0,                  ,           33.55,                    79.69, Water vapor candidate   ,              0.169,                    0, No            , None                      , Medium            , B                 , 2014-12-07        , The system may contain another unseen world.
XPS-AAJZ  , Arden A        , Arden A-w        ,                   1, Follow-up  , Confirmed     ,           1999, Transit Timing  , Clockwork Survey     , North Ridge Team   ,              1164.28, 1164.3 ly                 , M        ,           0.236,             0.339,             3269.2, Moderate        , Mini-Neptune,               2.948,                    0.409,                     0.411,            10.798,                  1.666,                   0.163,            897.1609,             1.1247,       0.3409,                      93.8,            6357.8,           18.88,                    73.23, Water vapor candidate   ,              0.154,                    0, No            , None                      , Medium            , B                 , 2013-10-18        , The distance entry uses a converted unit.
XPS-AAKA  , Auron Quarta   , Auron Quarta-s   ,                   1, Primary    , Provisional   ,           2010, Transit         , North Ridge Array    , Solis Research Unit,                29.48, 29.5 ly                   , K        ,           0.839,             0.852,             5079.9, QUIET           , Rocky       ,               0.717,                    0.082,                     0.042,             0.332,                       ,                        ,           9777.3423,             8.4399,       0.2697,                      76.0,              59.3,           61.02,                    79.13, No clear signal         ,              0.082,                    0, No            , Unexpected infrared excess, Low               , B                 , 2014-03-27        , The record includes a later reanalysis.
XPS-AAKB  , Cyra Tertia    , Cyra Tertia-c    ,                   2, Reanalysis , Confirmed     ,           2006, Transit         , Aurora Survey        , North Ridge Team   ,                58.54, 58.5 ly                   , M        ,           0.188,             0.287,             3640.2, Active          , Gas Giant   ,               8.003,                    0.770,                     0.793,            82.129,                  9.483,                  10.699,             12.9577,             0.0618,       0.1810,                     421.9,           69033.1,           19.21,                    64.69, Cloud-dominated         ,              0.075,                    0, No            , None                      , Low               , C                 , 2015-12-04        , Stellar noise complicates the mass estimate.
XPS-AAKC  , Caeli Tertia   , Caeli Tertia-m   ,                   1, Primary    , Confirmed     ,           1999, Transit         , SkyScan Array        , Caeli Survey       ,               611.29, 611.3 ly                  , M        ,                ,             0.392,                   , Moderate        , Super-Earth ,                    ,                         ,                     0.124,                  ,                       ,                   1.135,            120.9509,             0.3311,       0.0106,                     167.2,            1504.2,           20.76,                    87.00, Methane candidate       ,              0.466,                    0, No            , None                      , High              , C                 , 2013-04-16        , Cloud cover may hide key atmospheric signals.
XPS-AAKD  , Astra One      , Astra One-e      ,                   1, Primary    , Confirmed     ,           2000, Pulsar Timing   , Northern Timing Lab  , Aurora Lab         ,               463.21, 463.2 ly                  , M        ,           0.450,             0.484,             3273.8, Active          , rocky       ,               0.856,                    0.149,                     0.016,             0.928,                  0.117,                   0.110,            167.9350,             0.4565,       0.0889,                     160.7,             262.7,           28.10,                    72.36, Methane candidate       ,              0.373,                    0, No            , None                      , Medium            , A                 , 2012/11/28        , Stellar noise complicates the mass estimate.
XPS-AAKE  , Mira Sigma     , Mira Sigma-y     ,                   2, Follow-up  , Confirmed     ,           2015, Transit         , Aurora Survey        , Pacific Lens Group ,                 9.27, 9.3 ly                    , A        ,           1.806,             1.553,             9191.8, Moderate        , Rocky       ,               1.200,                    0.218,                     0.119,             1.801,                  0.340,                        ,            652.6149,             1.7955,       0.1103,                     412.8,              51.0,            7.05,                    64.33,                         ,              0.358,                    0, No            , None                      , High              , C                 , 2016-07-13        , The distance entry uses a converted unit.
XPS-AAKF  , Caeli Quarta   , Caeli Quarta-f   ,                   2, Primary    , Confirmed     ,           2003, Radial Velocity , Red Mesa Array       , Caeli Survey       ,               110.82, 110.8 ly                  , G        ,           1.008,             1.006,             5369.9, Quiet           , Desert World,               1.358,                         ,                     0.197,             2.727,                  0.333,                   0.079,             48.1836,             0.2598,       0.1388,                     529.2,             153.1,            9.92,                    60.99,                         ,                   ,                    1, No            , None                      , Low               , B                 , 2017-12-06        , A faint secondary signal appears in some observations.
XPS-AAKG  , Auron C        , Auron C-r        ,                   1, Follow-up  , Confirmed     ,           2015, Pulsar Timing   , Radio Arc Array      , Aurora Lab         ,              2840.66, 2840.7 ly                 , G        ,           1.087,             1.081,             6059.4, Active          , Mini-Neptune,               4.299,                    0.531,                     0.088,                  ,                  6.162,                   0.849,           1374.2620,             2.4870,       0.0810,                     184.3,            1326.5,            7.90,                    63.49, Sodium signature        ,              0.540,                    0, No            , NONE                      , Medium            , B                 , 2019-02-01        , The record includes a later reanalysis.
XPS-AAKH  , Solis B        , Solis B-q        ,                   1, Primary    , Confirmed     ,           2023, Transit         , Orbital Lens Network , Meridian Study     ,                53.42, 16.4 pc                   , F        ,           1.170,             1.158,             6951.4, Moderate        , Mini-Neptune,               2.148,                    0.356,                     0.127,                  ,                       ,                   0.543,           1441.7824,             2.6319,       0.2647,                          ,             288.5,           13.38,                    72.05, Water vapor candidate   ,              0.608,                    0, No            , None                      , High              , C                 , 2013-11-07        , The record includes a later reanalysis.
XPS-AAKJ  , Arden Prime    , Arden Prime-s    ,                   2, Primary    , Confirmed     ,           2010, Transit         , Aurora Survey        , Blue Orbit Group   ,               881.79, 881.8 ly                  , K        ,           0.592,             0.676,             4557.9, Active          , Gas Giant   ,               8.099,                    0.744,                     0.307,            77.985,                  3.991,                  16.006,           2701.9609,             3.1888,       0.4202,                      99.3,           12318.6,            8.56,                    74.05, Hydrogen-rich           ,              0.028,                    5, No            , None                      , Low               , B                 , 01/02/2012        , Two observing teams reported slightly different radii.
XPS-AAKK  , Orin A         , Orin A-s         ,                   1, Primary    , Confirmed     ,           2023, Transit         , SkyScan Array        , Blue Orbit Group   ,               197.57, 60.6 pc                   , G        ,           0.987,                  ,             5483.6, Moderate        , Desert World,               1.631,                    0.157,                     0.217,             3.060,                  0.603,                   0.200,           2389.8700,             3.4820,       0.3567,                     129.0,             228.7,           29.47,                    92.44, Cloud-dominated         ,              0.273,                    0, No            , None                      , Medium            , D                 , 2023-03-02        , The system may contain another unseen world.
XPS-AAKL  , Eris Delta     , Eris Delta-h     ,                   1, Primary    , Confirmed     ,           2006, Transit         , North Ridge Array    , Aurora Lab         ,               189.25, 58.0 pc                   , K        ,           0.870,             0.901,             4023.9, Moderate        , Gas Giant   ,              13.238,                    1.631,                     0.788,          1900.000,                401.892,                 220.604,           3651.7317,             4.4251,             ,                      90.9,           18108.8,           14.18,                    64.30, Water vapor candidate   ,              0.027,                    0, No            , None                      , Low               , B                 , 2018-12-06        , Two observing teams reported slightly different radii.
XPS-AAKM  , Orin Major     , Orin Major-m     ,                   1, Primary    , Provisional   ,           2014, Transit         , North Ridge Array    , Meridian Study     ,                84.00, 84.0 ly                   , G        ,           1.092,             1.066,             5511.3, Moderate        , Mini-Neptune,               4.506,                    0.591,                     0.227,            30.000,                  3.892,                   0.565,              3.9794,             0.0506,       0.1959,                    1187.0,            1497.4,           50.69,                    72.39, No clear signal         ,              0.000,                    0, No            , None                      , Low               , D                 , 2011-05-01        , Cloud cover may hide key atmospheric signals.
XPS-AAKN  , Talos North    , Talos North-p    ,                   1, Primary    , Confirmed     ,           2016, Transit         , SkyScan Array        , Caeli Survey       ,              9616.73, 9616.7 ly                 , M        ,           0.184,             0.239,             3322.7, Active          , Rocky       ,               1.000,                    0.113,                     0.091,             1.467,                  0.163,                   0.232,             42.7981,             0.1362,             ,                     225.0,            1461.4,           16.76,                    65.96, Water vapor candidate   ,              0.783,                    0, No            , TIMING PATTERN UNRESOLVED , URGENT            , ?                 , 2013/01/28        , No unusual note was reported.
XPS-AAKP  , Arden Sigma    , Arden Sigma-h    ,                   1, Primary    , Confirmed     ,           2016, Direct Imaging  , Summit Imager        , Sky Atlas Team     ,              2834.61, 870.0 pc                  , G        ,           1.096,             1.088,             5606.5, Quiet           , Mini-Neptune,               2.720,                    0.130,                     0.316,            14.500,                  1.229,                   2.675,          26411.0532,            17.8960,       0.2177,                      58.7,             524.2,           11.72,                    72.98, Water vapor candidate   ,              0.056,                    0, No            , None                      , Medium            , B                 , 2023-11-26        , Stellar noise complicates the mass estimate.
XPS-AAKQ  , Astra Delta    , Astra Delta-j    ,                   1, Reanalysis , Confirmed     ,           1997, Transit         , Orbital Lens Network , Caeli Survey       ,                12.72, 12.7 ly                   , G        ,           1.010,             1.008,             5657.6, Moderate        , Mini-Neptune,               4.550,                    0.069,                     0.435,                  ,                  2.302,                   5.870,            163.2412,             0.5870,             ,                     349.9,            1710.1,            4.01,                    65.98, Carbon dioxide candidate,              0.662,                    0, No            , None                      , High              , C                 , 2013-12-03        , Two observing teams reported slightly different radii.
XPS-AAKR  , Novae Major    , Novae Major-e    ,                   2, Primary    , Confirmed     ,           2018, Transit         , North Ridge Array    , Sky Atlas Team     ,                20.90,                           , G        ,           1.054,             1.049,             5330.0, Highly active   , mini-neptune,               2.636,                    0.440,                     0.293,            17.423,                       ,                   1.671,            145.7306,             0.5509,       0.0521,                     344.6,             495.0,           13.34,                    75.57, No clear signal         ,              0.571,                    0, No            , None                      , Low               , C                 , 2022-04-20        , The record includes a later reanalysis.
XPS-AAKS  , Cyra Tertia    , Cyra Tertia-g    ,                   1, Primary    , Confirmed     ,           2011, Transit         , SkyScan Array        , Pacific Lens Group ,              3429.90, 3429.9 ly                 , M        ,           0.229,             0.318,             3174.9, Active          , Rocky       ,               0.459,                    0.072,                          ,             0.119,                  0.047,                   0.034,            904.0974,             1.1199,       0.0332,                      76.8,             174.6,           17.40,                    71.10, METHANE CANDIDATE       ,              0.118,                    0, No            , Asymmetric transit        , High              , C                 , 2024-06-13        , The host star varies across the observation cycle.
XPS-AAKT  , Zora Two       , Zora Two-m       ,                   2, Follow-up  , Confirmed     ,           1998, Radial Velocity , Red Mesa Array       , Blue Orbit Group   ,             11593.61, 3554.6 pc                 , M        ,           0.525,             0.611,             3185.7, Highly active   , Gas Giant   ,              14.302,                    2.244,                     1.421,          1741.531,                220.997,                 271.027,              3.4903,             0.0363,       0.1506,                          ,           43310.7,           47.40,                    77.79, Hydrogen-rich           ,              0.000,                    3, No            , None                      , Low               , C                 , 2019-02-16        , The system may contain another unseen world.
XPS-AAKU  , Neris Delta    , Neris Delta-h    ,                   1, Primary    , Confirmed     ,           1996, Transit         , North Ridge Array    , Blue Orbit Group   ,                25.10, 7.7 pc                    , G        ,           1.049,             1.039,             5667.1, Moderate        , Gas Giant   ,              10.430,                    0.536,                     0.587,           508.016,                 69.975,                  20.739,              3.4262,             0.0452,       0.4034,                    1217.7,            8456.2,           45.27,                    75.73, Hydrogen-rich           ,              0.000,                    0, No            , None                      , Low               , C                 , 2016-02-18        , Several measurements are absent from the early record.
XPS-AAKV  , Zora Sigma     , Zora Sigma-g     ,                   1, Primary    , Confirmed     ,           2000, Transit         , Aurora Survey        , Pacific Lens Group ,              1628.93, 499.4 pc                  , F        ,           1.353,                  ,             7325.0, Quiet           , Gas Giant   ,              14.602,                    1.052,                     2.036,          1291.994,                190.841,                  36.221,            858.1514,             1.9545,             ,                     271.9,           10413.6,           71.55,                    95.25, Hydrogen-rich           ,              0.169,                    0, No            , None                      , Low               , B                 , 2020-05-18        , The host star varies across the observation cycle.
XPS-AAKW  , Mira North     , Mira North-r     ,                   1, Follow-up  , Confirmed     ,           2019, transit         , Aurora Survey        , North Ridge Team   ,              9322.65, 9322.6 ly                 , K        ,           0.705,             0.744,             4565.8, Moderate        , Rocky       ,               1.099,                    0.169,                     0.020,             1.138,                  0.082,                   0.026,             33.7538,             0.1819,       0.2459,                     471.2,             183.1,            4.99,                    73.72, Carbon dioxide candidate,              0.107,                    0, No            , None                      , Low               , C                 , 06/11/2015        , The record includes a later reanalysis.
XPS-AAKX  , Noma Delta     , Noma Delta-n     ,                   1, Primary    , Confirmed     ,           2025, Microlensing    , Southern Lens Grid   , Caeli Survey       ,              6537.38,                           , M        ,           0.209,             0.229,             3146.2, Active          , Mini-Neptune,               2.442,                         ,                     0.194,            13.193,                  1.965,                        ,           4343.6613,             3.0910,       0.3269,                      43.6,            9547.1,            2.70,                    76.46, Methane candidate       ,              0.038,                    1, No            , Unusual dimming           , Medium            , A                 , 2024/07/09        , A faint secondary signal appears in some observations.
XPS-AAKY  , Arden C        , Arden C-r        ,                   1, Follow-up  , Provisional   ,           2002, transit         , SkyScan Array        , Caeli Survey       ,             11934.53,                           , K        ,           0.626,             0.702,             4098.9, Active          , Mini-Neptune,               2.051,                    0.192,                     0.026,             7.274,                  0.260,                   0.577,           3884.2835,             4.1363,       0.1132,                      74.9,             716.7,           23.39,                    79.66, Cloud-dominated         ,              0.096,                    0, No            , Unexpected infrared excess, Low               , C                 , 2022-02-24        , Infrared values remain above the expected model.
XPS-AAKZ  , Arden C        , Arden C-y        ,                   1, Follow-up  , Provisional   ,           2001, Transit         , Orbital Lens Network , Blue Orbit Group   ,                36.91, 36.9 ly                   , m        ,           0.530,             0.606,             3362.1, Active          , Super-Earth ,               1.808,                    0.191,                     0.046,             2.952,                  0.170,                   0.070,           5748.7200,             5.0832,             ,                      54.1,             745.7,            8.40,                    67.82, No clear signal         ,              0.063,                    0, No            , None                      , Low               , C                 , 12/30/2021        , Cloud cover may hide key atmospheric signals.
XPS-AALA  , Eris Prime     , Eris Prime-j     ,                   1, Primary    , Confirmed     ,           2022, Pulsar Timing   , Northern Timing Lab  , Sky Atlas Team     ,                 5.80, 5.8 ly                    , M        ,           0.469,             0.516,             3220.0, Quiet           , Mini-Neptune,               4.033,                    0.298,                     0.277,            30.000,                  8.229,                   0.382,            849.7009,             1.3637,       0.1676,                      92.3,            5113.3,           66.24,                    76.53, No clear signal         ,              0.161,                    0, No            , None                      , Low               , A                 , 2022-09-06        , Several measurements are absent from the early record.
XPS-AALB  , Orin Minor     , Orin Minor-c     ,                   1, Follow-up  , Confirmed     ,           1996, Direct Imaging  , Celestial Mirror One , Sky Atlas Team     ,               150.34, 150.3 ly                  , K        ,           0.717,             0.782,             4271.9, Quiet           , Mini-Neptune,               2.232,                    0.112,                     0.131,             6.243,                  0.499,                   0.472,          15070.5297,            10.6900,       0.0246,                      50.0,             690.0,            5.67,                    69.81, Water vapor candidate   ,              0.057,                    0, No            , None                      , medium            , B                 , 2013-02-06        , The system may contain another unseen world.
XPS-AALC  , Pavo South     , Pavo South-q     ,                   1, Primary    , Confirmed     ,           2016, RADIAL VELOCITY , Highland Spectrograph, Sky Atlas Team     ,               584.83, 179.3 pc                  , F        ,           1.178,             1.143,             7139.7, Active          , Ice Giant   ,               6.543,                    0.192,                     0.284,            95.000,                 18.417,                   3.802,            192.1037,             0.6900,       0.0446,                     400.8,            2749.7,           19.03,                    81.26, No clear signal         ,              0.083,                    0, No            , None                      , Low               , A                 , 2018-06-23        , The orbit may be tilted relative to the star.
XPS-AALD  , Rhea Minor     , Rhea Minor-e     ,                   1, Follow-up  , Confirmed     ,           2024, Transit         , SkyScan Array        , Solis Research Unit,                     , 122.5 ly                  , F        ,           1.510,             1.445,             6504.3, Active          , Gas Giant   ,               8.169,                    0.939,                     0.256,           128.313,                 33.087,                   2.661,            284.1722,             0.9706,       0.0292,                     367.3,            2690.0,           12.11,                    69.00, Hydrogen-rich           ,              0.093,                    4, No            , Possible moon signal      , Medium            , B                 , 2014-03-22        , The system may contain another unseen world.
XPS-AALE  , Mira B         , Mira B-y         ,                   1, Follow-up  , Confirmed     ,           2017, Microlensing    , Pacific Field Network, Meridian Study     ,              4643.27, 4643.3 ly                 , G        ,           1.087,             1.067,             5527.0, Moderate        , Desert World,               1.310,                    0.231,                     0.149,             1.856,                       ,                   0.278,          14606.3870,            12.0189,       0.3370,                      87.0,                  ,            7.59,                    59.94, Methane candidate       ,              0.128,                    0, No            , None                      , Medium            , C                 , 2012-07-23        , No unusual note was reported.
XPS-AALF  , Cyra Quarta    , Cyra Quarta-m    ,                   1, Reanalysis , CONFIRMED     ,           2006, Radial Velocity , Highland Spectrograph, Caeli Survey       ,              2235.02, 2235.0 ly                 , G        ,           1.119,             1.091,             5885.4, Moderate        , Rocky       ,               1.217,                    0.173,                     0.028,             1.402,                  0.324,                   0.289,              4.8426,             0.0582,             ,                    1235.4,             104.4,           22.47,                    65.64, Sodium signature        ,              0.000,                    0, No            , Variable transit depth    , Medium            , C                 , 2015-01-08        , The orbit may be tilted relative to the star.
XPS-AALG  , Cyra North     , Cyra North-f     ,                   1, Primary    , Disputed      ,           2000, Radial Velocity , Highland Spectrograph, North Ridge Team   ,                32.24, 32.2 ly                   , M        ,           0.556,             0.604,             3005.9, Moderate        , Rocky       ,               0.829,                    0.138,                     0.108,             0.921,                  0.249,                   0.064,              7.8242,             0.0634,       0.0278,                     487.0,                  ,           15.05,                    84.84, Sodium signature        ,              0.105,                    0, No            , Possible moon signal      , Medium            , A                 , 2019/04/17        , Follow-up data changed the estimated year length.
XPS-AALH  , Novae B        , Novae B-c        ,                   2, Primary    , Confirmed     ,           2023, Microlensing    , Southern Lens Grid   , Solis Research Unit,                 5.79,                           , K        ,           0.844,             0.851,             4162.2, Quiet           , Gas Giant   ,              10.485,                    1.635,                     0.279,           312.751,                  3.780,                        ,           4550.9585,                   ,             ,                      74.0,           12950.4,            7.75,                    67.92, Hydrogen-rich           ,              0.019,                    5, No            , None                      , Low               , D                 , 2021-05-17        , A faint secondary signal appears in some observations.
XPS-AALJ  , Caeli Minor    , Caeli Minor-q    ,                   1, Reanalysis , Confirmed     ,           2024, Transit Timing  , Long View Network    , Solis Research Unit,             13759.93, 13759.9 ly                , F        ,           1.139,             1.112,             6580.5, Moderate        , Ice Giant   ,               6.615,                    0.917,                     0.527,            95.000,                  8.636,                   4.744,           5916.3833,             6.6900,       0.1694,                     138.8,                  ,           11.40,                    69.44, No clear signal         ,              0.059,                    0, No            , None                      , Low               , B                 , 2023-10-03        , Two observing teams reported slightly different radii.
XPS-AALK  , Cetus C        , Cetus C-g        ,                   1, Primary    , Confirmed     ,           2021, Radial Velocity , Highland Spectrograph, Sky Atlas Team     ,                12.14, 12.1 ly                   , F        ,           1.319,                  ,             7382.2, Quiet           , Super-Earth ,               2.229,                    0.193,                          ,            15.000,                       ,                   3.013,              1.7397,             0.0310,       0.1333,                    2082.1,             279.1,            5.10,                    75.20, Sodium signature        ,              0.000,                    0, No            , Unusual dimming           , Low               , C                 , 2019-05-28        , The system may contain another unseen world.
XPS-AALL  , Auron South    , Auron South-c    ,                   2, Follow-up  , Confirmed     ,           2010, Transit         , Aurora Survey        , Caeli Survey       ,                29.81, 29.8 ly                   , G        ,           1.004,             1.004,             5835.8, Active          , Rocky       ,               1.112,                    0.081,                     0.084,             0.991,                  0.035,                   0.052,             37.6725,             0.2203,       0.4564,                     647.5,              96.9,           47.36,                    84.35, No clear signal         ,              0.000,                    0, No            , Unusual dimming           , Low               , B                 , 2024/03/08        , The atmospheric result has low certainty.
XPS-AALM  , Kepleris B     , Kepleris B-c     ,                   2, Primary    , Confirmed     ,           2007, Transit         , SkyScan Array        , Blue Orbit Group   ,                16.31, 5.0 pc                    , M        ,           0.469,             0.535,             3703.3, Quiet           , Mini-Neptune,               2.353,                    0.216,                     0.261,            11.557,                  0.423,                        ,             22.4690,             0.1209,       0.0658,                     396.5,                  ,           14.61,                    87.00,                         ,              0.451,                    0, No            , Variable transit depth    , High              , B                 , 2024-06-29        , The system may contain another unseen world.
XPS-AALN  , Luma Delta     , Luma Delta-b     ,                   1, Primary    , Confirmed     ,           2004, Transit         , aurora survey        , Meridian Study     ,               232.11, 232.1 ly                  , F        ,           1.444,             1.306,             6434.4, Moderate        , Gas Giant   ,              15.659,                    2.589,                     1.288,                  ,                       ,                  50.011,           2530.4815,             4.1077,       0.2108,                     156.2,           12061.5,           47.96,                    79.16, Hydrogen-rich           ,              0.087,                    0, No            , None                      , Low               , A                 , 2013-02-08        , Two observing teams reported slightly different radii.
XPS-AALP  , Astra B        , Astra B-y        ,                   1, Primary    , CONFIRMED     ,           2016, Transit         , North Ridge Array    , Sky Atlas Team     ,               293.43, 90.0 pc                   , K        ,           0.690,             0.705,             4458.2, Moderate        , Super-Earth ,               2.018,                    0.349,                     0.190,             5.205,                  0.072,                        ,              8.5054,             0.0718,             ,                     746.4,             690.0,           12.94,                    78.57, Sodium signature        ,              0.000,                    0, No            , Variable transit depth    , low               , A                 , 2020-06-14        , The distance entry uses a converted unit.
XPS-AALQ  , Kepleris Minor , Kepleris Minor-s ,                   1, Primary    , Confirmed     ,           2018, Microlensing    , Andes Survey         , Sky Atlas Team     ,              1618.63, 1618.6 ly                 , M        ,           0.460,             0.504,             3566.4, Moderate        , Gas Giant   ,              10.455,                    1.876,                     0.762,           429.922,                100.726,                  14.823,          15827.1619,             9.5216,       0.0556,                      43.6,           36077.6,           34.69,                    65.87, Hydrogen-rich           ,              0.010,                    4, No            , None                      , Low               , B                 , 02/09/2019        , The record includes a later reanalysis.
XPS-AALR  , Talos North    , Talos North-p    ,                   2, Primary    , Confirmed     ,           2000, Radial Velocity , Red Mesa Array       , Aurora Lab         ,              2238.91, 2238.9 ly                 , A        ,           2.347,             1.893,             8889.3, Quiet           , Mini-Neptune,               3.874,                    0.102,                     0.177,            28.239,                       ,                   2.984,              6.2536,             0.0882,       0.4056,                    2199.1,             346.7,           21.71,                    59.17, No clear signal         ,              0.000,                    0, No            , None                      , Low               , B                 , 2015-12-23        , The atmospheric result has low certainty.
XPS-AALS  , Auron Quarta   , Auron Quarta-k   ,                   1, Follow-up  , Confirmed     ,           2004, Transit         , North Ridge Array    , Meridian Study     ,                     , 208.2 pc                  , M        ,           0.138,             0.234,             2690.0, Active          , Super-Earth ,               1.481,                    0.018,                     0.109,                  ,                  0.332,                   0.327,          11144.8598,             5.0496,             ,                      27.2,            3354.1,           78.74,                    80.93, Methane candidate       ,              0.023,                    0, No            , Unusual dimming           , Medium            , C                 , 2022-08-28        , Two observing teams reported slightly different radii.
XPS-AALT  , Kepleris B     , Kepleris B-b     ,                   2, Follow-up  , Confirmed     ,           2025, Radial Velocity , Solis Observatory    , Blue Orbit Group   ,               117.43, 117.4 ly                  , K        ,           0.792,             0.817,             4789.8, Moderate        , Ice Giant   ,               4.819,                    0.763,                     0.451,            69.835,                 12.514,                   3.625,            394.6019,             0.9733,       0.1797,                     204.9,            2935.9,           18.76,                    76.18, No clear signal         ,              0.150,                    0, No            , None                      , Low               , D                 , 2012-03-06        , The atmospheric result has low certainty.
XPS-AALU  , Orin Delta     , Orin Delta-t     ,                   1, Primary    , Confirmed     ,           2006, Microlensing    , Pacific Field Network, Solis Research Unit,              3569.00, 3569.0 ly                 , M        ,           0.211,             0.260,             2787.0, MODERATE        , Mini-Neptune,               2.746,                    0.262,                     0.303,             5.000,                  0.362,                   0.218,          13937.6163,             6.7487,       0.2019,                      23.8,            9369.7,           81.07,                    72.04, No clear signal         ,              0.022,                    0, No            , None                      , Low               , D                 , 08/19/2023        , The record includes a later reanalysis.
XPS-AALV  , Astra B        , Astra B-y        ,                   2, Primary    , Confirmed     ,           2019, Transit         , SkyScan Array        , North Ridge Team   ,                20.28, 20.3 ly                   , F        ,           1.321,             1.287,             7019.2, Moderate        , Ice Giant   ,               7.222,                    0.350,                     0.538,            87.647,                  2.172,                   7.962,              4.2251,             0.0561,       0.0877,                          ,            2540.5,           10.95,                    69.00, Sodium signature        ,              0.000,                    3, Yes           , Possible ring system      , Medium            , A                 , 2021-06-04        , The host star varies across the observation cycle.
XPS-AALW  , Mira C         , Mira C-j         ,                   1, Primary    , Disputed      ,           2025, Pulsar Timing   , Radio Arc Array      , Caeli Survey       ,              4230.00, 4230.0 ly                 , A        ,           1.963,             1.678,             8111.7, Active          , Lava World  ,               0.935,                    0.047,                     0.013,             0.805,                       ,                   0.087,              1.9210,             0.0379,       0.3052,                    2764.2,              26.0,            6.29,                    71.01, Sodium signature        ,              0.000,                    0, No            , None                      , Low               , D                 , 2018-03-12        , The host star varies across the observation cycle.
XPS-AALX  , Selene Tertia  , Selene Tertia-w  ,                   1, Primary    , Confirmed     ,           1998, Transit         , Orbital Lens Network , Solis Research Unit,              2842.56, 871.5 pc                  , M        ,           0.311,             0.369,             2849.3, Moderate        , Rocky       ,                    ,                    0.156,                     0.111,             0.470,                  0.085,                        ,            921.1695,             1.2554,       0.4187,                      70.2,             544.4,           59.26,                    74.65, Sodium signature        ,              0.102,                     , No            , None                      , Low               , ?                 , 2025-09-21        , Transit timing varies across observation windows.
XPS-AALY  , Mira C         , Mira C-p         ,                   1, Primary    , Confirmed     ,           1999, Transit         , Aurora Survey        , Meridian Study     ,                50.09, 15.4 pc                   , G        ,           1.071,             1.052,             5367.6, Moderate        , Mini-Neptune,               2.812,                    0.375,                     0.409,             6.070,                  0.552,                   0.756,           1517.9643,             2.6444,       0.1985,                     176.5,             599.7,           27.76,                    78.54, Carbon dioxide candidate,              0.548,                    0, No            , None                      , Medium            , A                 , 2022-06-15        , Follow-up data changed the estimated year length.
XPS-AALZ  , Arden Delta    , Arden Delta-f    ,                   1, primary    , Confirmed     ,           2017, Transit         , Orbital Lens Network , North Ridge Team   ,                12.46, 12.5 ly                   , M        ,           0.567,                  ,             2802.6, Active          , Super-Earth ,               2.329,                         ,                     0.185,                  ,                  0.763,                   0.575,                    ,             0.0790,       0.1254,                     417.6,            1199.1,            6.81,                    73.97, Carbon dioxide candidate,              0.251,                    0, No            , None                      , Medium            , B                 , 2013-02-16        , Stellar noise complicates the mass estimate.
XPS-AAMA  , Mira Quarta    , Mira Quarta-t    ,                   1, Primary    , Confirmed     ,           2015, Transit         , Orbital Lens Network , Caeli Survey       ,               297.94, 297.9 ly                  , F        ,           1.269,             1.209,             6520.3, Quiet           , Gas Giant   ,               7.572,                    1.180,                     1.052,           815.832,                221.690,                  53.695,              2.0690,             0.0344,       0.1897,                    1690.0,            3289.7,            5.72,                    69.38, Sodium signature        ,              0.000,                    0, Yes           , None                      , Low               , B                 , 2018-05-13        , The orbit may be tilted relative to the star.
XPS-AAMB  , Tarin A        , Tarin A-p        ,                   1, Primary    , CONFIRMED     ,           2025, Radial Velocity , Highland Spectrograph, Pacific Lens Group ,              1252.14, 1252.1 ly                 , M        ,           0.225,             0.255,             3899.3, Moderate        , Rocky       ,               1.499,                         ,                     0.038,             4.005,                       ,                        ,          15961.3748,             7.5476,             ,                      34.1,            2907.8,           16.26,                    64.13, Hydrogen-rich           ,              0.034,                    0, No            , None                      , Low               , B                 , 2016-09-03        , The host star varies across the observation cycle.
XPS-AAMC  , Talos North    , Talos North-p    ,                   2, Follow-up  , Confirmed     ,           2016, Transit Timing  , Clockwork Survey     , Aurora Lab         ,               971.46, 971.5 ly                  , G        ,           1.051,             1.037,             5808.4, Moderate        , Mini-Neptune,               3.456,                    0.309,                          ,            29.113,                  6.513,                        ,            733.1706,             1.6163,       0.1232,                     238.8,             936.9,           65.96,                    76.89, Water vapor candidate   ,              0.962,                    0, No            , Timing pattern unresolved , Urgent            , B                 , 2015-03-01        , Follow-up data changed the estimated year length.
XPS-AAMD  , Mira North     , Mira North-m     ,                   1, Primary    , Confirmed     ,           2015, Astrometry      , Gaia-Like Survey Lab , Aurora Lab         ,              9823.45, 9823.5 ly                 , F        ,           1.369,             1.299,                   , Moderate        , Rocky       ,               0.590,                    0.096,                     0.078,             0.315,                  0.037,                   0.046,                    ,             0.2105,             ,                     818.9,              17.3,           31.13,                    78.78, High-altitude haze      ,              0.000,                    0, No            , None                      , Low               , A                 , 2025-09-14        , The record includes a later reanalysis.
XPS-AAME  , Arden South    , Arden South-x    ,                   1, Follow-up  , Provisional   ,           1999, Transit         , Orbital Lens Network , Pacific Lens Group ,                22.61, 22.6 ly                   , G        ,           1.083,             1.072,             5781.3, Moderate        , Super-Earth ,               2.013,                    0.185,                     0.175,            13.552,                  0.857,                   2.913,              2.0098,                   ,       0.1667,                    1738.3,                  ,            4.24,                    69.00, No clear signal         ,              0.000,                    1, No            , Variable transit depth    , Low               , ?                 , 2022-02-25        , A faint secondary signal appears in some observations.
XPS-AAMF  , Solis Minor    , Solis Minor-r    ,                   1, Primary    , Confirmed     ,           2024, Microlensing    , pacific field network, Blue Orbit Group   ,              6702.42, 6702.4 ly                 , G        ,           1.024,             1.020,             5888.0, Active          , Mini-Neptune,               3.872,                    0.250,                     0.106,            10.126,                       ,                   1.809,           4336.8491,             5.2461,       0.3415,                     116.0,            1209.1,           34.28,                    82.91, High-altitude haze      ,              0.255,                    0, No            , Possible moon signal      , Medium            , C                 , 2014-07-02        , The distance entry uses a converted unit.
XPS-AAMG  , Cetus Major    , Cetus Major-b    ,                   1, Primary    , Provisional   ,           2008, Transit         , north ridge array    , Pacific Lens Group ,                73.14, 73.1 ly                   , K        ,           0.669,             0.690,             4656.6, Active          , Rocky       ,               1.487,                    0.219,                     0.074,             2.058,                  0.187,                        ,             27.8488,             0.1573,       0.2434,                     419.2,                  ,            9.69,                    73.03, Methane candidate       ,              0.251,                    0, No            , Timing pattern unresolved , High              , B                 , 2017-06-24        , The system may contain another unseen world.
XPS-AAMH  , Tarin Minor    , Tarin Minor-j    ,                   1, Primary    , Confirmed     ,           2019, Transit         , Orbital Lens Network , Aurora Lab         ,               181.12, 181.1 ly                  , F        ,           1.363,             1.333,             7332.8, Moderate        , Lava World  ,               1.083,                    0.072,                     0.079,             0.671,                       ,                   0.106,             17.3095,             0.1452,       0.3588,                    1514.8,              55.4,           15.54,                    78.79, Sodium signature        ,              0.000,                    0, No            , None                      , Low               , B                 , 2014-07-22        , The host star varies across the observation cycle.
XPS-AAMJ  , Talos Major    , Talos Major-w    ,                   1, Primary    , Confirmed     ,           2019, Transit Timing  , Multi-World Array    , Blue Orbit Group   ,               269.00, 269.0 ly                  , M        ,                ,             0.529,             3499.9, Highly active   , Mini-Neptune,               4.185,                    0.192,                     0.102,            30.000,                  5.733,                   5.223,              3.1466,             0.0328,       0.0887,                     596.7,                  ,           63.66,                    84.88, Hydrogen-rich           ,              0.003,                    0, no            , None                      , Low               , B                 , 2018-05-26        , Transit timing varies across observation windows.
XPS-AAMK  , Cyra Minor     , Cyra Minor-z     ,                   2, Follow-up  , Confirmed     ,           2003, Microlensing    , Pacific Field Network, Caeli Survey       ,               229.01, 229.0 ly                  , Subgiant ,           1.318,             1.232,             4858.3, Active          , Gas Giant   ,               9.973,                    0.961,                          ,           191.543,                 33.887,                  12.484,           3003.3079,                   ,       0.1092,                     118.2,            5314.3,            7.41,                    60.40, Hydrogen-rich           ,              0.048,                    1, Yes           , NONE                      , Low               , C                 , 2023-11-09        , Transit timing varies across observation windows.
XPS-AAML  , Cetus C        , Cetus C-v        ,                   1, Follow-up  , Confirmed     ,           1996, Transit         , Aurora Survey        , Solis Research Unit,                56.43, 56.4 ly                   , F        ,           1.429,             1.329,             7251.0, Moderate        , Ice Giant   ,               5.608,                    0.625,                     0.753,            95.000,                 19.090,                   7.630,             18.9887,             0.1569,       0.1656,                    1022.5,            1492.7,            5.08,                    70.51, Carbon dioxide candidate,              0.000,                    0, No            , None                      , Low               , A                 , 2019/08/24        , Several measurements are absent from the early record.
XPS-AAMM  , Arden Prime    , Arden Prime-d    ,                   1, Primary    , Provisional   ,           2009, Direct Imaging  , Summit Imager        , Meridian Study     ,              3919.24, 3919.2 ly                 , F        ,           1.394,             1.299,             6572.7, Highly active   , Ice Giant   ,               6.709,                    1.166,                          ,            95.000,                 14.671,                  16.210,         103592.9073,            48.2184,             ,                      57.4,                  ,           39.53,                    73.69, Water vapor candidate   ,              0.013,                    0, No            , None                      , Low               , A                 , 2024/10/09        , The host star varies across the observation cycle.
XPS-AAMN  , Cetus C        , Cetus C-v        ,                   2, Primary    , Confirmed     ,           2003, Transit         , North Ridge Array    , Solis Research Unit,               118.42, 36.3 pc                   , A        ,           1.678,             1.539,             9217.3, Moderate        , Ocean World ,               1.449,                    0.232,                     0.084,             1.325,                  0.175,                   0.231,             43.7308,             0.2888,       0.3408,                     410.8,              74.0,           15.62,                    74.05,                         ,              0.346,                    0, No            , None                      , Medium            , A                 , 2018-06-19        , The atmospheric result has low certainty.
XPS-AAMP  , Mira One       , Mira One-s       ,                   1, Follow-up  , Confirmed     ,           2005, Transit         , Orbital Lens Network , Solis Research Unit,                 8.56, 8.6 ly                    , G        ,           0.946,             0.955,             5364.3, Moderate        , Mini-Neptune,               3.475,                    0.349,                     0.434,                  ,                  5.213,                   3.916,           1188.0696,             2.1548,             ,                     179.2,            1110.2,           10.70,                    69.84, no clear signal         ,              0.466,                    1, No            , None                      , Low               , B                 , 2018-02-06        , No unusual note was reported.
XPS-AAMQ  , Luma A         , Luma A-p         ,                   1, Reanalysis , Confirmed     ,           2021, Transit         , SkyScan Array        , Pacific Lens Group ,                 7.17, 2.2 pc                    , F        ,           1.187,             1.133,             7206.5, Quiet           , Mini-Neptune,               2.988,                    0.243,                     0.116,             8.914,                  0.165,                   0.701,              9.1881,             0.0909,       0.1478,                          ,             582.8,           17.02,                    70.43, Hydrogen-rich           ,              0.000,                    0, No            , None                      , Low               , B                 , 2018-11-24        , The atmospheric result has low certainty.
XPS-AAMR  , Zora Minor     , Zora Minor-g     ,                   1, Primary    , Confirmed     ,           2012, Transit         , Orbital Lens Network , Caeli Survey       ,                58.75, 18.0 pc                   , K        ,           0.753,             0.771,             5134.4, Quiet           , Mini-Neptune,               3.653,                    0.438,                     0.130,            19.534,                  0.241,                   1.341,            285.6900,             0.7722,       0.0160,                     250.5,            1882.5,           16.20,                    77.04, Hydrogen-rich           ,              0.997,                    0, No            , None                      , High              , B                 , 2024-06-29        , Transit timing varies across observation windows.
XPS-AAMS  , Lyra Quarta    , Lyra Quarta-g    ,                   1, Primary    , Disputed      ,           2018, Radial Velocity , Solis Observatory    , Aurora Lab         ,                69.00, 69.0 ly                   , G        ,           1.114,             1.101,             5994.5, Moderate        , Super-Earth ,               1.917,                    0.314,                     0.237,             7.898,                  1.417,                   1.103,           4254.1795,             5.3267,       0.4694,                     119.8,                  ,            9.75,                    62.52, Water vapor candidate   ,              0.244,                    0, No            , Orbital drift             , High              , B                 , 2021-06-07        , A faint secondary signal appears in some observations.
XPS-AAMT  , Selene A       , Selene A-e       ,                   1, Follow-up  , Provisional   ,           2006, transit         , skyscan array        , Meridian Study     ,               110.33, 33.8 pc                   , M        ,           0.470,                  ,             3405.7, Moderate        , Rocky       ,               1.321,                    0.155,                     0.142,             2.248,                  0.062,                   0.152,             66.3958,             0.2496,       0.1393,                     211.0,             578.7,           20.19,                    87.00, Carbon dioxide candidate,              0.870,                    0, Yes           , Possible ring system      , High              , B                 , 2021-04-02        , Transit timing varies across observation windows.
XPS-AAMU  , Orin A         , Orin A-e         ,                   1, Primary    , Confirmed     ,           2021, transit         , Aurora Survey        , Blue Orbit Group   ,              4875.84, 4870.0 ly                 , M        ,           0.470,             0.549,             3217.1, Quiet           , Super-Earth ,               1.517,                    0.150,                     0.148,             2.463,                  0.472,                   0.113,            127.2791,             0.3850,             ,                     175.5,             640.7,            6.90,                    67.43, Hydrogen-rich           ,              0.526,                    0, No            , None                      , Medium            , C                 , 2012-09-06        , Stellar noise complicates the mass estimate.
XPS-AAMV  , Selene Two     , Selene Two-x     ,                   2, Follow-up  , Confirmed     ,           2009, Transit         , North Ridge Array    , Blue Orbit Group   ,               115.51, 115.5 ly                  , A        ,           2.171,             1.817,             8169.7, Moderate        , Lava World  ,               1.038,                    0.154,                     0.102,             1.436,                  0.284,                   0.137,            320.9413,             1.1874,       0.0795,                    1870.0,              27.9,           28.08,                    80.30,                         ,              0.000,                    0, No            , Possible moon signal      , Medium            , B                 , 2013-08-26        , The atmospheric result has low certainty.
XPS-AAMW  , Luma Two       , Luma Two-n       ,                   1, Primary    , Confirmed     ,           2003, Transit         , Aurora Survey        , Pacific Lens Group ,                25.20, 25.2 ly                   , K        ,           0.841,             0.881,             5181.0, Moderate        , Rocky       ,               0.500,                    0.053,                     0.026,             0.144,                  0.073,                   0.048,             93.5844,             0.3807,             ,                     369.0,              27.0,           13.56,                    72.22, Water vapor candidate   ,              0.592,                    0, Yes           , Possible ring system      , Urgent            , A                 , 2019-09-24        , Several measurements are absent from the early record.
XPS-AAMX  , Lyra Quarta    , Lyra Quarta-c    ,                   1, Follow-up  , Confirmed     ,           2021, Transit         , Aurora Survey        , Solis Research Unit,                14.11, 14.1 ly                   , G        ,           0.978,             0.981,             5496.1, Active          , Rocky       ,               1.175,                    0.036,                     0.032,             1.824,                       ,                   0.138,            505.9129,             1.2334,       0.2753,                     240.9,                  ,            2.88,                    62.82, Methane candidate       ,              1.000,                    0, No            , None                      , Urgent            , A                 , 2014-12-31        , The record includes a later reanalysis.
XPS-AAMY  , Arden Prime    , Arden Prime-p    ,                   2, Primary    , Confirmed     ,           2008, Transit         , Aurora Survey        , Blue Orbit Group   ,                40.43, 12.4 pc                   , F        ,           1.392,             1.292,             7258.6, Active          , Super-Earth ,               1.716,                    0.021,                     0.041,             2.275,                  0.524,                   0.181,              2.2444,             0.0374,       0.0587,                    2052.3,                  ,           13.06,                    69.77, Sodium signature        ,              0.000,                    0, No            , None                      , Low               , A                 , 2025-05-11        , No unusual note was reported.
XPS-AAMZ  , Caeli Two      , Caeli Two-s      ,                   1, Primary    , Confirmed     ,           2017, Transit         , Orbital Lens Network , North Ridge Team   ,               673.94, 673.9 ly                  , M        ,           0.295,             0.336,             3097.8, Highly active   , Rocky       ,               0.747,                    0.079,                          ,             0.580,                  0.045,                   0.040,             74.0400,             0.2297,       0.0440,                     198.5,             414.1,           37.92,                    66.77, No clear signal         ,              0.762,                    1, No            , variable transit depth    , High              , A                 , 2012-04-29        , A faint secondary signal appears in some observations.
XPS-AANA  , Rhea Delta     , Rhea Delta-y     ,                   1, Primary    , Confirmed     ,           1996, Transit         , North Ridge Array    , Solis Research Unit,              4675.94, 4675.9 ly                 , M        ,           0.219,             0.261,             3210.5, Moderate        , Rocky       ,               0.763,                    0.090,                     0.085,             0.410,                  0.052,                   0.027,           5107.7881,             3.4988,       0.0635,                          ,             719.8,            7.93,                    69.00, Sodium signature        ,              0.036,                    0, No            , None                      , Low               , B                 , 2017-07-20        , Transit timing varies across observation windows.
XPS-AANB  , Rhea Minor     , Rhea Minor-b     ,                   1, Primary    , Provisional   ,           2020, Radial Velocity , Solis Observatory    , Solis Research Unit,                31.55, 9.7 pc                    , K        ,           0.737,             0.794,             4352.8, Active          , Rocky       ,               0.515,                    0.084,                     0.076,                  ,                  0.094,                   0.054,           4650.9147,             4.9253,       0.5933,                      75.8,              35.2,           30.82,                    83.10, No clear signal         ,              0.096,                    0, Yes           , Possible ring system      , Medium            , A                 , 2017-11-20        , Two observing teams reported slightly different radii.
XPS-AANC  , Luma Delta     , Luma Delta-j     ,                   2, Primary    , Confirmed     ,           1998, Microlensing    , Andes Survey         , Solis Research Unit,              1923.67, 589.8 pc                  , M        ,           0.145,             0.233,                   , Moderate        , Rocky       ,               1.221,                    0.164,                     0.049,             1.928,                  0.145,                   0.030,           1717.7347,             1.4733,       0.1403,                      64.1,            2437.9,            9.79,                    95.78, Hydrogen-rich           ,              0.072,                    0, No            , Variable transit depth    , Low               , B                 , 01/14/2022        , The system may contain another unseen world.
XPS-AAND  , Pavo A         , Pavo A-p         ,                   1, Follow-up  , Confirmed     ,           2013, Transit         , SkyScan Array        , Aurora Lab         ,               723.59, 221.9 pc                  , M        ,           0.149,             0.241,             2556.8, Active          , SUPER-EARTH ,               1.690,                    0.160,                     0.024,             5.318,                  0.740,                   0.166,              5.5243,             0.0324,       0.2036,                          ,            4091.9,           19.69,                    69.00,                         ,              0.853,                    0, No            , Unexpected infrared excess, Urgent            , A                 , 2023-05-07        , The record includes a later reanalysis.
XPS-AANE  , Rhea Delta     , Rhea Delta-f     ,                   1, Primary    , Archived      ,           2001, Transit         , Orbital Lens Network , Aurora Lab         ,               312.65, 95.9 pc                   , M        ,           0.128,             0.189,             3899.5, Moderate        , Gas Giant   ,              15.640,                    1.269,                     0.750,           217.384,                 17.037,                  31.071,            192.7164,             0.3293,       0.0532,                          ,          572071.2,           20.35,                    82.54, Hydrogen-rich           ,              0.055,                     , No            , None                      , Low               , C                 , 2013-11-18        , No unusual note was reported.
XPS-AANF  , Zora Prime     , Zora Prime-s     ,                   1, PRIMARY    , Confirmed     ,           1995, Astrometry      , Gaia-Like Survey Lab , Aurora Lab         ,                22.56, 22.6 ly                   , K        ,           0.851,                  ,             4035.2, Moderate        , Mini-Neptune,               2.573,                    0.310,                     0.240,            10.377,                  1.036,                        ,            199.8782,             0.6341,       0.0511,                     231.6,             733.1,           21.58,                    76.12, No clear signal         ,              0.646,                    0, No            , None                      , Medium            , C                 , 2014-05-21        , Stellar noise complicates the mass estimate.
XPS-AANG  , Tarin Minor    , Tarin Minor-d    ,                   1, Primary    , Confirmed     ,           2022, Transit         , North Ridge Array    , Blue Orbit Group   ,              1858.25, 569.7 pc                  , Subgiant ,           1.085,             1.071,             4508.9, Quiet           , Ice Giant   ,               5.093,                    0.188,                     0.356,                  ,                  1.160,                  20.555,             93.9741,             0.4157,       0.0657,                     350.3,            1897.6,           12.92,                    75.71, No clear signal         ,              0.113,                    1, Yes           , None                      , Low               , B                 , 2021-08-22        , The host star varies across the observation cycle.
XPS-AANH  , Cetus Major    , Cetus Major-r    ,                   1, Primary    , Confirmed     ,           2013, Microlensing    , Southern Lens Grid   , North Ridge Team   ,                     , 29.7 pc                   , M        ,           0.391,             0.421,             2527.1, Active          , Rocky       ,               1.242,                    0.130,                     0.146,             1.770,                  0.411,                   0.146,           8091.3793,             5.7656,       0.2872,                          ,             729.7,            9.50,                    66.79, Hydrogen-rich           ,              0.032,                    1, No            , None                      , Low               , B                 , 2021-03-22        , Two observing teams reported slightly different radii.
XPS-AANJ  , Tarin Minor    , Tarin Minor-c    ,                   1, Primary    , Confirmed     ,           2009, Transit         , Aurora Survey        , Solis Research Unit,               517.97, 158.8 pc                  , F        ,           1.287,             1.263,             7326.6, Quiet           , Gas Giant   ,              17.361,                    2.434,                     2.104,                  ,                304.644,                 345.969,             12.2640,                   ,       0.2394,                    1306.4,           15852.3,            6.44,                    76.78, Hydrogen-rich           ,              0.000,                    0, No            , None                      , Low               , B                 , 2025-08-30        , The atmospheric result has low certainty.
XPS-AANK  , Mira Minor     , Mira Minor-j     ,                   1, Primary    , Confirmed     ,           2013, Pulsar Timing   , Northern Timing Lab  , Sky Atlas Team     ,              3532.84, 3532.8 ly                 , M        ,                ,             0.370,             2569.0, Moderate        , Gas Giant   ,              10.064,                    0.888,                          ,           605.745,                 49.081,                        ,             12.2826,             0.0725,             ,                     293.7,           62169.0,            9.92,                    75.41, Hydrogen-rich           ,              0.136,                    0, No            , None                      , Low               , B                 , 08/16/2014        , The record includes a later reanalysis.
XPS-AANL  , Cetus A        , Cetus A-m        ,                   2, Follow-up  , Confirmed     ,           2014, microlensing    , Southern Lens Grid   , Pacific Lens Group ,             10119.60, 3102.7 pc                 , K        ,           0.642,             0.721,             5124.8, Active          , Rocky       ,               0.474,                    0.051,                     0.035,             0.096,                  0.069,                   0.076,            325.1314,             0.7982,       0.0851,                     249.5,                  ,          147.09,                    88.04, High-altitude haze      ,              0.716,                    0, No            , Unusual dimming           , High              , A                 , 2014-07-17        , Follow-up data changed the estimated year length.
XPS-AANM  , Cyra Two       , Cyra Two-m       ,                   1, Follow-up  , Confirmed     ,           2017, Transit         , SkyScan Array        , Pacific Lens Group ,                65.97, 66.0 ly                   , G        ,           0.918,             0.928,             5278.0, Moderate        , Gas Giant   ,              11.795,                    1.823,                     0.055,           353.150,                 18.149,                  58.949,            205.1702,             0.6617,       0.1846,                     305.9,           13554.4,           23.57,                    65.76, Hydrogen-rich           ,              0.132,                    2, Yes           , Possible ring system      , Medium            , C                 , 2024-06-24        , No unusual note was reported.
XPS-AANN  , Rhea Sigma     , Rhea Sigma-x     ,                   1, Follow-up  , Confirmed     ,           2011, Radial Velocity , Solis Observatory    , Sky Atlas Team     ,                 8.10, 8.1 ly                    , F        ,           1.337,             1.309,             6624.6, Quiet           , Lava World  ,               1.234,                    0.132,                     0.037,             2.580,                  0.350,                   0.484,            131.0434,             0.5563,       0.3577,                    1958.4,              74.5,            4.21,                    70.49, SODIUM SIGNATURE        ,              0.000,                    0, No            , Possible moon signal      , Medium            , B                 , 2021-12-24        , Follow-up data changed the estimated year length.
XPS-AANP  , Cetus B        , Cetus B-d        ,                   1, Follow-up  , Confirmed     ,           2001, Microlensing    , Pacific Field Network, Aurora Lab         ,              1926.39, 1926.4 ly                 , F        ,           1.500,             1.412,             6988.2, Quiet           , Rocky       ,               1.103,                    0.124,                     0.031,             0.743,                  0.159,                        ,           1061.2497,             2.3311,       0.0519,                     269.9,                  ,           21.38,                    72.56, No clear signal         ,              1.000,                    0, No            , None                      , high              , A                 , 2024/12/20        , A faint secondary signal appears in some observations.
XPS-AANQ  , Arden South    , Arden South-r    ,                   1, Reanalysis , Confirmed     ,           2013, Transit         , Aurora Survey        , Caeli Survey       ,               135.91, 41.7 pc                   , F        ,           1.482,             1.355,             6912.8, Active          , Super-Earth ,               2.025,                    0.243,                     0.246,             3.983,                  0.806,                   0.061,           3889.1044,             5.5184,       0.0141,                     169.0,             187.3,            6.10,                    82.96, Water vapor candidate   ,              0.466,                    0, No            , Asymmetric transit        , Urgent            , B                 , 2022/02/08        , The orbit may be tilted relative to the star.
XPS-AANR  , Lyra North     , Lyra North-n     ,                   1, Follow-up  , Confirmed     ,           2003, Transit         , Aurora Survey        , Blue Orbit Group   ,              1749.91, 536.5 pc                  , K        ,           0.690,             0.706,             5174.9, Moderate        , Rocky       ,               0.556,                    0.015,                     0.046,             0.100,                  0.049,                   0.020,            526.7277,             1.1273,       0.2588,                     216.4,              52.0,           15.67,                    72.82, Hydrogen-rich           ,              0.883,                    0, No            , Orbital drift             , High              , D                 , 2012-09-12        , The host star varies across the observation cycle.
XPS-AANS  , Auron Two      , Auron Two-p      ,                   1, Follow-up  , Confirmed     ,           2017, Radial Velocity , Highland Spectrograph, Sky Atlas Team     ,               255.48, 255.5 ly                  , M        ,           0.535,             0.607,             3130.3, Moderate        , Rocky       ,               0.634,                    0.058,                     0.016,             0.228,                  0.050,                   0.021,            479.4163,             0.9735,             ,                     118.1,                  ,           18.47,                    72.90, Oxygen candidate        ,              0.220,                    0, Yes           , POSSIBLE RING SYSTEM      , medium            , B                 , 2015-01-29        , Several measurements are absent from the early record.
XPS-AANT  , Eris North     , Eris North-p     ,                   1, Primary    , Confirmed     ,           2022, transit timing  , Multi-World Array    , Aurora Lab         ,               725.07, 222.3 pc                  , M        ,           0.396,             0.508,             2766.7, Quiet           , Gas Giant   ,               8.954,                    0.974,                     0.894,           128.644,                 17.434,                  16.624,           3690.8715,             3.4319,       0.0132,                      56.5,           26093.4,            2.42,                    69.00, Water vapor candidate   ,              0.010,                    0, No            , Asymmetric transit        , Medium            , C                 , 2016-07-15        , Transit timing varies across observation windows.
XPS-AANU  , Mira One       , Mira One-e       ,                   1, PRIMARY    , Confirmed     ,           1997, Radial Velocity , Highland Spectrograph, Meridian Study     ,                 7.67, 7.7 ly                    , K        ,           0.747,             0.759,             4796.8, Quiet           , Rocky       ,               1.442,                    0.079,                     0.125,             3.303,                  0.675,                   0.605,            103.2816,             0.3910,       0.3755,                     337.1,             302.2,           12.67,                    75.17, Carbon dioxide candidate,              0.638,                    0, No            , None                      , High              , ?                 , 2017-09-09        , The host star varies across the observation cycle.
XPS-AANV  , Mira Tertia    , Mira Tertia-k    ,                   1, Primary    , Confirmed     ,           2009, Transit         , Aurora Survey        , Solis Research Unit,               182.44, 182.4 ly                  , M        ,           0.453,             0.487,             3531.6, Active          , Rocky       ,               0.726,                    0.050,                     0.055,                  ,                  0.111,                        ,            394.5967,             0.8087,       0.1715,                     140.4,             187.0,           12.75,                    79.84, Methane candidate       ,              0.300,                    0, No            , None                      , High              , B                 , 2024-06-20        , Two observing teams reported slightly different radii.
XPS-AANW  , Kepleris One   , Kepleris One-j   ,                   1, Primary    , Confirmed     ,           2015, Astrometry      , Vector Star Mapper   , Solis Research Unit,                77.06, 77.1 ly                   , G        ,           1.052,             1.045,             5772.1, quiet           , Gas Giant   ,              12.805,                         ,                     0.079,           799.420,                116.774,                 110.717,            245.7613,             0.7810,             ,                     287.0,           12596.6,           27.49,                    77.23, Hydrogen-rich           ,              0.132,                    1, Yes           , Possible ring system      , Low               , B                 , 2021-12-09        , The atmospheric result has low certainty.
XPS-AANX  , Arden A        , Arden A-k        ,                   1, Primary    , Confirmed     ,           1999, Radial Velocity , Highland Spectrograph, Pacific Lens Group ,               111.90, 111.9 ly                  , K        ,           0.769,             0.797,             4444.0, Quiet           , Gas Giant   ,              15.288,                    2.513,                     2.027,           693.747,                 81.095,                  44.913,           3103.6500,             3.8139,       0.1463,                      91.9,           30822.7,           13.18,                    66.29, Sodium signature        ,              0.025,                    0, Yes           , None                      , Low               , B                 , 2018/07/25        , The distance entry uses a converted unit.
XPS-AANY  , Selene Delta   , Selene Delta-x   ,                   1, Reanalysis , Confirmed     ,           2022, Transit         , Orbital Lens Network , Sky Atlas Team     ,              2667.84, 2667.8 ly                 , K        ,           0.872,             0.899,             3923.2, Quiet           , Desert World,               1.977,                    0.318,                     0.176,             6.603,                       ,                   0.309,            474.0606,             1.1366,       0.2166,                     163.9,             405.1,            7.00,                    75.03, Water vapor candidate   ,              0.434,                    0, No            , None                      , High              , B                 , 2019-09-10        , The host star varies across the observation cycle.
XPS-AANZ  , Eris Major     , Eris Major-z     ,                   1, Primary    , Confirmed     ,           2019, Transit         , North Ridge Array    , Sky Atlas Team     ,              4431.07, 1358.6 pc                 , M        ,           0.331,             0.405,             3087.0, Moderate        , Super-Earth ,               1.485,                    0.200,                     0.064,             2.000,                  0.330,                   0.452,                    ,                   ,       0.1132,                     104.4,            1125.6,           10.44,                    77.88, High-altitude haze      ,              0.217,                    0, no            , Orbital drift             , Medium            , A                 , 2011-03-08        , Follow-up data changed the estimated year length.
XPS-AAPA  , Talos Prime    , Talos Prime-s    ,                   1, Follow-up  , Provisional   ,           1996, Transit         , SkyScan Array        , North Ridge Team   ,                11.13, 11.1 ly                   , K        ,           0.797,             0.807,             4365.5, Quiet           , Desert World,               1.788,                    0.240,                     0.253,             2.706,                  0.170,                        ,             20.1690,             0.1344,       0.0875,                     454.6,             411.4,           23.62,                    66.50, Carbon dioxide candidate,              0.180,                    0, No            , None                      , Low               , B                 , 2017-10-17        , Several measurements are absent from the early record.
XPS-AAPB  , Novae Sigma    , Novae Sigma-j    ,                   1, Primary    , Confirmed     ,           2022, Microlensing    , Andes Survey         , Sky Atlas Team     ,               184.51, 184.5 ly                  , Subgiant ,           0.842,             0.858,             7130.4, Moderate        , Mini-Neptune,               4.337,                    0.648,                     0.339,            30.000,                  1.440,                   6.262,           1099.4522,             1.9690,       0.1380,                     223.8,                  ,           28.21,                    71.13, Water vapor candidate   ,              0.899,                    0, No            , None                      , Urgent            , B                 , 2024-12-18        , The atmospheric result has low certainty.
XPS-AAPC  , Solis B        , Solis B-s        ,                   2, Follow-up  , Provisional   ,           2018, Transit Timing  , Clockwork Survey     , Meridian Study     ,              1649.27, 1649.3 ly                 , M        ,           0.432,             0.459,             3351.1, Moderate        , Mini-Neptune,               3.352,                    0.047,                     0.301,             8.053,                  1.093,                   0.769,             30.3069,             0.1437,       0.0198,                     278.4,            4219.4,           10.00,                    79.64, Hydrogen-rich           ,              1.000,                    0, No            , None                      , High              , C                 , 2020-09-22        , Cloud cover may hide key atmospheric signals.
XPS-AAPD  , Talos Major    , Talos Major-x    ,                   1, Primary    , Provisional   ,           1999, Transit         , Aurora Survey        , Blue Orbit Group   ,                37.20, 11.4 pc                   , M        ,           0.265,             0.289,             3193.9, Quiet           , Ice Giant   ,               3.201,                    0.012,                     0.192,            12.000,                       ,                   0.922,           6554.4331,             4.4005,       0.0025,                      42.0,                  ,            4.88,                    77.54, No clear signal         ,              0.009,                    0, No            , Possible moon signal      , Low               , C                 , 2020-05-02        , A faint secondary signal appears in some observations.
XPS-AAPE  , Vela B         , Vela B-t         ,                   1, Reanalysis , Confirmed     ,           2019, Transit         , Orbital Lens Network , North Ridge Team   ,                12.28, 12.3 ly                   , G        ,           0.956,             0.962,                   , Moderate        , Rocky       ,               1.015,                    0.133,                     0.019,             1.043,                  0.142,                   0.144,              3.5855,             0.0452,             ,                    1402.1,              93.3,            8.94,                    73.31, Sodium signature        ,              0.000,                    0, No            , None                      , Low               , B                 , 2025-05-27        , The distance entry uses a converted unit.
XPS-AAPF  , Orin Prime     , Orin Prime-m     ,                   1, Primary    , Confirmed     ,           2023, Direct Imaging  , Polar Optics Array   , Solis Research Unit,              2800.14, 858.5 pc                  , K        ,           0.777,             0.799,             5115.3, Active          , Lava World  ,               1.429,                    0.048,                     0.138,             3.454,                  0.620,                        ,           3067.2987,             3.7977,       0.1878,                    1690.0,             269.0,           12.36,                    67.51, Sodium signature        ,              0.000,                    0, No            , none                      , Low               , C                 , 2012-05-12        , A faint secondary signal appears in some observations.
XPS-AAPG  , Lyra One       , Lyra One-y       ,                   1, Primary    , Confirmed     ,           2010, Transit         , North Ridge Array    , North Ridge Team   ,              5850.20, 1793.7 pc                 , M        ,           0.571,             0.610,             2519.6, Moderate        , Super-Earth ,               1.829,                    0.089,                     0.144,             5.964,                  1.397,                   0.982,              8.5303,             0.0678,       0.2075,                     353.7,             755.3,            4.05,                    58.31, Oxygen candidate        ,              0.765,                    0, No            , Unexpected infrared excess, Urgent            , C                 , 2020-09-30        , Cloud cover may hide key atmospheric signals.
XPS-AAPH  , Novae One      , Novae One-t      ,                   1, Follow-up  , Confirmed     ,           2014, Transit         , Aurora Survey        , Pacific Lens Group ,              3708.98, 1137.2 pc                 , K        ,           0.602,             0.623,             5004.1, Quiet           , ocean world ,               1.405,                    0.060,                     0.082,             2.259,                  0.199,                   0.139,                    ,             0.2310,       0.2627,                     360.6,             428.1,           21.67,                    87.00, Water vapor candidate   ,                   ,                    0, No            , None                      , High              , C                 , 2018-10-03        , The system may contain another unseen world.
XPS-AAPJ  , Tarin Tertia   , Tarin Tertia-s   ,                   1, Primary    , Confirmed     ,           2021, Radial Velocity , Highland Spectrograph, Blue Orbit Group   ,               140.09, 43.0 pc                   , K        ,           0.600,             0.655,             4199.4, Quiet           , Super-Earth ,               1.472,                    0.176,                     0.146,             4.564,                  0.875,                   0.083,           5423.0111,             5.0946,       0.5319,                      73.3,             424.1,           18.37,                    74.72,                         ,              0.094,                    0, No            , None                      , Low               , B                 , 2012-12-29        , Several measurements are absent from the early record.
XPS-AAPK  , Luma Two       , Luma Two-d       ,                   1, FOLLOW-UP  , Confirmed     ,           2021, Transit         , Aurora Survey        , Meridian Study     ,                 7.75, 7.7 ly                    , A        ,           1.600,             1.512,             8837.4, Moderate        , Gas Giant   ,              15.360,                    1.987,                     0.578,          1335.033,                 51.898,                 304.419,            250.4138,             0.9094,       0.3567,                     523.0,            8771.3,            8.83,                    72.53, Cloud-dominated         ,              0.008,                     , No            , None                      , Low               , B                 , 2015-02-16        , The orbit may be tilted relative to the star.
XPS-AAPL  , Cyra Two       , Cyra Two-d       ,                   1, Primary    , Confirmed     ,           2020, Radial Velocity , Highland Spectrograph, Caeli Survey       ,                30.98, 31.0 ly                   , G        ,           1.016,             1.014,             5881.3, Quiet           , Gas Giant   ,              17.693,                    0.692,                     1.526,           621.365,                139.583,                   4.317,             50.0333,                   ,       0.1240,                     610.2,           25527.5,           19.08,                    77.55,                         ,              0.000,                    0, No            , None                      , Low               , C                 , 2018/12/25        , The record includes a later reanalysis.
XPS-AAPM  , Rhea Quarta    , Rhea Quarta-q    ,                   2, Primary    , Provisional   ,           2006, Microlensing    , Pacific Field Network, Pacific Lens Group ,              3988.74, 3988.7 ly                 , M        ,           0.122,             0.184,             2609.2, Highly active   , Lava World  ,               1.945,                    0.255,                     0.102,             8.975,                  0.654,                   0.957,            887.9302,             0.8962,       0.3212,                    1318.5,            9308.5,            6.54,                    72.22, SODIUM SIGNATURE        ,              0.000,                     , No            , None                      , Low               , C                 , 2014-01-18        , No unusual note was reported.
XPS-AAPN  , Cyra Quarta    , Cyra Quarta-h    ,                   1, Primary    , Confirmed     ,           1995, Microlensing    , Andes Survey         , Blue Orbit Group   ,                14.18, 4.3 pc                    , A        ,           1.546,             1.496,             8330.5, Highly active   , Rocky       ,               1.257,                    0.201,                     0.066,             1.487,                  0.172,                        ,           1457.3870,             2.9090,       0.5094,                     265.5,              59.2,           11.27,                    76.87, Water vapor candidate   ,              1.000,                    0, No            , None                      , Urgent            , B                 , 2017-04-25        , No unusual note was reported.
XPS-AAPP  , Astra Two      , Astra Two-p      ,                   1, Follow-up  , Archived      ,           1996, Microlensing    , Pacific Field Network, Blue Orbit Group   ,               889.24, 889.2 ly                  , M        ,           0.467,             0.520,                   , Active          , Rocky       ,               0.626,                    0.103,                     0.066,                  ,                       ,                   0.054,           7566.3849,             5.8529,       0.1725,                      59.4,             121.6,            3.96,                    79.67, Cloud-dominated         ,              0.061,                    1, No            , NONE                      , Low               , A                 , 2015/02/22        , Transit timing varies across observation windows.
XPS-AAPQ  , Tarin Sigma    , Tarin Sigma-q    ,                   1, Primary    , Confirmed     ,           2005, Direct Imaging  , Summit Imager        , Solis Research Unit,                91.93, 91.9 ly                   , K        ,           0.582,             0.610,             3921.2, Quiet           , Mini-Neptune,               4.356,                    0.717,                     0.021,                  ,                  1.210,                   0.785,          88351.2192,            32.4147,       0.0480,                      23.1,            4273.3,           16.40,                    75.29, Sodium signature        ,              0.032,                    0, No            , None                      , Low               , A                 , 2011-07-14        , The distance entry uses a converted unit.
XPS-AAPR  , Kepleris B     , Kepleris B-r     ,                   1, Primary    , Confirmed     ,           2017, Transit         , SkyScan Array        , Caeli Survey       ,                 7.16, 2.2 pc                    , G        ,           1.041,             1.034,             5789.6, Active          , Super-Earth ,               2.369,                         ,                     0.246,            12.843,                  1.174,                   1.709,            147.9606,             0.5548,       0.0953,                     374.9,             439.6,           22.14,                    69.46, Hydrogen-rich           ,              0.648,                    0, No            , Possible moon signal      , High              , B                 , 2013-08-30        , The system may contain another unseen world.
XPS-AAPS  , Kepleris Tertia, Kepleris Tertia-r,                   1, Follow-up  , Disputed      ,           2004, Microlensing    , Pacific Field Network, Pacific Lens Group ,              2078.41, 637.2 pc                  , M        ,           0.312,             0.374,             3327.9, Quiet           , Mini-Neptune,               4.065,                    0.470,                     0.565,            27.799,                  3.728,                   4.778,          27548.3876,            12.1133,       0.0167,                      29.3,            9898.0,            8.65,                    72.77, Water vapor candidate   ,              0.031,                    0, No            , None                      , Low               , C                 , 2016-08-19        , Two observing teams reported slightly different radii.
XPS-AAPT  , Orin Prime     , Orin Prime-y     ,                   1, Follow-up  , Archived      ,           1997, Radial Velocity , Highland Spectrograph, Sky Atlas Team     ,              2979.02, 2979.0 ly                 , G        ,           0.993,             0.995,             5778.8, quiet           , Rocky       ,               0.906,                    0.134,                     0.019,             0.690,                  0.135,                   0.072,             26.8019,                   ,       0.0369,                     596.6,              69.6,            6.75,                    69.00, No clear signal         ,              0.004,                     , No            , None                      , Low               , B                 , 2017-04-25        , Two observing teams reported slightly different radii.
XPS-AAPU  , Neris Delta    , Neris Delta-w    ,                   1, Primary    , Confirmed     ,           2005, Transit         , Orbital Lens Network , Meridian Study     ,                14.22, 4.4 pc                    , A        ,           2.188,             1.844,             9281.1, Moderate        , Rocky       ,               0.983,                    0.115,                     0.125,                  ,                       ,                   0.029,              1.7103,             0.0363,             ,                          ,              23.8,           30.41,                    71.52, No clear signal         ,              0.000,                    0, No            , Asymmetric transit        , Low               , B                 , 2011-03-04        , The orbit may be tilted relative to the star.
XPS-AAPV  , Pavo South     , Pavo South-d     ,                   1, primary    , Confirmed     ,           2025, Pulsar Timing   , Radio Arc Array      , Blue Orbit Group   ,               267.84, 267.8 ly                  , G        ,           1.047,             1.038,             5342.8, Moderate        , Super-Earth ,               2.430,                    0.161,                     0.114,            15.000,                  3.875,                        ,            115.6067,             0.4715,       0.1693,                     407.3,                  ,           76.75,                    87.30, High-altitude haze      ,              0.434,                    0, No            , NONE                      , Medium            , C                 , 2024-06-16        , Several measurements are absent from the early record.
XPS-AAPW  , Arden South    , Arden South-j    ,                   1, Primary    , Confirmed     ,           2001, Astrometry      , Vector Star Mapper   , Meridian Study     ,             13691.58, 4197.9 pc                 , M        ,           0.323,             0.407,             2710.8, Moderate        , Desert World,                    ,                    0.054,                     0.071,             2.536,                  0.678,                   0.054,             50.9540,             0.1845,             ,                     194.8,             735.5,            7.48,                    75.69, Water vapor candidate   ,              0.770,                    0, No            , None                      , High              , B                 , 2021-03-10        , The host star varies across the observation cycle.
XPS-AAPX  , Auron B        , Auron B-r        ,                   1, Follow-up  , Confirmed     ,           2012, Transit         , north ridge array    , Sky Atlas Team     ,              1836.28, 1836.3 ly                 , M        ,           0.253,             0.328,             2924.8, Moderate        , Ice Giant   ,               6.004,                    0.942,                     0.246,            95.000,                 23.978,                        ,           7532.6623,             4.7571,       0.3351,                      38.2,           28035.9,           31.18,                    69.73, No clear signal         ,              0.007,                    5, No            , None                      , Low               , C                 , 07/08/2019        , The distance entry uses a converted unit.
XPS-AAPY  , Arden Delta    , Arden Delta-y    ,                   1, Primary    , Confirmed     ,           2014, Transit Timing  , Clockwork Survey     , North Ridge Team   ,              2121.31, 650.4 pc                  , M        ,           0.167,             0.214,             3355.1, Active          , Gas Giant   ,              16.082,                    2.248,                     0.171,           490.306,                 51.479,                        ,             15.1731,             0.0661,             ,                     269.0,          474882.9,            1.87,                    61.75, No clear signal         ,              0.182,                    0, No            , Possible moon signal      , Medium            , B                 , 2019/07/25        , Cloud cover may hide key atmospheric signals.
XPS-AAPZ  , Kepleris Tertia, Kepleris Tertia-s,                   1, Primary    , Provisional   ,           2006, Microlensing    , Andes Survey         , North Ridge Team   ,               352.97, 108.2 pc                  , G        ,           1.041,             1.034,             5887.4, Active          , Rocky       ,               0.870,                    0.142,                          ,             0.454,                  0.096,                   0.092,           6384.7234,             6.8261,       0.1366,                      99.4,                  ,            8.49,                    71.28, No clear signal         ,              0.190,                    0, No            , None                      , Low               , C                 , 2023-05-19        , Two observing teams reported slightly different radii.
XPS-AAQA  , Tarin Major    , Tarin Major-j    ,                   1, Primary    , Confirmed     ,           1999, Transit         , Orbital Lens Network , Caeli Survey       ,               319.49, 319.5 ly                  , G        ,           1.078,             1.065,             5920.2, Quiet           , Mini-Neptune,               2.455,                    0.342,                     0.330,            18.911,                  0.095,                   2.660,           1553.1428,             2.6914,       0.2724,                     183.8,             445.9,           19.30,                    76.42, No clear signal         ,              0.469,                    0, No            , None                      , Medium            , A                 , 2020-08-18        , Follow-up data changed the estimated year length.
XPS-AAQB  , Cyra Sigma     , Cyra Sigma-g     ,                   1, Reanalysis , Confirmed     ,           2003, Transit         , SkyScan Array        , Solis Research Unit,              1139.60, 349.4 pc                  , A        ,           2.362,             1.880,             7479.7, Quiet           , Rocky       ,               1.167,                    0.188,                     0.161,             1.772,                  0.324,                        ,             97.2079,             0.5510,       0.1325,                     673.0,              32.4,           12.37,                    87.00, Water vapor candidate   ,              0.000,                    0, No            , Variable transit depth    , Medium            , B                 , 2017-09-01        , The distance entry uses a converted unit.
XPS-AAQC  , Auron C        , Auron C-y        ,                   1, follow-up  , Confirmed     ,           2000, Transit         , SkyScan Array        , North Ridge Team   ,               151.99, 46.6 pc                   , K        ,           0.690,             0.739,             4871.3, Active          , Ice Giant   ,               6.473,                    0.135,                     0.843,            95.000,                 15.341,                        ,            372.7330,             0.8955,       0.1255,                     206.9,            6430.1,           22.17,                    71.52, Water vapor candidate   ,              0.151,                    0, No            , None                      , Medium            , D                 , 2023-08-01        , Two observing teams reported slightly different radii.
XPS-AAQD  , Rhea Sigma     , Rhea Sigma-u     ,                   1, Follow-up  , Confirmed     ,           2023, Transit         , North Ridge Array    , Sky Atlas Team     ,               507.26, 507.3 ly                  , M        ,           0.520,                  ,             2552.1, Active          , Ice Giant   ,               6.309,                         ,                     0.246,            47.395,                  5.403,                   6.981,           4428.6900,             4.2451,       0.0801,                      47.4,           10713.4,            5.76,                    65.91,                         ,              0.008,                    0, Yes           , none                      , Low               , A                 , 2017-04-04        , The record includes a later reanalysis.
XPS-AAQE  , Cetus A        , Cetus A-n        ,                   1, Primary    , Archived      ,           1996, TRANSIT         , SkyScan Array        , Solis Research Unit,                50.35, 50.4 ly                   , K        ,           0.709,             0.722,             4879.2, Active          , Mini-Neptune,               3.007,                    0.128,                     0.220,             7.267,                  1.103,                   1.526,          10020.6496,             8.1099,       0.3565,                      69.7,            1455.5,           21.57,                    70.78, Cloud-dominated         ,                   ,                    0, NO            , None                      , low               , B                 , 2022-09-29        , Follow-up data changed the estimated year length.
XPS-AAQF  , Lyra One       , Lyra One-w       ,                   1, Follow-up  , Confirmed     ,           2019, Astrometry      , Meridian Mapper      , Aurora Lab         ,              2663.66, 816.7 pc                  , G        ,           1.069,             1.060,             5897.0, Highly active   , Mini-Neptune,               2.870,                    0.066,                     0.192,            30.000,                  7.805,                   5.552,             25.6585,                   ,       0.2440,                     648.2,             613.9,            7.34,                    66.54, Hydrogen-rich           ,              0.001,                    0, No            , None                      , Low               , C                 , 05/05/2016        , A faint secondary signal appears in some observations.
XPS-AAQG  , Mira C         , Mira C-p         ,                   2, Primary    , Provisional   ,           1999, Transit         , Aurora Survey        , Meridian Study     ,               287.00, 287.0 ly                  , M        ,           0.142,             0.157,             2778.8, Active          , Super-Earth ,               1.521,                         ,                     0.206,             2.213,                  0.193,                   0.205,             23.6330,             0.0843,       0.1951,                     184.2,            7380.1,            5.24,                    69.24, Hydrogen-rich           ,              0.661,                    1, No            , None                      , Medium            , A                 , 2019-02-23        , Two observing teams reported slightly different radii.
XPS-AAQH  , Mira Tertia    , Mira Tertia-r    ,                   1, Primary    , Provisional   ,           2016, Radial Velocity , Solis Observatory    , Sky Atlas Team     ,              2884.45, 2884.4 ly                 , M        ,           0.245,             0.334,             3724.2, Active          , Rocky       ,               1.148,                    0.083,                          ,             2.264,                  0.573,                   0.109,             85.9108,             0.2383,       0.1191,                     197.4,             988.6,           18.87,                    72.99, Methane candidate       ,              0.692,                    0, No            , None                      , High              , B                 , 2011-07-09        , No unusual note was reported.
XPS-AAQJ  , Neris South    , Neris South-v    ,                   1, Primary    , Confirmed     ,           2012, Radial Velocity , Solis Observatory    , Pacific Lens Group ,               757.69, 757.7 ly                  , K        ,           0.748,             0.802,             3998.2, Active          , Super-Earth ,               1.387,                    0.082,                     0.148,             3.413,                  0.183,                   0.350,            175.1025,             0.5559,       0.2839,                     246.4,             250.8,            4.54,                    56.57, Water vapor candidate   ,              0.737,                    0, No            , Orbital drift             , Urgent            , C                 , 2017-02-28        , Stellar noise complicates the mass estimate.
XPS-AAQK  , Zora Sigma     , Zora Sigma-h     ,                   1, Primary    , Confirmed     ,           1996, Microlensing    , Pacific Field Network, North Ridge Team   ,              7670.73, 7670.7 ly                 , G        ,           1.036,             1.027,             5987.8, Quiet           , Ocean World ,               1.329,                    0.155,                     0.134,             1.984,                       ,                   0.398,          16750.3211,            12.9660,       0.2625,                     235.0,                  ,           38.14,                    67.38, Water vapor candidate   ,              0.783,                    0, No            , Unusual dimming           , Urgent            , C                 , 2014-10-08        , Two observing teams reported slightly different radii.
XPS-AAQL  , Selene Delta   , Selene Delta-b   ,                   1, Primary    , Confirmed     ,           2009, radial velocity , HIGHLAND SPECTROGRAPH, Solis Research Unit,                     , 2149.7 ly                 , g        ,           0.916,             0.934,             5890.8, Highly active   , Rocky       ,               1.073,                    0.192,                     0.020,             1.664,                  0.271,                        ,             18.6309,             0.1336,             ,                          ,             110.7,           57.74,                    75.33, Cloud-dominated         ,              0.000,                    0, No            , None                      , Low               , B                 , 2016-03-28        , The distance entry uses a converted unit.
XPS-AAQM  , Zora Prime     , Zora Prime-z     ,                   1, Primary    , Confirmed     ,           2024, Microlensing    , ANDES SURVEY         , Solis Research Unit,             12693.97, 3888.3 pc                 , G        ,           0.971,                  ,             5885.9, Quiet           , Super-Earth ,               1.499,                    0.011,                     0.032,             3.659,                       ,                   0.064,           4928.1635,             5.6125,       0.3036,                     112.3,             199.1,           48.97,                    71.80, No clear signal         ,              0.213,                    0, No            , Variable transit depth    , Low               , C                 , 2013-08-26        , Several measurements are absent from the early record.
XPS-AAQN  , Cyra Two       , Cyra Two-y       ,                   1, Follow-up  , Confirmed     ,           2012, Transit         , SkyScan Array        , Pacific Lens Group ,              1836.94, 563.2 pc                  , G        ,           0.981,             0.987,             5361.2, Quiet           , Mini-Neptune,               3.870,                    0.294,                     0.211,                  ,                  7.961,                        ,            873.9152,             1.7773,       0.0627,                          ,            1287.8,           16.34,                    59.00, High-altitude haze      ,                   ,                    0, No            , None                      , Medium            , B                 , 2018-11-06        , Cloud cover may hide key atmospheric signals.
XPS-AAQP  , Selene A       , Selene A-y       ,                   2, Primary    , Confirmed     ,           2025, Transit         , North Ridge Array    , Meridian Study     ,                92.92, 92.9 ly                   , M        ,           0.255,             0.331,             3277.0, Highly active   , Lava World  ,               0.695,                    0.113,                          ,             0.493,                  0.059,                   0.085,           1261.3213,             1.4501,       0.0408,                    1330.6,             396.2,            8.27,                    77.18, Sodium signature        ,                   ,                    0, No            , None                      , Low               , B                 , 2019-03-18        , Two observing teams reported slightly different radii.
XPS-AAQQ  , Pavo A         , Pavo A-e         ,                   2, Follow-up  , Confirmed     ,           2020, Transit         , Aurora Survey        , Blue Orbit Group   ,               490.11, 490.1 ly                  , M        ,           0.207,             0.267,             2717.6, Active          , Rocky       ,               0.563,                    0.030,                     0.024,             0.269,                  0.077,                   0.058,          11001.4135,             5.7248,       0.0660,                          ,             352.7,            3.17,                    69.00, Hydrogen-rich           ,              0.033,                    0, No            , None                      , Low               , C                 , 2016-02-29        , The distance entry uses a converted unit.
XPS-AAQR  , Pavo North     , Pavo North-e     ,                   1, Primary    , Confirmed     ,           2013, Transit         , SkyScan Array        , Aurora Lab         ,                38.09, 11.7 pc                   , K        ,           0.690,             0.716,             5193.2, Active          , Rocky       ,               0.659,                    0.034,                     0.036,             0.364,                  0.066,                        ,             27.5188,                   ,       0.3170,                     543.7,              71.0,           12.79,                    80.73, Carbon dioxide candidate,              0.023,                    0, No            , None                      , Low               , B                 , 2025-08-12        , The atmospheric result has low certainty.
XPS-AAQS  , Auron B        , Auron B-f        ,                   1, Follow-up  , PROVISIONAL   ,           2007, Transit         , skyscan array        , Blue Orbit Group   ,                 8.00, 8.0 ly                    , G        ,           0.997,             0.997,             5332.4, Moderate        , Gas Giant   ,                    ,                    1.388,                     0.679,            55.838,                 11.287,                   6.359,            437.0748,             1.1259,       0.2919,                     225.0,            6570.5,           31.16,                    71.70, Hydrogen-rich           ,              0.127,                    0, No            , None                      , Low               , D                 , 2023-08-09        , Stellar noise complicates the mass estimate.
XPS-AAQT  , Talos Prime    , Talos Prime-d    ,                   2, Primary    , Confirmed     ,           2005, Transit         , Orbital Lens Network , Aurora Lab         ,                17.20, 17.2 ly                   , G        ,           0.946,             0.957,             5218.9, Quiet           , Rocky       ,               1.411,                         ,                     0.208,             2.749,                  0.448,                   0.336,             11.1495,             0.0959,       0.0251,                     784.6,             177.0,           36.55,                    79.16, No clear signal         ,              0.000,                    0, No            , Variable transit depth    , Low               , C                 , 2015-06-16        , Two observing teams reported slightly different radii.
XPS-AAQU  , Tarin A        , Tarin A-d        ,                   1, Primary    , Confirmed     ,           2024, Transit         , SkyScan Array        , Caeli Survey       ,             11971.98, 11972.0 ly                , K        ,           0.726,             0.774,             4244.7, Moderate        , Super-Earth ,               1.735,                    0.039,                     0.122,             6.692,                  0.097,                   0.538,           6698.2026,             6.2438,       0.0364,                      77.7,             421.2,            3.67,                    63.66, Hydrogen-rich           ,              0.116,                     , No            , None                      , Low               , C                 , 12/15/2019        , The system may contain another unseen world.
XPS-AAQV  , Arden Prime    , Arden Prime-m    ,                   1, Follow-up  , Confirmed     ,           2017, Radial Velocity , Solis Observatory    , Caeli Survey       ,               105.56, 32.4 pc                   , K        ,           0.621,             0.672,             4922.3, Highly active   , Super-Earth ,               2.384,                    0.330,                     0.135,             7.054,                  0.160,                   1.209,             15.5204,             0.1039,       0.1533,                     575.6,            1054.6,            9.63,                    61.91,                         ,              0.009,                    0, No            , None                      , Low               , C                 , 08/05/2016        , Two observing teams reported slightly different radii.
XPS-AAQW  , Orin Minor     , Orin Minor-d     ,                   1, Primary    , Confirmed     ,           2019, Transit         , SkyScan Array        , Meridian Study     ,               301.09, 301.1 ly                  , M        ,           0.197,             0.295,             3116.5, Quiet           , Mini-Neptune,               2.404,                    0.381,                     0.225,             5.943,                  1.105,                   0.121,            759.6707,             0.9479,       0.2476,                      88.0,            5580.2,           26.23,                    76.43, Water vapor candidate   ,              0.118,                    0, No            , Possible moon signal      , High              , A                 , 2021-12-26        , Several measurements are absent from the early record.
XPS-AAQX  , Cetus C        , Cetus C-e        ,                   1, Primary    , Confirmed     ,           2020, Transit         , Aurora Survey        , Caeli Survey       ,               164.41, 164.4 ly                  , M        ,           0.578,             0.597,             3140.6, Quiet           , Rocky       ,               0.667,                    0.075,                     0.079,             0.246,                       ,                   0.022,            336.4101,             0.7887,             ,                     144.3,             104.9,           10.74,                    69.88, Methane candidate       ,              0.288,                    0, No            , None                      , Medium            , C                 , 2023-01-21        , A faint secondary signal appears in some observations.
XPS-AAQY  , Zora Two       , Zora Two-j       ,                   1, Primary    , Confirmed     ,           1999, Direct Imaging  , Summit Imager        , North Ridge Team   ,                40.64, 40.6 ly                   , M        ,           0.427,             0.453,             2996.7, Quiet           , Ice Giant   ,               4.701,                    0.113,                     0.400,            53.112,                       ,                        ,                    ,            27.5931,       0.1099,                      17.0,            9048.6,           19.17,                    79.75, Methane candidate       ,              0.004,                    1, No            , Variable transit depth    , Medium            , C                 , 2025-06-04        , Cloud cover may hide key atmospheric signals.
XPS-AAQZ  , Mira One       , Mira One-k       ,                   1, Primary    , Disputed      ,           2007, Transit         , Orbital Lens Network , Meridian Study     ,              4030.97, 4031.0 ly                 , G        ,           1.019,             1.017,             5345.1, Quiet           , Super-Earth ,               1.545,                    0.217,                          ,             3.604,                       ,                   0.525,            177.3151,             0.6216,       0.2755,                     356.2,             193.7,           33.67,                    77.02, No clear signal         ,              0.697,                    0, No            , None                      , High              , A                 , 2018-04-20        , Follow-up data changed the estimated year length.
XPS-AARA  , Mira B         , Mira B-m         ,                   1, Primary    , Confirmed     ,           2015, Astrometry      , Vector Star Mapper   , Meridian Study     ,               237.31, 237.3 ly                  , G        ,           1.018,             1.017,             5248.3, Moderate        , Rocky       ,               1.149,                    0.175,                     0.060,             1.978,                       ,                   0.391,              2.6402,             0.0376,       0.1806,                    1358.1,             107.1,           90.02,                    70.04, Hydrogen-rich           ,              0.000,                    0, No            , Unusual dimming           , Low               , B                 , 2015-02-10        , The distance entry uses a converted unit.
XPS-AARB  , Talos Prime    , Talos Prime-f    ,                   1, Primary    , Confirmed     ,           2024, RADIAL VELOCITY , Red Mesa Array       , Blue Orbit Group   ,               115.07, 35.3 pc                   , Subgiant ,           1.619,             1.544,             4363.5, Active          , Ocean World ,               1.556,                    0.214,                     0.177,             3.619,                  1.004,                   0.287,              3.0709,             0.0485,       0.2026,                     420.0,                  ,            8.59,                    69.00, Oxygen candidate        ,              0.244,                    0, No            , None                      , Medium            , B                 , 2020-10-15        , The distance entry uses a converted unit.
XPS-AARC  , Rhea Delta     , Rhea Delta-h     ,                   1, Primary    , Confirmed     ,           2023, Radial Velocity , Solis Observatory    , Sky Atlas Team     ,               366.81, 112.5 pc                  , M        ,           0.387,             0.458,             2593.4, Active          , Mini-Neptune,               2.870,                    0.230,                     0.176,            11.870,                  2.421,                        ,            290.9447,             0.6260,       0.2941,                     117.9,            3287.1,            9.96,                    74.87, Hydrogen-rich           ,              0.225,                    0, No            , None                      , Low               , C                 , 2012-07-24        , The record includes a later reanalysis.
XPS-AARD  , Selene Delta   , Selene Delta-b   ,                   2, Primary    , Confirmed     ,           2017, Direct Imaging  , Summit Imager        , Solis Research Unit,               210.48, 210.5 ly                  , K        ,           0.645,             0.708,             4956.5, Active          , Ice Giant   ,               7.010,                    0.700,                     0.776,            96.493,                  8.335,                  20.589,          19497.7970,            12.2446,       0.2171,                      58.2,            7736.5,           29.03,                    71.62, No clear signal         ,              0.015,                    5, No            , None                      , Low               , A                 , 2017-09-18        , The system may contain another unseen world.
XPS-AARE  , Kepleris Minor , Kepleris Minor-c ,                   1, Primary    , Confirmed     ,           2022, Transit         , Orbital Lens Network , Pacific Lens Group ,              2630.20, 2630.2 ly                 , G        ,           0.997,             0.998,             5553.6, Moderate        , Ice Giant   ,               4.937,                    0.561,                     0.623,                  ,                 24.429,                   5.640,           1307.7035,             2.3384,       0.1429,                     174.3,            2052.3,           14.26,                    69.00,                         ,              0.106,                    0, no            , Unexpected infrared excess, Medium            , A                 , 2011-05-24        , The record includes a later reanalysis.
XPS-AARF  , Mira Quarta    , Mira Quarta-t    ,                   2, Primary    , Confirmed     ,           1998, Transit         , SkyScan Array        , Blue Orbit Group   ,                15.95, 16.0 ly                   , G        ,           1.040,             1.034,             5872.1, Moderate        , Rocky       ,               0.465,                    0.065,                     0.049,             0.174,                  0.077,                   0.046,           1500.1076,             2.5980,       0.0436,                     160.9,              17.4,           22.71,                    70.07, Carbon dioxide candidate,              0.401,                    0, No            , None                      , Medium            , C                 , 2019-10-25        , Stellar noise complicates the mass estimate.
XPS-AARG  , Mira Tertia    , Mira Tertia-r    ,                   2, Primary    , Confirmed     ,           2007, Direct Imaging  , Summit Imager        , Aurora Lab         ,                13.67, 4.2 pc                    , M        ,           0.272,             0.305,             3534.7, Active          , Rocky       ,               0.601,                    0.043,                     0.019,             0.304,                  0.066,                   0.067,          24366.4943,            10.6537,       0.4230,                          ,                  ,            5.69,                    80.80, Hydrogen-rich           ,              0.025,                    0, Yes           , Possible ring system      , Low               , A                 , 2017-07-26        , The distance entry uses a converted unit.
XPS-AARH  , Novae North    , Novae North-j    ,                   1, Follow-up  , Confirmed     ,           2024, Transit         , North Ridge Array    , Solis Research Unit,                11.87, 3.6 pc                    , M        ,           0.358,             0.385,             3466.9, Moderate        , DESERT WORLD,               1.961,                    0.100,                     0.197,             7.358,                       ,                   1.354,           1523.8172,             1.8404,       0.4013,                      71.6,            2172.9,           23.01,                    79.58, Hydrogen-rich           ,              0.089,                    0, No            , None                      , Low               , A                 , 2012-11-06        , The record includes a later reanalysis.
XPS-AARJ  , Neris Major    , Neris Major-e    ,                   1, Follow-up  , Confirmed     ,           2019, Radial Velocity , HIGHLAND SPECTROGRAPH, Blue Orbit Group   ,                71.17, 71.2 ly                   , M        ,           0.171,             0.247,             2510.6, Active          , Gas Giant   ,              15.469,                    1.942,                     2.193,          1900.000,                220.922,                 242.755,          15173.2744,             6.6534,       0.0560,                          ,          329020.8,           14.87,                    66.97,                         ,              0.005,                    3, No            , Unexpected infrared excess, Medium            , C                 , 2022-11-08        , Several measurements are absent from the early record.
XPS-AARK  , Zora Tertia    , Zora Tertia-f    ,                   1, Primary    , Confirmed     ,           2015, Transit         , Orbital Lens Network , Caeli Survey       ,                 5.91, 5.9 ly                    , F        ,           1.271,             1.203,             6312.4, Moderate        , Gas Giant   ,              16.550,                    0.965,                     0.463,          1900.000,                504.929,                        ,             16.8012,             0.1391,             ,                     948.5,           15870.0,            6.00,                    65.92, hydrogen-rich           ,              0.000,                     , No            , Variable transit depth    , Low               , B                 , 2022-09-21        , A faint secondary signal appears in some observations.
XPS-AARL  , Talos Tertia   , Talos Tertia-z   ,                   1, Primary    , confirmed     ,           2006, Transit Timing  , Multi-World Array    , Blue Orbit Group   ,              8893.26, 8893.3 ly                 , M        ,           0.276,             0.307,             2573.4, Moderate        , Mini-Neptune,               3.693,                    0.093,                     0.495,                  ,                       ,                   3.751,            890.3087,             1.1787,       0.0923,                      64.3,           12145.3,            6.48,                    64.77, Methane candidate       ,              0.078,                    0, NO            , None                      , Medium            , B                 , 2024-03-19        , The atmospheric result has low certainty.
XPS-AARM  , Rhea B         , Rhea B-e         ,                   1, Reanalysis , Confirmed     ,           2011, Radial Velocity , Solis Observatory    , Blue Orbit Group   ,               117.04, 117.0 ly                  , M        ,           0.467,             0.536,             3883.8, Active          , Rocky       ,               0.589,                    0.012,                     0.075,             0.333,                  0.091,                   0.048,              2.9369,             0.0311,       0.2379,                     745.2,             101.5,           48.24,                    74.43, HYDROGEN-RICH           ,              0.000,                    0, No            , Timing pattern unresolved , Low               , B                 , 2014-04-26        , Follow-up data changed the estimated year length.
XPS-AARN  , Neris B        , Neris B-j        ,                   1, Primary    , Provisional   ,           1996, Radial Velocity , Red Mesa Array       , Solis Research Unit,              5066.07, 5066.1 ly                 , K        ,                ,             0.870,             4457.9, QUIET           , rocky       ,               0.772,                    0.046,                     0.101,             0.369,                       ,                   0.020,             47.0443,             0.2406,       0.2597,                     414.5,                  ,            9.50,                    64.39,                         ,              0.264,                    0, No            , Unusual dimming           , High              , B                 , 06/15/2013        , A faint secondary signal appears in some observations.
XPS-AARP  , Selene One     , Selene One-m     ,                   1, Primary    , Confirmed     ,           2019, Microlensing    , Southern Lens Grid   , Caeli Survey       ,                 8.92, 8.9 ly                    , K        ,           0.601,             0.630,             4631.6, Moderate        , Super-Earth ,               2.284,                    0.026,                     0.141,             7.887,                  1.787,                   0.970,            527.2036,             1.0779,       0.1720,                     153.6,            1102.2,           12.00,                    79.88, Oxygen candidate        ,              0.442,                    0, No            , None                      , Medium            , C                 , 2011-02-11        , A faint secondary signal appears in some observations.
XPS-AARQ  , Novae One      , Novae One-x      ,                   1, Follow-up  , Confirmed     ,           2008, Direct Imaging  , Celestial Mirror One , Solis Research Unit,                11.87, 11.9 ly                   , M        ,           0.478,             0.510,             2889.0, Active          , Ocean World ,               2.043,                    0.287,                     0.137,             4.809,                  0.505,                   1.023,         295125.7554,            67.8280,       0.3487,                     235.0,            1345.6,            2.95,                    74.44, Cloud-dominated         ,              0.652,                    0, No            , Variable transit depth    , Medium            , A                 , 2023-09-17        , No unusual note was reported.
XPS-AARR  , Cetus One      , Cetus One-w      ,                   1, Follow-up  , Provisional   ,           2000, Transit         , Aurora Survey        , Pacific Lens Group ,                78.69,                           , G        ,           0.943,             0.955,             5761.4, Quiet           , Ice Giant   ,               6.113,                    0.998,                     0.466,            56.690,                 11.891,                        ,              4.0770,             0.0490,       0.2199,                    1298.1,            3439.8,           21.16,                    71.29, Sodium signature        ,              0.000,                    0, No            , Orbital drift             , Low               , C                 , 2011-12-12        , The distance entry uses a converted unit.
XPS-AARS  , Novae Quarta   , Novae Quarta-j   ,                   2, Follow-up  , Confirmed     ,           2005, Transit         , Orbital Lens Network , Pacific Lens Group ,               263.57, 80.8 pc                   , k        ,           0.843,             0.883,             4892.4, Moderate        , Ice Giant   ,               3.833,                    0.510,                     0.045,            12.388,                       ,                   0.571,            621.8700,             1.3485,             ,                     183.2,            1514.2,            8.24,                    70.05, Hydrogen-rich           ,              0.109,                    0, No            , Unusual dimming           , Low               , B                 , 2024-08-25        , Several measurements are absent from the early record.
XPS-AART  , Altara One     , Altara One-p     ,                   1, Primary    , Confirmed     ,           2005, Transit         , Orbital Lens Network , Blue Orbit Group   ,              1181.18, 362.2 pc                  , G        ,           0.890,             0.897,             5643.4, Quiet           , Mini-Neptune,               2.974,                    0.475,                     0.067,            10.205,                  0.560,                   0.943,             60.7599,             0.2909,             ,                     491.8,             920.8,            3.51,                    77.79, Sodium signature        ,                   ,                    0, No            , None                      , Low               , C                 , 2012-11-24        , Two observing teams reported slightly different radii.
XPS-AARU  , Cyra Tertia    , Cyra Tertia-c    ,                   2, Primary    , Confirmed     ,           2003, Microlensing    , Andes Survey         , Meridian Study     ,                38.54, 38.5 ly                   , K        ,           0.779,             0.816,             4839.5, Quiet           , Rocky       ,               0.535,                    0.023,                     0.041,             0.098,                  0.065,                   0.060,           6187.6601,             6.0662,       0.1054,                      95.2,                  ,            6.02,                    67.19, Water vapor candidate   ,              0.169,                    0, No            , None                      , Medium            , A                 , 2016-04-15        , The record includes a later reanalysis.
XPS-AARV  , Caeli Minor    , Caeli Minor-t    ,                   1, Primary    , Confirmed     ,           2022, Transit Timing  , Clockwork Survey     , Blue Orbit Group   ,               920.41, 282.2 pc                  , A        ,           1.615,             1.531,             8196.7, Active          , Super-Earth ,               1.561,                    0.060,                     0.148,             3.414,                       ,                   0.207,                    ,             1.9633,       0.0908,                          ,              87.2,            3.92,                    71.99, No clear signal         ,              0.457,                    0, No            , Variable transit depth    , Medium            , A                 , 2017-11-11        , The record includes a later reanalysis.
XPS-AARW  , Vela Prime     , Vela Prime-c     ,                   1, Primary    , Provisional   ,           2011, Microlensing    , Pacific Field Network, Sky Atlas Team     ,                 8.65, 2.7 pc                    , F        ,           1.173,             1.137,             7135.5, Moderate        , Ice Giant   ,               5.021,                    0.323,                     0.048,            28.177,                       ,                   0.310,            209.8378,             0.7289,       0.3383,                     406.6,            1636.3,            6.69,                    62.05, Cloud-dominated         ,              0.055,                    1, No            , Variable transit depth    , Low               , A                 , 2019-05-12        , The distance entry uses a converted unit.
XPS-AARX  , Talos Tertia   , Talos Tertia-r   ,                   1, Follow-up  , Confirmed     ,           2001, Radial Velocity , Highland Spectrograph, Caeli Survey       ,              5227.04, 5227.0 ly                 , M        ,           0.456,             0.493,             2659.3, Highly active   , Mini-Neptune,               2.639,                    0.359,                     0.395,            11.426,                  2.650,                   1.574,                    ,             0.2499,       0.2025,                     201.3,            2404.0,           22.87,                    70.62, No clear signal         ,                   ,                    0, No            , Variable transit depth    , High              , C                 , 2025-01-11        , No unusual note was reported.
XPS-AARY  , Arden C        , Arden C-d        ,                   2, Primary    , Confirmed     ,           2003, Transit         , Aurora Survey        , North Ridge Team   ,                 8.56, 8.6 ly                    , K        ,           0.587,             0.649,             4707.0, Active          , Super-Earth ,               2.336,                         ,                     0.359,            12.343,                       ,                   2.892,            739.4003,             1.3396,       0.0583,                     171.4,            1157.7,            8.89,                    76.94, Methane candidate       ,              0.411,                    0, No            , Variable transit depth    , High              , A                 , 2014-12-13        , Stellar noise complicates the mass estimate.
XPS-AARZ  , Luma Two       , Luma Two-q       ,                   1, Primary    , Confirmed     ,           2011, Pulsar Timing   , Radio Arc Array      , Caeli Survey       ,                10.43, 3.2 pc                    , G        ,           0.944,             0.959,             5616.4, Moderate        , Super-Earth ,                    ,                    0.278,                     0.124,             2.639,                  0.676,                   0.194,             35.9346,             0.2091,       0.2130,                     530.9,             245.2,            5.37,                    79.87, Carbon dioxide candidate,              0.034,                    0, No            , Orbital drift             , Low               , B                 , 2020-08-14        , A faint secondary signal appears in some observations.
XPS-AASA  , Auron C        , Auron C-y        ,                   1, Primary    , Confirmed     ,           2017, Transit         , Orbital Lens Network , North Ridge Team   ,                58.07, 58.1 ly                   , k        ,           0.725,             0.764,             4613.2, Quiet           , Ice Giant   ,               6.389,                    0.842,                     0.146,            79.892,                 19.139,                        ,              8.7949,             0.0749,       0.0884,                          ,            5870.0,           37.14,                    67.80, Carbon dioxide candidate,              0.000,                    0, No            , Variable transit depth    , Low               , B                 , 2017-10-22        , The orbit may be tilted relative to the star.
XPS-AASB  , Mira One       , Mira One-s       ,                   2, Follow-up  , Confirmed     ,           2000, Radial Velocity , Highland Spectrograph, Meridian Study     ,              1910.24, 1910.2 ly                 , F        ,           1.412,             1.302,             6676.5, Active          , Ice Giant   ,               5.876,                    0.499,                     0.115,           100.367,                 22.698,                   7.179,           1667.3252,             3.0870,             ,                     194.6,            1814.9,            9.49,                    71.61, METHANE CANDIDATE       ,              0.138,                    1, No            , none                      , Medium            , B                 , 2019-05-14        , Cloud cover may hide key atmospheric signals.
XPS-AASC  , Talos Prime    , Talos Prime-v    ,                   1, Primary    , Confirmed     ,           2009, Transit         , North Ridge Array    , Solis Research Unit,              3887.00, 3887.0 ly                 , G        ,           1.015,             1.011,             5489.2, Quiet           , Ice Giant   ,               4.610,                    0.415,                     0.026,                  ,                 10.690,                   0.250,            810.3309,             1.7097,       0.1633,                     227.0,            1743.1,           23.92,                    63.18, Water vapor candidate   ,              0.167,                    0, No            , None                      , Medium            , D                 , 2017-12-21        , The distance entry uses a converted unit.
XPS-AASD  , Noma Major     , Noma Major-u     ,                   1, Primary    , Provisional   ,           2020, Transit         , Orbital Lens Network , Aurora Lab         ,                19.29, 19.3 ly                   , M        ,           0.172,             0.258,             3587.0, Highly active   , Super-Earth ,               1.414,                         ,                     0.087,             2.309,                  0.146,                   0.392,            185.6261,             0.3543,       0.2290,                     157.4,            2523.0,            6.84,                    69.00, No clear signal         ,              0.400,                    1, No            , Orbital drift             , Medium            , C                 , 2025-06-29        , The record includes a later reanalysis.
XPS-AASE  , Luma South     , Luma South-x     ,                   1, Primary    , Confirmed     ,           2007, Transit         , Orbital Lens Network , North Ridge Team   ,             10267.95, 3148.2 pc                 , K        ,           0.726,             0.780,             4002.8, Active          , Mini-Neptune,               3.249,                         ,                     0.418,            30.000,                  3.402,                   4.987,            966.6904,             1.7200,       0.1653,                     123.4,            1453.8,            5.52,                    76.84, cloud-dominated         ,              0.194,                    0, No            , Variable transit depth    , Medium            , B                 , 2025/03/01        , Several measurements are absent from the early record.
XPS-AASF  , Solis Minor    , Solis Minor-x    ,                   1, Primary    , Confirmed     ,           1996, Microlensing    , Southern Lens Grid   , Pacific Lens Group ,                 7.89, 7.9 ly                    , M        ,           0.544,             0.597,             3288.9, HIGHLY ACTIVE   , Gas Giant   ,              12.012,                    1.856,                     0.525,           320.487,                 27.961,                  46.157,          18308.5884,            11.1001,       0.3249,                      36.2,           33959.6,            7.66,                    74.94, Hydrogen-rich           ,              0.006,                    0, Yes           , Timing pattern unresolved , Low               , B                 , 2025-10-10        , A faint secondary signal appears in some observations.
XPS-AASG  , Mira North     , Mira North-n     ,                   1, Primary    , Disputed      ,           2003, Microlensing    , Andes Survey         , Caeli Survey       ,               227.13, 69.6 pc                   , M        ,           0.508,             0.587,             3728.8, Active          , Mini-Neptune,               3.387,                    0.271,                     0.464,            29.611,                  3.732,                        ,            323.5721,             0.7358,       0.1748,                     153.9,                  ,           16.62,                    69.55, Sodium signature        ,              0.335,                    0, No            , None                      , Low               , C                 , 2024-11-30        , The orbit may be tilted relative to the star.
XPS-AASH  , Auron C        , Auron C-e        ,                   1, Primary    , Confirmed     ,           2004, Transit         , North Ridge Array    , North Ridge Team   ,             12707.75, 12707.7 ly                , M        ,           0.510,             0.528,             2690.0, Moderate        , Gas Giant   ,               9.093,                    0.341,                     0.722,           571.051,                 30.757,                        ,              5.2220,             0.0471,       0.1254,                     408.0,           24907.8,           10.46,                    79.56, Methane candidate       ,                   ,                    0, Yes           , Possible ring system      , Medium            , D                 , 2017-03-30        , The system may contain another unseen world.
XPS-AASJ  , Astra One      , Astra One-d      ,                   1, Primary    , Confirmed     ,           2025, Transit         , North Ridge Array    , Solis Research Unit,                 9.40, 9.4 ly                    , F        ,           1.178,             1.137,             6141.2, Quiet           , Rocky       ,               0.987,                    0.043,                     0.052,             0.823,                  0.127,                   0.148,            155.8919,             0.5987,       0.0554,                     441.0,              63.1,           22.85,                    65.91, Carbon dioxide candidate,              0.263,                    0, No            , Unexpected infrared excess, Medium            , B                 , 2016-02-15        , Cloud cover may hide key atmospheric signals.
XPS-AASK  , Eris C         , Eris C-s         ,                   1, Follow-up  , Confirmed     ,           2025, Microlensing    , Southern Lens Grid   , Caeli Survey       ,               223.72, 69.0 pc                   , M        ,           0.187,             0.266,             3285.6, Active          , Lava World  ,               1.448,                    0.234,                     0.126,             3.516,                       ,                   0.075,            816.9469,             0.9776,       0.1836,                    1823.6,            2480.9,           21.16,                    69.02, Sodium signature        ,              0.000,                    0, No            , None                      , Low               , D                 , 2015-11-06        , The distance entry uses a converted unit.
XPS-AASL  , Kepleris Sigma , Kepleris Sigma-v ,                   1, Primary    , Confirmed     ,           2025, Direct Imaging  , Celestial Mirror One , North Ridge Team   ,                15.14, 15.1 ly                   , M        ,           0.559,             0.577,             3369.4, Quiet           , Mini-Neptune,               2.278,                    0.350,                     0.029,             9.661,                  2.360,                   1.690,           1896.9253,             2.4709,       0.0133,                      69.2,                  ,           12.35,                    63.06, No clear signal         ,              0.097,                    0, No            , None                      , Low               , D                 , 2023-07-18        , The orbit may be tilted relative to the star.
XPS-AASM  , Novae Major    , Novae Major-g    ,                   1, Primary    , Confirmed     ,           2002, Radial Velocity , Red Mesa Array       , Meridian Study     ,                 6.78, 6.8 ly                    , k        ,           0.609,             0.642,             5077.8, Moderate        , Rocky       ,               1.015,                    0.120,                     0.037,             0.738,                  0.201,                   0.132,           2288.7337,             2.8806,             ,                          ,             209.7,           26.31,                    65.70, Hydrogen-rich           ,              0.184,                    0, No            , None                      , Low               , C                 , 2023-09-20        , Stellar noise complicates the mass estimate.
XPS-AASN  , Auron Quarta   , Auron Quarta-k   ,                   2, Primary    , Confirmed     ,           2001, Transit         , Aurora Survey        , Caeli Survey       ,               656.64, 656.6 ly                  , F        ,           1.127,             1.098,             7137.1, Quiet           , Gas Giant   ,              15.845,                    0.595,                     0.952,           250.995,                 23.585,                  23.403,           6669.8282,             7.2103,       0.0307,                     130.8,           16566.3,            5.87,                    70.71, Hydrogen-rich           ,              0.057,                    5, No            , None                      , Low               , B                 , 2024-12-04        , The system may contain another unseen world.
XPS-AASP  , Arden Prime    , Arden Prime-n    ,                   1, Primary    , Confirmed     ,           2014, Astrometry      , Meridian Mapper      , Solis Research Unit,              7828.21, 7828.2 ly                 , A        ,           1.741,             1.660,             7811.2, Highly active   , Super-Earth ,               1.803,                    0.303,                     0.052,             5.640,                  0.152,                   0.933,           1024.2390,             2.3924,       0.0150,                     300.1,                  ,            8.41,                    63.55, Water vapor candidate   ,              1.000,                    0, No            , None                      , Urgent            , B                 , 2013-07-30        , Several measurements are absent from the early record.
XPS-AASQ  , Neris Sigma    , Neris Sigma-x    ,                   1, Primary    , confirmed     ,           2012, Radial Velocity , Solis Observatory    , Caeli Survey       ,              1577.12, 483.5 pc                  , F        ,           1.480,             1.442,             6378.9, Moderate        , Mini-Neptune,               4.097,                    0.270,                     0.497,            30.000,                  2.227,                   5.011,            100.7006,             0.4827,       0.0922,                     517.7,                  ,           15.04,                    79.00, Carbon dioxide candidate,              0.047,                    0, No            , Possible moon signal      , Low               , A                 , 2025-02-04        , No unusual note was reported.
XPS-AASR  , Tarin Tertia   , Tarin Tertia-y   ,                   1, Primary    , provisional   ,           2016, Transit         , North Ridge Array    , Solis Research Unit,                27.95, 8.6 pc                    , M        ,           0.507,             0.578,             2972.0, Active          , Rocky       ,               0.844,                    0.044,                     0.064,                  ,                  0.069,                   0.118,           1113.0892,             1.6763,       0.2455,                      74.2,             178.7,            4.48,                    62.31, No clear signal         ,              0.092,                    0, No            , Asymmetric transit        , Low               , A                 , 2018-04-11        , Stellar noise complicates the mass estimate.
XPS-AASS  , Solis A        , Solis A-t        ,                   1, Primary    , Confirmed     ,           2025, Microlensing    , Andes Survey         , Aurora Lab         ,                18.61, 5.7 pc                    , A        ,           1.744,             1.667,             8397.6, Active          , Ice Giant   ,               4.012,                    0.476,                     0.403,            95.000,                 20.743,                        ,           3245.2998,             5.1634,       0.2599,                     247.9,             485.9,          189.29,                    75.45, No clear signal         ,              0.127,                    0, No            , None                      , Low               , C                 , 09/03/2018        , A faint secondary signal appears in some observations.
XPS-AAST  , Solis Minor    , Solis Minor-d    ,                   1, Primary    , Provisional   ,           2016, Transit Timing  , Clockwork Survey     , Pacific Lens Group ,              4697.95, 4690.0 ly                 , K        ,           0.639,             0.703,             4614.8, Active          , Mini-Neptune,               2.671,                    0.049,                     0.241,            13.228,                  2.014,                   0.859,           1727.3625,             2.4264,       0.0143,                     128.6,            1209.1,            3.03,                    76.20, Methane candidate       ,              0.307,                    0, No            , None                      , Medium            , C                 , 2025-04-16        , The atmospheric result has low certainty.
XPS-AASU  , Vela North     , Vela North-d     ,                   1, Primary    , Confirmed     ,           2003, Radial Velocity , Solis Observatory    , Meridian Study     ,                12.79, 12.8 ly                   , K        ,           0.794,             0.807,             3919.8, Active          , Ocean World ,               1.449,                    0.217,                     0.087,             2.048,                  0.149,                   0.443,            359.6458,             0.9166,       0.1144,                     235.0,                  ,           35.98,                    72.39, Water vapor candidate   ,              0.742,                    0, No            , None                      , High              , B                 , 2012-04-20        , Follow-up data changed the estimated year length.
XPS-AASV  , Cetus A        , Cetus A-b        ,                   1, Primary    , Confirmed     ,           2001, Direct Imaging  , Summit Imager        , Aurora Lab         ,               264.97, 265.0 ly                  , Subgiant ,           1.052,             1.046,             5980.9, Active          , Super-Earth ,               2.412,                         ,                     0.107,            15.000,                  3.201,                   2.212,          71248.7499,            34.2080,       0.3634,                      46.3,             445.8,           48.41,                    83.07, No clear signal         ,              0.040,                    0, No            , None                      , Low               , B                 , 2012-01-20        , The orbit may be tilted relative to the star.
XPS-AASW  , Auron South    , Auron South-g    ,                   1, Follow-up  , Confirmed     ,           1995, Transit         , Orbital Lens Network , Caeli Survey       ,               478.25, 478.2 ly                  , G        ,           0.883,             0.901,             5464.7, Moderate        , Rocky       ,               0.851,                    0.036,                     0.018,             0.580,                  0.091,                   0.065,              9.0837,             0.0817,             ,                     790.5,              74.8,           11.13,                    77.41, High-altitude haze      ,              0.000,                    0, No            , None                      , Low               , C                 , 2019-08-10        , The record includes a later reanalysis.
XPS-AASX  , Noma Tertia    , Noma Tertia-g    ,                   1, Primary    , Confirmed     ,           2007, Pulsar Timing   , Radio Arc Array      , Aurora Lab         ,                47.04, 47.0 ly                   , a        ,           2.306,             1.940,             9365.3, Moderate        , Rocky       ,               1.417,                    0.069,                     0.157,             1.236,                  0.155,                        ,             18.7105,             0.1822,       0.2690,                          ,              44.7,            9.83,                    66.40, No clear signal         ,              0.000,                    0, No            , None                      , Low               , A                 , 2018-10-10        , The atmospheric result has low certainty.
XPS-AASY  , Zora South     , Zora South-c     ,                   1, Primary    , Confirmed     ,           2021, Radial Velocity , Solis Observatory    , Solis Research Unit,                 8.80, 8.8 ly                    , K        ,           0.690,             0.746,             4874.5, Moderate        , Rocky       ,               0.935,                    0.108,                     0.048,             0.701,                       ,                   0.077,           1819.7193,             2.5690,             ,                     113.8,             131.5,            4.16,                    76.14, No clear signal         ,              0.236,                    0, No            , None                      , Low               , B                 , 02/09/2023        , Stellar noise complicates the mass estimate.
XPS-AASZ  , Selene Quarta  , Selene Quarta-x  ,                   1, Primary    , Confirmed     ,           2000, Transit         , North Ridge Array    , Pacific Lens Group ,               374.44, 374.4 ly                  , G        ,           0.901,             0.907,             5287.0, Moderate        , Rocky       ,               0.784,                    0.128,                     0.107,             0.532,                  0.115,                   0.031,             69.9300,             0.3209,       0.1795,                     399.9,              62.6,           46.93,                    71.20, Water vapor candidate   ,                   ,                     , no            , None                      , Medium            , A                 , 2014-11-28        , No unusual note was reported.
XPS-AATA  , Orin Prime     , Orin Prime-y     ,                   1, Primary    , Confirmed     ,           2018, Transit         , SkyScan Array        , Solis Research Unit,              2408.97, 2409.0 ly                 , M        ,           0.173,             0.227,             3298.8, Active          , Gas Giant   ,              16.983,                    1.203,                     0.466,                  ,                504.408,                 316.425,             45.9669,             0.1398,       0.0222,                     210.1,          471184.5,           18.34,                    84.78,                         ,              0.156,                    0, No            , Possible moon signal      , Low               , A                 , 2021-11-18        , Transit timing varies across observation windows.
XPS-AATB  , Astra Quarta   , Astra Quarta-j   ,                   1, Primary    , Confirmed     ,           2019, Microlensing    , Southern Lens Grid   , North Ridge Team   ,              2788.07, 2788.1 ly                 , F        ,           1.281,             1.233,             7002.4, Moderate        , Gas Giant   ,               8.914,                    0.457,                     0.343,          1701.280,                 34.578,                  26.269,            293.4514,             0.9387,       0.1109,                     375.9,            4387.0,           14.58,                    60.00, High-altitude haze      ,              0.087,                    0, No            , None                      , Low               , D                 , 2021-12-24        , The system may contain another unseen world.
XPS-AATC  , Talos Prime    , Talos Prime-d    ,                   2, Primary    , Confirmed     ,           2015, Astrometry      , Gaia-Like Survey Lab , Meridian Study     ,              9338.48, 2870.0 pc                 , G        ,           0.967,             0.972,             5633.1, Quiet           , Gas Giant   ,              15.179,                    0.833,                     1.505,          1935.991,                       ,                 157.919,             28.1451,             0.1789,       0.2118,                     690.3,                  ,            8.91,                    56.95, Hydrogen-rich           ,              0.000,                    0, No            , Unusual dimming           , Low               , A                 , 2020-02-04        , The atmospheric result has low certainty.
XPS-AATD  , Cetus Minor    , Cetus Minor-v    ,                   1, Primary    , Confirmed     ,           2007, Transit         , North Ridge Array    , Pacific Lens Group ,              3870.00, 3870.0 ly                 , M        ,           0.229,             0.287,             3528.6, Moderate        , Super-Earth ,               2.034,                    0.263,                     0.189,             4.598,                  0.460,                   0.709,          10216.6188,             5.6342,       0.4075,                      34.1,            4216.8,            7.78,                    77.99, Carbon dioxide candidate,              0.033,                    0, No            , Timing pattern unresolved , Low               , A                 , 2017-04-09        , A faint secondary signal appears in some observations.
XPS-AATE  , Vela Major     , Vela Major-g     ,                   1, Primary    , Confirmed     ,           2003, Transit         , Orbital Lens Network , North Ridge Team   ,                28.85, 28.9 ly                   , M        ,           0.349,             0.414,             3033.3, Active          , Rocky       ,               1.472,                    0.202,                     0.213,             3.677,                  0.137,                   0.432,              7.8700,             0.0545,       0.0827,                     413.0,            1062.6,            5.13,                    64.76, High-altitude haze      ,              0.344,                    0, No            , None                      , Low               , B                 , 2020-12-30        , The orbit may be tilted relative to the star.
XPS-AATF  , Altara C       , Altara C-v       ,                   1, Primary    , Provisional   ,           2013, Transit         , SkyScan Array        , Solis Research Unit,                69.46, 69.5 ly                   , G        ,           0.910,             0.928,             5205.4, Moderate        , Lava World  ,               0.550,                    0.035,                     0.070,                  ,                  0.038,                   0.077,            313.6197,             0.8756,       0.4973,                    2319.0,              29.5,           25.56,                    69.00, Cloud-dominated         ,              0.000,                    0, No            , None                      , Low               , B                 , 2014-04-17        , No unusual note was reported.
XPS-AATG  , Mira North     , Mira North-b     ,                   1, Follow-up  , Confirmed     ,           2019, Transit Timing  , Multi-World Array    , Pacific Lens Group ,                24.49, 24.5 ly                   , K        ,           0.619,             0.692,             4580.1, Quiet           , Ice Giant   ,               5.615,                         ,                     0.496,            95.000,                 20.078,                  11.748,           4201.2666,             4.3421,       0.1251,                      90.2,                  ,           25.24,                    81.36, Cloud-dominated         ,              0.019,                    0, No            , NONE                      , Low               , A                 , 2025-02-16        , The orbit may be tilted relative to the star.
XPS-AATH  , Caeli C        , Caeli C-k        ,                   1, Primary    , Disputed      ,           1995, Direct Imaging  , Summit Imager        , Pacific Lens Group ,               255.94, 78.5 pc                   , M        ,           0.220,             0.297,             3842.3, Moderate        , Gas Giant   ,               9.011,                    0.175,                     0.690,           711.879,                107.423,                        ,           6364.4743,             4.0584,       0.4097,                          ,           77258.2,            5.78,                    70.14, Hydrogen-rich           ,              0.007,                    3, No            , None                      , Low               , A                 , 2015-07-13        , Cloud cover may hide key atmospheric signals.
XPS-AATJ  , Astra One      , Astra One-z      ,                   1, Primary    , Confirmed     ,           2001, Radial Velocity , Red Mesa Array       , Caeli Survey       ,               225.00, 225.0 ly                  , M        ,                ,             0.520,             3299.3, Active          , Gas Giant   ,              14.896,                    2.062,                     0.635,          1900.000,                126.856,                  11.316,              3.5448,             0.0338,             ,                     590.5,           69777.7,            3.75,                    70.42,                         ,              0.001,                    5, Yes           , None                      , Low               , A                 , 2022/05/18        , The record includes a later reanalysis.
XPS-AATK  , Cetus C        , Cetus C-d        ,                   1, Follow-up  , Disputed      ,           2004, Transit Timing  , Clockwork Survey     , Caeli Survey       ,              6184.70, 6184.7 ly                 , K        ,           0.769,             0.788,             4770.2, Quiet           , Super-Earth ,               2.146,                    0.067,                     0.117,            10.089,                       ,                   0.137,            577.1461,             1.2425,       0.5002,                     176.2,             621.3,           16.28,                    72.67, Water vapor candidate   ,              0.485,                    1, No            , None                      , High              , C                 , 2012-02-23        , Several measurements are absent from the early record.
XPS-AATL  , Orin One       , Orin One-r       ,                   1, Reanalysis , Confirmed     ,           1995, Transit         , Aurora Survey        , North Ridge Team   ,               254.48, 78.0 pc                   , G        ,           1.080,             1.070,             6045.6, Quiet           , Rocky       ,               0.987,                         ,                     0.142,             1.079,                  0.091,                   0.113,              7.7124,             0.0784,       0.1508,                    1129.0,              71.2,           20.48,                    69.07, Methane candidate       ,              0.000,                    0, No            , None                      , Medium            , A                 , 2014-05-12        , The host star varies across the observation cycle.
XPS-AATM  , Zora Quarta    , Zora Quarta-e    ,                   1, Reanalysis , Confirmed     ,           2018, Microlensing    , Southern Lens Grid   , Pacific Lens Group ,               116.75, 116.7 ly                  , F        ,           1.477,             1.352,             6649.6, Quiet           , Mini-Neptune,               2.372,                         ,                     0.020,             9.489,                  1.198,                        ,            332.1794,             1.0691,       0.2061,                     400.8,             258.3,            9.33,                    84.67, WATER VAPOR CANDIDATE   ,              0.375,                    0, No            , none                      , High              , A                 , 2018-06-21        , Transit timing varies across observation windows.
XPS-AATN  , Astra Delta    , Astra Delta-n    ,                   1, Primary    , Confirmed     ,           2015, Microlensing    , Pacific Field Network, Meridian Study     ,                63.78, 63.8 ly                   , F        ,           1.289,             1.239,             7132.9, Moderate        , Gas Giant   ,               8.192,                    0.435,                     0.033,           399.464,                 17.438,                  11.984,           4060.0204,             5.4199,       0.2132,                     175.7,            3664.2,           18.73,                    70.41, Methane candidate       ,                   ,                    2, No            , None                      , Low               , C                 , 2022-01-18        , The atmospheric result has low certainty.
XPS-AATP  , Solis Prime    , Solis Prime-j    ,                   1, Primary    , CONFIRMED     ,           2007, Radial Velocity , Red Mesa Array       , North Ridge Team   ,             12339.93, 12339.9 ly                , G        ,           1.055,             1.046,             5591.2, Highly active   , Rocky       ,               0.741,                         ,                     0.029,             0.476,                  0.111,                   0.022,           4607.7057,             5.5159,       0.3944,                     116.8,                  ,           13.73,                    69.00, Sodium signature        ,              0.262,                    0, No            , Asymmetric transit        , Low               , B                 , 08/16/2019        , Follow-up data changed the estimated year length.
XPS-AATQ  , Orin Delta     , Orin Delta-z     ,                   1, Primary    , Confirmed     ,           2004, Microlensing    , Southern Lens Grid   , Sky Atlas Team     ,                 5.08, 5.1 ly                    , G        ,           0.919,             0.925,             5500.4, Active          , Ice Giant   ,               4.840,                    0.540,                     0.576,            95.000,                       ,                   1.938,          11874.6297,             9.9039,             ,                      74.7,            2297.1,            7.06,                    95.23,                         ,              0.019,                    2, No            , None                      , Medium            , A                 , 2022/04/16        , The orbit may be tilted relative to the star.
XPS-AATR  , Cetus One      , Cetus One-n      ,                   1, Primary    , Archived      ,           1997, Transit         , Orbital Lens Network , Pacific Lens Group ,                11.10, 11.1 ly                   , K        ,           0.594,                  ,             4765.9, Moderate        , Ice Giant   ,               5.706,                    0.931,                          ,            88.962,                 17.643,                   5.102,           8260.1170,             6.7228,       0.1260,                      64.5,                  ,           24.50,                    74.20, Hydrogen-rich           ,                   ,                    2, No            , None                      , Low               , D                 , 2012-08-12        , The atmospheric result has low certainty.
XPS-AATS  , Novae Two      , Novae Two-y      ,                   1, Primary    , CONFIRMED     ,           2004, Transit         , Orbital Lens Network , Solis Research Unit,               433.65, 433.7 ly                  , M        ,           0.134,             0.177,             2571.8, Moderate        , Ice Giant   ,               5.214,                         ,                     0.195,            74.069,                  5.072,                  10.661,            134.0066,                   ,       0.0929,                     114.1,           72670.5,           26.76,                    73.88, Hydrogen-rich           ,              0.043,                    3, No            , None                      , Low               , C                 , 2025/08/03        , The orbit may be tilted relative to the star.
XPS-AATT  , Caeli Quarta   , Caeli Quarta-f   ,                   1, Primary    , Provisional   ,           2003, Radial Velocity , Highland Spectrograph, Sky Atlas Team     ,                 5.20, 5.2 ly                    , K        ,           0.769,             0.826,             4082.8, Quiet           , Rocky       ,               0.767,                    0.062,                     0.113,             0.337,                  0.026,                   0.070,              8.7572,             0.0762,       0.0559,                     690.0,                  ,           43.61,                    78.43, No clear signal         ,              0.000,                    0, No            , None                      , Low               , A                 , 2022/01/19        , The system may contain another unseen world.
XPS-AATU  , Kepleris Sigma , Kepleris Sigma-f ,                   1, Primary    , Confirmed     ,           2016, Radial Velocity , Red Mesa Array       , Blue Orbit Group   ,               444.27, 444.3 ly                  , M        ,           0.215,             0.291,             2671.9, Moderate        , MINI-NEPTUNE,               2.765,                    0.116,                     0.185,            17.287,                  1.456,                   2.832,             11.7234,             0.0605,             ,                     310.1,            7580.9,          126.21,                    84.82,                         ,              0.755,                    1, No            , None                      , High              , C                 , 2012-12-19        , Two observing teams reported slightly different radii.
XPS-AATV  , Neris Quarta   , Neris Quarta-u   ,                   1, Primary    , Confirmed     ,           2019, Radial Velocity , Solis Observatory    , Meridian Study     ,                73.32, 73.3 ly                   , F        ,                ,             1.253,             7303.0, Active          , Mini-Neptune,               4.566,                    0.069,                     0.169,            19.408,                  2.666,                        ,            327.1419,             1.0299,       0.2613,                     431.1,            1112.6,            5.36,                    60.79, Water vapor candidate   ,              0.257,                    0, No            , Asymmetric transit        , High              , A                 , 2018-05-10        , The orbit may be tilted relative to the star.
XPS-AATW  , Rhea Quarta    , Rhea Quarta-j    ,                   1, PRIMARY    , Confirmed     ,           2003, Radial Velocity , Solis Observatory    , Solis Research Unit,               401.22, 123.0 pc                  , G        ,           0.943,             0.957,             5413.7, Quiet           , Rocky       ,               1.541,                    0.120,                     0.184,             5.602,                  0.497,                   0.943,             38.5396,             0.2190,             ,                     600.3,             217.5,           10.14,                    73.77, Oxygen candidate        ,              0.004,                    0, No            , None                      , Low               , B                 , 2025-04-14        , Cloud cover may hide key atmospheric signals.
XPS-AATX  , Pavo C         , Pavo C-p         ,                   1, Primary    , Confirmed     ,           2021, Transit Timing  , Long View Network    , Sky Atlas Team     ,              3942.39, 3942.4 ly                 , G        ,           1.008,             1.007,             5953.1, Active          , Super-Earth ,               2.455,                    0.024,                     0.105,            15.000,                  2.466,                   3.372,           5963.7570,             6.4540,       0.2870,                     121.0,             498.2,           79.99,                    83.73,                         ,              0.234,                    0, No            , Unusual dimming           , Low               , A                 , 2019-12-11        , Cloud cover may hide key atmospheric signals.
XPS-AATY  , Kepleris Major , Kepleris Major-g ,                   1, Primary    , Confirmed     ,           2000, Transit         , Aurora Survey        , Pacific Lens Group ,                 9.70, 9.7 ly                    , K        ,           0.795,             0.815,             4404.9, Active          , Gas Giant   ,              13.116,                    0.284,                          ,           227.000,                 26.898,                   8.072,            489.2082,             1.1256,       0.0461,                     179.8,           21704.4,           25.97,                    78.15, Sodium signature        ,                   ,                    5, No            , None                      , Low               , D                 , 2015-11-20        , The host star varies across the observation cycle.
XPS-AATZ  , Mira C         , Mira C-x         ,                   1, Reanalysis , Provisional   ,           2011, Astrometry      , Gaia-Like Survey Lab , Sky Atlas Team     ,               174.07, 174.1 ly                  , K        ,           0.648,             0.705,             4938.0, Active          , Rocky       ,               0.728,                    0.033,                     0.016,             0.326,                  0.030,                        ,            537.1948,             1.1189,       0.1092,                     188.4,              89.6,            5.55,                    72.39,                         ,              0.609,                    0, No            , None                      , Low               , A                 , 2023-05-28        , A faint secondary signal appears in some observations.
XPS-AAUA  , Selene Two     , Selene Two-d     ,                   1, Primary    , disputed      ,           2008, Transit         , Aurora Survey        , Solis Research Unit,              2515.29, 2515.3 ly                 , G        ,           1.034,             1.030,             5225.0, Active          , Gas Giant   ,              12.839,                    1.458,                     0.813,          1900.000,                331.023,                 181.429,             10.3231,             0.0938,       0.1782,                     888.0,           13019.7,            7.46,                    64.63, Hydrogen-rich           ,              0.000,                    0, No            , None                      , Low               , C                 , 2013-12-16        , The record includes a later reanalysis.
XPS-AAUB  , Vela A         , Vela A-x         ,                   1, Primary    , Confirmed     ,           2020, Transit Timing  , clockwork survey     , Pacific Lens Group ,                35.90, 11.0 pc                   , K        ,           0.841,             0.873,             4481.2, Quiet           , Gas Giant   ,                    ,                    0.541,                     1.139,           985.462,                211.091,                 194.398,            328.5001,             0.8795,             ,                     210.6,            8714.5,           12.22,                    66.74, Hydrogen-rich           ,              0.159,                    4, Yes           , Unusual dimming           , Medium            , B                 , 2012-06-27        , The record includes a later reanalysis.
XPS-AAUC  , Lyra One       , Lyra One-c       ,                   1, Primary    , Confirmed     ,           2025, Transit         , Orbital Lens Network , Pacific Lens Group ,                59.75, 59.7 ly                   , K        ,           0.845,             0.870,             4167.7, Quiet           , Super-Earth ,               2.270,                    0.161,                          ,                  ,                  0.350,                        ,           1713.8700,             2.6493,             ,                     125.6,             574.4,           23.83,                    69.09, Carbon dioxide candidate,              0.206,                    0, No            , None                      , Low               , B                 , 2017-03-13        , The orbit may be tilted relative to the star.
XPS-AAUD  , Selene North   , Selene North-n   ,                   1, Primary    , Confirmed     ,           2020, Transit         , Orbital Lens Network , Blue Orbit Group   ,                48.67, 14.9 pc                   , M        ,           0.147,             0.221,             3316.0, Active          , Mini-Neptune,               3.998,                    0.663,                     0.077,            30.000,                  4.827,                        ,             50.7315,             0.1416,       0.0646,                          ,           27429.5,           35.30,                    75.31, Hydrogen-rich           ,              0.516,                    0, No            , None                      , Medium            , B                 , 2017-06-28        , The host star varies across the observation cycle.
XPS-AAUE  , Novae Major    , Novae Major-k    ,                   1, Primary    , Confirmed     ,           1998, Transit         , North Ridge Array    , Caeli Survey       ,               334.81, 334.8 ly                  , K        ,           0.756,             0.807,             4541.4, Moderate        , Mini-Neptune,               3.876,                    0.191,                     0.035,            30.000,                       ,                   3.793,            172.8007,             0.5532,       0.0301,                     294.6,            1933.7,            5.79,                    67.96, Water vapor candidate   ,              0.809,                    0, No            , None                      , Urgent            , B                 , 2013-02-04        , Transit timing varies across observation windows.
XPS-AAUF  , Selene Minor   , Selene Minor-e   ,                   1, Primary    , Confirmed     ,           2002, Transit         , Orbital Lens Network , Pacific Lens Group ,              3697.38, 1129.6 pc                 , K        ,           0.743,             0.777,             4178.9, Active          , Super-Earth ,               1.432,                    0.113,                     0.050,             2.211,                  0.365,                        ,            765.2583,             1.4828,       0.3197,                     131.9,             284.6,           13.31,                    73.24, Water vapor candidate   ,              0.313,                    0, No            , None                      , Medium            , D                 , 2021-11-11        , Several measurements are absent from the early record.
XPS-AAUG  , Mira One       , Mira One-v       ,                   1, Primary    , Provisional   ,           2004, Radial Velocity , Red Mesa Array       , Solis Research Unit,              7718.29, 7718.3 ly                 , G        ,           1.117,             1.095,             5810.1, Quiet           , Gas Giant   ,                    ,                    0.059,                          ,           197.504,                 26.973,                  29.037,              8.8570,             0.0870,       0.2519,                     953.1,            4146.3,           31.26,                    74.31, Sodium signature        ,              0.000,                    0, No            , None                      , Low               , B                 , 2023-05-01        , Cloud cover may hide key atmospheric signals.
XPS-AAUH  , Altara North   , Altara North-f   ,                   1, Primary    , Confirmed     ,           2001, Radial Velocity , Red Mesa Array       , Aurora Lab         ,                88.70, 88.7 ly                   , F        ,           1.357,             1.299,             6566.0, Active          , Ice Giant   ,               5.989,                    0.257,                     0.295,            26.944,                  0.820,                   5.469,             27.6952,             0.1983,       0.2301,                     751.6,            1783.5,           15.30,                    80.05, OXYGEN CANDIDATE        ,              0.000,                    5, No            , None                      , Medium            , B                 , 2012-06-28        , Stellar noise complicates the mass estimate.
XPS-AAUJ  , Astra Tertia   , Astra Tertia-k   ,                   1, Follow-up  , Confirmed     ,           2004, Transit         , skyscan array        , Aurora Lab         ,              5294.36, 5294.4 ly                 , m        ,           0.524,             0.624,             2690.0, Active          , Rocky       ,               0.969,                    0.154,                     0.092,             0.653,                  0.066,                        ,             28.3500,             0.1467,       0.0087,                     261.1,             201.9,            3.35,                    69.00, No clear signal         ,              0.747,                    0, No            , None                      , Medium            , B                 , 2014-07-30        , The atmospheric result has low certainty.
XPS-AAUK  , Luma South     , Luma South-x     ,                   2, Follow-up  , Confirmed     ,           2025, Transit         , Orbital Lens Network , Solis Research Unit,               110.18, 110.2 ly                  , G        ,           0.957,             0.967,             5369.8, Moderate        , Super-Earth ,               2.490,                    0.369,                          ,            14.990,                  1.835,                   0.181,            100.4910,             0.4169,       0.1672,                     360.3,             537.8,           10.88,                    71.26,                         ,              0.653,                     , No            , None                      , Medium            , B                 , 2020-06-09        , The record includes a later reanalysis.
XPS-AAUL  , Eris Delta     , Eris Delta-b     ,                   1, Primary    , Confirmed     ,           2017, Transit         , SkyScan Array        , Caeli Survey       ,               251.60, 251.6 ly                  , G        ,                ,             0.973,             5549.2, Moderate        , Mini-Neptune,               4.383,                         ,                     0.274,            29.441,                       ,                        ,            442.2208,                   ,             ,                     269.0,            1702.3,            6.49,                    72.98,                         ,              0.959,                    0, No            , Variable transit depth    , Urgent            , C                 , 2013-04-02        , Several measurements are absent from the early record.
XPS-AAUM  , Cetus A        , Cetus A-r        ,                   1, Primary    , Confirmed     ,           1995, Microlensing    , Pacific Field Network, Pacific Lens Group ,               123.38, 37.8 pc                   , F        ,           1.283,             1.227,             7149.7, Moderate        , rocky       ,               1.311,                    0.183,                     0.072,             2.509,                  0.293,                   0.177,           1840.3704,             3.1938,       0.1183,                          ,              95.9,            5.54,                    77.78, Methane candidate       ,              0.648,                    0, No            , UNEXPECTED INFRARED EXCESS, Urgent            , C                 , 2016-03-26        , A faint secondary signal appears in some observations.
XPS-AAUN  , Lyra Quarta    , Lyra Quarta-n    ,                   1, Primary    , Confirmed     ,           1998, Transit         , North Ridge Array    , Caeli Survey       ,                70.01, 70.0 ly                   , M        ,           0.304,             0.375,             3176.8, active          , Mini-Neptune,               2.578,                    0.011,                     0.236,             9.515,                  2.097,                   1.919,           1596.2880,             1.7978,       0.1280,                      70.0,            3964.9,            8.15,                    63.29, Water vapor candidate   ,              0.095,                    0, NO            , None                      , Low               , B                 , 2011-06-29        , The record includes a later reanalysis.
XPS-AAUP  , Astra B        , Astra B-d        ,                   1, Primary    , Confirmed     ,           2021, Transit         , SkyScan Array        , Caeli Survey       ,                 6.77, 6.8 ly                    , K        ,           0.830,             0.870,             5163.6, Quiet           , Gas Giant   ,               9.794,                    0.747,                     0.198,           270.243,                 22.219,                  45.217,             11.3044,             0.0927,             ,                     804.9,           10643.4,            9.97,                    70.91, Hydrogen-rich           ,              0.000,                    0, No            , None                      , Low               , C                 , 2014-01-06        , Stellar noise complicates the mass estimate.
XPS-AAUQ  , Pavo Delta     , Pavo Delta-n     ,                   1, Primary    , Confirmed     ,           2008, Microlensing    , Pacific Field Network, Blue Orbit Group   ,                72.85, 72.9 ly                   , A        ,           2.285,             2.028,             9808.7, Active          , SUPER-EARTH ,               2.102,                    0.084,                     0.189,             7.462,                  2.020,                        ,           3360.2029,             5.7829,             ,                     281.6,                  ,           15.07,                    63.33,                         ,              1.000,                    0, No            , None                      , Urgent            , C                 , 2022-06-02        , Follow-up data changed the estimated year length.
XPS-AAUR  , Novae North    , Novae North-t    ,                   1, Primary    , Confirmed     ,           2014, Transit         , Orbital Lens Network , Blue Orbit Group   ,               144.87, 44.4 pc                   , K        ,           0.783,             0.796,             4193.7, Quiet           , Super-Earth ,               1.883,                    0.265,                     0.015,            10.466,                  1.037,                        ,           1851.2143,             2.7192,       0.2462,                          ,             469.4,           25.99,                    75.25, No clear signal         ,              0.215,                    0, No            , Unexpected infrared excess, Medium            , C                 , 2014-04-03        , Stellar noise complicates the mass estimate.
XPS-AAUS  , Mira Two       , Mira Two-x       ,                   1, Primary    , Provisional   ,           2017, Radial Velocity , Solis Observatory    , Meridian Study     ,             13348.38, 13348.4 ly                , A        ,           2.271,             1.811,             9072.7, Active          , mini-neptune,               4.152,                    0.430,                     0.034,            30.000,                  1.155,                   2.396,              6.2395,             0.0872,       0.1120,                    1773.3,             440.7,            6.09,                    66.96,                         ,              0.000,                    0, No            , Variable transit depth    , High              , A                 , 2022-12-18        , Cloud cover may hide key atmospheric signals.
XPS-AAUT  , Auron Two      , Auron Two-s      ,                   1, Primary    , Confirmed     ,           2005, Transit         , SkyScan Array        , North Ridge Team   ,                28.90, 28.9 ly                   , K        ,           0.690,             0.720,             4331.5, Moderate        , SUPER-EARTH ,               2.520,                    0.441,                     0.270,                  ,                  0.061,                   0.902,             16.9783,             0.1141,       0.2388,                     539.9,            1025.9,            1.97,                    60.58, Cloud-dominated         ,              0.017,                    0, No            , Unusual dimming           , LOW               , C                 , 2021-05-17        , Transit timing varies across observation windows.
XPS-AAUU  , Mira B         , Mira B-b         ,                   1, Follow-up  , Confirmed     ,           2022, Transit         , North Ridge Array    , Pacific Lens Group ,              4817.46, 1477.0 pc                 , K        ,           0.630,             0.694,             4399.6, Quiet           , Rocky       ,               1.245,                    0.223,                     0.042,             1.150,                  0.103,                        ,           3508.8506,             3.8738,             ,                     100.0,             269.4,            7.35,                    69.65,                         ,              0.135,                    0, No            , None                      , Low               , A                 , 2013-12-16        , The record includes a later reanalysis.
XPS-AAUV  , Neris Prime    , Neris Prime-f    ,                   1, Primary    , Confirmed     ,           2016, Transit         , Aurora Survey        , Sky Atlas Team     ,                     , 1044.2 ly                 , M        ,           0.562,             0.585,             2738.3, Active          , Mini-Neptune,               3.260,                    0.205,                     0.460,            14.812,                  2.235,                   2.945,            310.9583,             0.7414,       0.0474,                     119.2,            2607.4,           23.30,                    72.38, Methane candidate       ,              0.277,                    0, No            , None                      , High              , B                 , 2019-08-11        , Two observing teams reported slightly different radii.
XPS-AAUW  , Altara Prime   , Altara Prime-b   ,                   1, Follow-up  , Confirmed     ,           1998, Astrometry      , Gaia-Like Survey Lab , North Ridge Team   ,              5953.32, 1825.3 pc                 , M        ,           0.137,             0.237,             3263.6, QUIET           , Rocky       ,               1.238,                    0.082,                     0.076,             1.870,                  0.059,                        ,             34.0267,             0.1058,             ,                          ,            2283.2,            5.25,                    65.88, Hydrogen-rich           ,              0.636,                    0, No            , None                      , Medium            , B                 , 2018-10-18        , The host star varies across the observation cycle.
XPS-AAUX  , Selene North   , Selene North-b   ,                   1, primary    , Confirmed     ,           2005, Transit         , SkyScan Array        , Blue Orbit Group   ,                     , 899.6 pc                  , K        ,           0.705,             0.763,             4690.0, Moderate        , Super-Earth ,               2.015,                    0.270,                     0.095,             9.075,                       ,                   1.112,             28.0542,             0.1608,       0.0735,                     516.4,             585.0,            3.89,                    71.23, Hydrogen-rich           ,              0.043,                    0, No            , None                      , Low               , D                 , 2017-04-29        , The record includes a later reanalysis.
XPS-AAUY  , Solis Minor    , Solis Minor-c    ,                   1, Primary    , Confirmed     ,           2000, Radial Velocity , Highland Spectrograph, Caeli Survey       ,                 9.29, 9.3 ly                    , M        ,           0.177,             0.279,             3242.0, Active          , Super-Earth ,               1.889,                    0.080,                     0.107,             5.748,                       ,                        ,            125.7967,             0.2759,       0.1415,                     170.9,            3856.8,            5.08,                    61.98, Hydrogen-rich           ,              0.501,                    0, No            , None                      , Low               , B                 , 2015-01-07        , Two observing teams reported slightly different radii.
XPS-AAUZ  , Rhea C         , Rhea C-x         ,                   1, Follow-up  , Confirmed     ,           1999, Radial Velocity , Red Mesa Array       , Meridian Study     ,               676.34, 207.4 pc                  , G        ,           1.069,             1.056,             5512.4, Moderate        , Rocky       ,               0.744,                    0.107,                     0.021,             0.530,                  0.100,                   0.025,             48.3487,             0.2656,             ,                          ,                  ,            6.97,                    69.00,                         ,              0.070,                    0, No            , None                      , Low               , B                 , 2024-07-18        , No unusual note was reported.
XPS-AAVA  , Auron Two      , Auron Two-s      ,                   1, Follow-up  , Confirmed     ,           2024, Transit         , North Ridge Array    , Aurora Lab         ,                46.89, 46.9 ly                   , K        ,           0.730,             0.773,             4070.2, MODERATE        , gas giant   ,              15.487,                    1.521,                     0.076,          1900.000,                110.609,                 176.390,           2883.1546,             3.5705,       0.0394,                      96.9,           33644.5,            5.40,                    75.44,                         ,                   ,                    0, No            , None                      , Low               , C                 , 2022-09-12        , Transit timing varies across observation windows.
XPS-AAVB  , Cetus Major    , Cetus Major-r    ,                   1, Primary    , Confirmed     ,           2019, Radial Velocity , Solis Observatory    , Caeli Survey       ,                 5.42, 5.4 ly                    , A        ,           1.911,             1.743,             7610.2, Moderate        , Gas Giant   ,               9.543,                    1.216,                     0.510,                  ,                 41.650,                  28.008,              1.6588,             0.0340,             ,                          ,            2514.8,           17.16,                    73.74, Hydrogen-rich           ,              0.000,                    0, No            , None                      , Low               , B                 , 2012-01-12        , A faint secondary signal appears in some observations.
XPS-AAVC  , Kepleris Major , Kepleris Major-e ,                   1, Primary    , Disputed      ,           2010, Radial Velocity , Solis Observatory    , Sky Atlas Team     ,                15.81, 4.8 pc                    , F        ,           1.142,             1.115,             6980.5, Quiet           , Super-Earth ,               2.260,                         ,                     0.222,             2.901,                  0.563,                   0.307,           2423.9876,             3.6900,       0.3050,                     190.2,             345.0,           13.03,                    76.44, Hydrogen-rich           ,              0.516,                    0, No            , None                      , Medium            , B                 , 2016-08-28        , The atmospheric result has low certainty.
XPS-AAVD  , Astra C        , Astra C-z        ,                   1, Primary    , Provisional   ,           2019, Transit         , Orbital Lens Network , Sky Atlas Team     ,              2475.27, 2475.3 ly                 , K        ,           0.712,             0.736,             4247.3, Quiet           , Gas Giant   ,              13.735,                    0.158,                     1.390,                  ,                 72.252,                  43.369,             20.6767,             0.1317,             ,                     513.0,           29192.7,           25.71,                    67.15, No clear signal         ,              0.009,                    0, no            , variable transit depth    , low               , A                 , 2013/01/05        , The orbit may be tilted relative to the star.
XPS-AAVE  , Vela Two       , Vela Two-c       ,                   1, Follow-up  , CONFIRMED     ,           1996, Transit         , Orbital Lens Network , Aurora Lab         ,               113.03, 113.0 ly                  , G        ,           1.004,             1.003,             5435.6, Moderate        , Super-Earth ,               1.613,                    0.144,                     0.046,             4.738,                  1.304,                   0.225,              4.9669,             0.0570,       0.5769,                    1121.5,             216.7,           16.30,                    75.52, Sodium signature        ,              0.000,                    0, No            , None                      , Low               , D                 , 12/08/2020        , The system may contain another unseen world.
XPS-AAVF  , Altara Delta   , Altara Delta-e   ,                   1, Primary    , Confirmed     ,           2014, Radial Velocity , Solis Observatory    , Aurora Lab         ,                 6.76, 6.8 ly                    , K        ,           0.787,             0.811,             4692.7, Active          , Super-Earth ,               2.049,                    0.055,                     0.241,             6.818,                  1.015,                   1.123,            177.6994,             0.5710,       0.1879,                     275.9,             534.7,           33.45,                    73.14, Water vapor candidate   ,              0.840,                    0, No            , None                      , Urgent            , C                 , 2015-04-17        , No unusual note was reported.
XPS-AAVG  , Arden South    , Arden South-h    ,                   1, Primary    , Confirmed     ,           2005, Transit Timing  , Multi-World Array    , Aurora Lab         ,              7765.36, 2380.9 pc                 , K        ,           0.708,             0.721,             4445.5, Active          , Ice Giant   ,               3.371,                         ,                     0.114,            23.590,                  5.344,                        ,           2623.6605,             3.3182,       0.0414,                     101.4,            1833.5,            6.06,                    69.00, High-altitude haze      ,              0.036,                    2, Yes           , Unusual dimming           , Low               , B                 , 2020-04-05        , Follow-up data changed the estimated year length.
XPS-AAVH  , Zora A         , Zora A-c         ,                   1, Reanalysis , Confirmed     ,           2016, Astrometry      , Vector Star Mapper   , Caeli Survey       ,                 5.83, 5.8 ly                    , M        ,           0.179,             0.279,             3800.1, Moderate        , Mini-Neptune,               3.083,                    0.405,                     0.051,            30.000,                       ,                   4.992,          10301.7328,             5.2209,       0.2230,                      46.5,                  ,            6.66,                    84.80, Hydrogen-rich           ,              0.060,                    0, No            , none                      , Low               , C                 , 2015-07-08        , The system may contain another unseen world.
XPS-AAVJ  , Selene Prime   , Selene Prime-d   ,                   1, Follow-up  , Confirmed     ,           2020, Transit         , Orbital Lens Network , Caeli Survey       ,                34.36, 34.4 ly                   , M        ,           0.272,             0.349,             2564.0, Moderate        , Mini-Neptune,               2.438,                    0.048,                     0.257,                  ,                  5.460,                   0.759,            123.9407,             0.3151,       0.4419,                     139.4,                  ,            8.41,                    72.21, Methane candidate       ,              0.384,                    0, No            , Variable transit depth    , High              , D                 , 2011-07-29        , Transit timing varies across observation windows.
XPS-AAVK  , Eris Tertia    , Eris Tertia-e    ,                   1, Primary    , Confirmed     ,           2020, Transit         , SkyScan Array        , Pacific Lens Group ,                12.14, 3.7 pc                    , M        ,           0.471,             0.554,             3442.7, Moderate        , Ice Giant   ,               6.741,                    0.817,                     0.757,            95.000,                  7.720,                  19.005,            512.3899,             0.9753,       0.2156,                     116.1,           12424.9,            3.52,                    70.63, No clear signal         ,              0.041,                    1, Yes           , Variable transit depth    , Low               , A                 , 2024-09-18        , Stellar noise complicates the mass estimate.
XPS-AAVL  , Rhea Quarta    , Rhea Quarta-m    ,                   1, Primary    , Confirmed     ,           2022, Direct Imaging  , Summit Imager        , Caeli Survey       ,               265.26,                           , G        ,           1.111,             1.082,             5994.1, Active          , Rocky       ,               0.937,                    0.122,                     0.043,             0.769,                       ,                   0.034,         171882.9059,            62.6546,       0.1855,                      36.4,              62.9,            8.69,                    79.93, No clear signal         ,              0.031,                    0, No            , Variable transit depth    , Low               , B                 , 2012-07-25        , The orbit may be tilted relative to the star.
XPS-AAVM  , Vela A         , Vela A-y         ,                   1, Primary    , Confirmed     ,           2022, Transit         , SkyScan Array        , Aurora Lab         ,                10.89, 10.9 ly                   , G        ,           0.888,             0.913,             5585.0, Moderate        , Mini-Neptune,               3.496,                    0.345,                     0.016,            19.122,                  0.479,                   0.712,              3.7732,             0.0456,       0.2537,                    1105.5,            1231.3,           17.77,                    78.06, Sodium signature        ,              0.000,                    0, No            , None                      , Low               , A                 , 03/04/2024        , Stellar noise complicates the mass estimate.
XPS-AAVN  , Pavo One       , Pavo One-e       ,                   1, Primary    , Confirmed     ,           1998, Transit         , North Ridge Array    , North Ridge Team   ,                19.38, 19.4 ly                   , G        ,           0.934,             0.943,             5918.8, Moderate        , mini-neptune,               4.006,                    0.376,                     0.106,             9.569,                       ,                   0.893,           3711.6969,             4.5870,       0.2095,                     132.8,            1514.8,            5.47,                    77.06, Water vapor candidate   ,              0.296,                    0, No            , Unexpected infrared excess, High              , A                 , 2021/02/27        , Cloud cover may hide key atmospheric signals.
XPS-AAVP  , Novae Tertia   , Novae Tertia-w   ,                   1, Primary    , Confirmed     ,           1997, Astrometry      , Gaia-Like Survey Lab , Caeli Survey       ,                     , 13.1 ly                   , M        ,           0.172,             0.270,             3132.7, Active          , Mini-Neptune,               2.534,                    0.161,                     0.137,             5.061,                  0.412,                   0.209,            953.0516,             1.0538,             ,                      69.0,                  ,           12.00,                    73.44, Hydrogen-rich           ,              0.072,                    0, Yes           , Possible ring system      , Medium            , C                 , 2020-12-23        , Stellar noise complicates the mass estimate.
XPS-AAVQ  , Novae One      , Novae One-m      ,                   1, Primary    , Confirmed     ,           2023, Microlensing    , Pacific Field Network, Pacific Lens Group ,                63.56, 63.6 ly                   , M        ,           0.325,             0.392,             2827.4, Quiet           , Rocky       ,               1.470,                    0.191,                     0.111,             2.615,                  0.433,                   0.592,            609.6997,             0.9677,             ,                      81.5,            1180.5,           21.50,                    66.91, Hydrogen-rich           ,              0.131,                    0, no            , None                      , Low               , D                 , 2023-03-31        , A faint secondary signal appears in some observations.
XPS-AAVR  , Orin B         , Orin B-u         ,                   1, Primary    , Confirmed     ,           2024, Radial Velocity , Highland Spectrograph, Caeli Survey       ,             10350.12, 3173.4 pc                 , F        ,           1.305,             1.269,             6210.3, Moderate        , Rocky       ,               0.890,                    0.034,                     0.126,             0.818,                  0.225,                   0.090,           1049.9793,             2.2092,       0.1351,                     225.4,              41.3,            5.24,                    54.29, Water vapor candidate   ,              0.870,                    0, No            , Variable transit depth    , Urgent            , D                 , 2011-06-01        , A faint secondary signal appears in some observations.
XPS-AAVS  , Orin Prime     , Orin Prime-t     ,                   1, primary    , Confirmed     ,           2005, Microlensing    , Pacific Field Network, Caeli Survey       ,             10388.72, 10388.7 ly                , A        ,           2.092,             1.855,             8117.7, MODERATE        , Rocky       ,               0.963,                    0.129,                     0.013,             0.978,                  0.181,                        ,           3436.7690,             5.7006,       0.1010,                     240.5,              22.6,           44.20,                    84.52, No clear signal         ,              0.901,                    0, No            , NONE                      , High              , C                 , 2024-11-30        , Several measurements are absent from the early record.
XPS-AAVT  , Rhea Quarta    , Rhea Quarta-e    ,                   1, Primary    , Confirmed     ,           2018, Radial Velocity , Solis Observatory    , Solis Research Unit,               170.73, 52.3 pc                   , K        ,           0.734,             0.766,             4177.4, Moderate        , Gas Giant   ,              16.956,                    0.929,                     0.802,          1192.174,                 89.718,                 185.691,             99.9079,             0.3801,       0.2084,                          ,                  ,           22.70,                    75.31, Hydrogen-rich           ,              0.204,                    0, No            , None                      , Low               , D                 , 08/31/2021        , No unusual note was reported.
XPS-AAVU  , Eris Tertia    , Eris Tertia-p    ,                   1, Primary    , Confirmed     ,           2019, Transit         , North Ridge Array    , Sky Atlas Team     ,              3774.37, 3774.4 ly                 , M        ,           0.427,             0.509,             3311.2, Moderate        , Rocky       ,               1.370,                         ,                     0.053,             2.961,                  0.498,                   0.639,           5488.5481,                   ,             ,                      48.3,             606.7,           41.66,                    79.51, Water vapor candidate   ,              0.049,                    0, No            , Variable transit depth    , Medium            , B                 , 2022-08-07        , Two observing teams reported slightly different radii.
XPS-AAVV  , Auron Two      , Auron Two-f      ,                   1, Primary    , Archived      ,           2023, Transit         , Orbital Lens Network , Blue Orbit Group   ,                14.59, 4.5 pc                    , M        ,           0.440,             0.507,             3244.3, Moderate        , Ice Giant   ,               3.637,                    0.156,                     0.159,            46.664,                 10.384,                  10.369,              3.5584,             0.0347,       0.3738,                          ,            4321.4,           50.33,                    78.24, Hydrogen-rich           ,              0.003,                    5, No            , None                      , Low               , D                 , 2019-01-14        , A faint secondary signal appears in some observations.
XPS-AAVW  , Neris Delta    , Neris Delta-w    ,                   1, Primary    , Provisional   ,           2020, Transit         , Orbital Lens Network , Solis Research Unit,                10.96, 11.0 ly                   , F        ,           1.372,             1.259,             6958.8, Moderate        , mini-neptune,               2.402,                    0.256,                     0.169,            14.120,                  1.345,                        ,            171.3417,             0.6709,       0.0432,                     442.2,             305.3,           21.61,                    75.44, Cloud-dominated         ,              0.230,                    0, No            , Possible moon signal      , Medium            , C                 , 2022-03-18        , The atmospheric result has low certainty.
XPS-AAVX  , Rhea Minor     , Rhea Minor-r     ,                   1, Primary    , PROVISIONAL   ,           2022, Transit         , Aurora Survey        , Sky Atlas Team     ,               284.84, 284.8 ly                  , K        ,           0.823,             0.856,             4715.6, Active          , Super-Earth ,               1.437,                    0.182,                     0.038,             2.933,                  0.223,                   0.153,              8.6119,             0.0771,       0.2258,                     836.6,             236.4,           67.96,                    78.00, Hydrogen-rich           ,              0.000,                    0, No            , None                      , Low               , C                 , 2013/11/17        , Two observing teams reported slightly different radii.
XPS-AAVY  , Mira North     , Mira North-b     ,                   1, reanalysis , Disputed      ,           2011, Radial Velocity , Solis Observatory    , Meridian Study     ,               412.28, 412.3 ly                  , K        ,           0.608,             0.638,             4852.7, Active          , Ice Giant   ,               3.328,                    0.537,                     0.177,            14.276,                  0.557,                        ,             15.6236,             0.1036,       0.0607,                     541.5,            2284.4,            3.78,                    70.02, Hydrogen-rich           ,              0.004,                    1, No            , None                      , Low               , A                 , 01/26/2011        , Stellar noise complicates the mass estimate.
XPS-AAVZ  , Selene One     , Selene One-n     ,                   1, Follow-up  , Provisional   ,           2006, Radial Velocity , Red Mesa Array       , Blue Orbit Group   ,                78.04, 23.9 pc                   , A        ,           1.901,             1.710,             9695.9, Active          , Mini-Neptune,               2.888,                    0.333,                     0.227,            26.752,                  1.726,                   1.282,             55.5923,             0.3532,       0.3763,                    1044.4,                  ,            9.40,                    79.53, Methane candidate       ,              0.000,                    1, Yes           , Possible ring system      , Medium            , A                 , 2018-09-27        , The record includes a later reanalysis.
XPS-AAWA  , Novae North    , Novae North-c    ,                   1, Primary    , Provisional   ,           2022, Transit         , Orbital Lens Network , Solis Research Unit,              6155.80, 1887.4 pc                 , M        ,           0.524,             0.569,             3579.7, Active          , Desert World,               1.759,                    0.045,                     0.163,             6.663,                  1.543,                        ,           1013.2270,             1.5912,             ,                     107.7,                  ,           17.39,                    78.63, Methane candidate       ,              0.216,                     , No            , None                      , Medium            , A                 , 2016-07-10        , Cloud cover may hide key atmospheric signals.
XPS-AAWB  , Caeli A        , Caeli A-b        ,                   1, Primary    , Confirmed     ,           2018, Transit         , Orbital Lens Network , Sky Atlas Team     ,                22.05, 6.8 pc                    , K        ,           0.765,             0.788,             4283.4, Moderate        , Rocky       ,               1.083,                    0.098,                     0.112,                  ,                  0.152,                   0.397,             88.3707,             0.3550,       0.2475,                     292.3,             158.6,           32.23,                    69.00,                         ,              1.000,                    0, No            , None                      , High              , B                 , 2023-06-07        , The orbit may be tilted relative to the star.
XPS-AAWC  , Kepleris Minor , Kepleris Minor-s ,                   2, Primary    , Provisional   ,           2001, Transit         , SkyScan Array        , Caeli Survey       ,                10.74, 10.7 ly                   , G        ,           1.087,             1.065,             6057.6, Quiet           , Super-Earth ,               2.322,                    0.426,                     0.205,             5.322,                  0.762,                   0.946,            491.7693,             1.2530,       0.1043,                     248.0,             423.0,           15.53,                    77.01, High-altitude haze      ,              0.910,                    0, No            , Unexpected infrared excess, Urgent            , D                 , 2013-10-13        , A faint secondary signal appears in some observations.
XPS-AAWD  , Cetus Two      , Cetus Two-k      ,                   1, Follow-up  , Confirmed     ,           2001, Transit Timing  , Clockwork Survey     , Sky Atlas Team     ,                28.41, 28.4 ly                   , A        ,           1.747,             1.545,             9842.6, Highly active   , super-earth ,               1.566,                    0.242,                     0.192,             2.502,                  0.148,                   0.324,           2187.3826,             3.9722,       0.2302,                     329.4,              87.0,            8.03,                    66.15, Oxygen candidate        ,                   ,                    0, No            , None                      , High              , C                 , 2021-11-04        , The host star varies across the observation cycle.
XPS-AAWE  , Caeli Quarta   , Caeli Quarta-e   ,                   1, Primary    , Confirmed     ,           2017, Transit         , Orbital Lens Network , Meridian Study     ,                 8.51, 8.5 ly                    , K        ,           0.747,             0.767,             4036.0, Moderate        , Rocky       ,               1.133,                    0.139,                     0.142,             1.787,                  0.090,                   0.287,              3.2853,             0.0393,       0.0730,                     840.6,             182.8,            6.51,                    69.62, Carbon dioxide candidate,              0.000,                    0, Yes           , Possible ring system      , Medium            , A                 , 2011-04-27        , Cloud cover may hide key atmospheric signals.
XPS-AAWF  , Caeli Quarta   , Caeli Quarta-j   ,                   1, Primary    , Confirmed     ,           2004, Radial Velocity , Solis Observatory    , Blue Orbit Group   ,               779.70, 239.1 pc                  , m        ,           0.374,             0.398,                   , Active          , Gas Giant   ,              13.139,                    0.577,                     1.315,           345.987,                 24.212,                  13.108,            289.7888,             0.6177,       0.1387,                     137.4,           91281.5,           28.34,                    70.38,                         ,              0.056,                    0, NO            , None                      , medium            , A                 , 2019-12-21        , Several measurements are absent from the early record.
XPS-AAWG  , Tarin Major    , Tarin Major-j    ,                   1, Primary    , Confirmed     ,           2023, Transit         , Orbital Lens Network , Sky Atlas Team     ,              4449.87, 4449.9 ly                 , K        ,           0.875,             0.904,             4957.3, Active          , Rocky       ,               1.441,                    0.014,                     0.180,             3.842,                  0.926,                   0.743,             10.7446,             0.0911,       0.3855,                          ,             213.3,            6.69,                    65.20, Sodium signature        ,              0.000,                    0, No            , None                      , Low               , C                 , 2016-12-24        , Several measurements are absent from the early record.
XPS-AAWH  , Tarin Prime    , Tarin Prime-n    ,                   1, Primary    , Confirmed     ,           2023, Radial Velocity , Highland Spectrograph, Aurora Lab         ,                 5.79, 5.8 ly                    , K        ,           0.624,             0.647,             4273.8, Moderate        , Super-Earth ,               2.104,                    0.181,                     0.315,             5.691,                  1.048,                   1.113,              4.1044,             0.0429,             ,                     783.9,                  ,           13.89,                    77.15,                         ,              0.000,                    0, No            , Variable transit depth    , Low               , D                 , 01/30/2025        , Follow-up data changed the estimated year length.
XPS-AAWJ  , Astra C        , Astra C-j        ,                   1, Primary    , Confirmed     ,           1997, Transit         , North Ridge Array    , Meridian Study     ,              3346.62, 3346.6 ly                 , M        ,           0.179,                  ,             3500.8, Moderate        , Rocky       ,               0.564,                    0.026,                     0.053,             0.194,                  0.065,                   0.058,           4515.2326,             3.0119,       0.1819,                      46.1,             552.9,           52.36,                    78.12, Carbon dioxide candidate,              0.041,                    0, No            , None                      , Low               , C                 , 2018-05-17        , The atmospheric result has low certainty.
XPS-AAWK  , Novae A        , Novae A-s        ,                   1, Primary    , Confirmed     ,           2018, Transit         , Aurora Survey        , Blue Orbit Group   ,                38.78, 38.8 ly                   , K        ,           0.663,             0.715,             4362.0, active          , Rocky       ,               0.802,                    0.037,                     0.055,                  ,                  0.170,                   0.163,            164.2634,             0.5119,             ,                     245.5,             105.5,            3.34,                    74.95,                         ,              0.958,                    0, No            , None                      , Urgent            , B                 , 2018-10-11        , The record includes a later reanalysis.
XPS-AAWL  , Rhea South     , Rhea South-v     ,                   1, Primary    , DISPUTED      ,           2010, Astrometry      , Gaia-Like Survey Lab , Caeli Survey       ,                38.10, 38.1 ly                   , M        ,           0.349,             0.451,             3020.3, Active          , Gas Giant   ,               9.795,                    1.106,                     0.956,           159.043,                 43.266,                        ,            162.9526,             0.4109,             ,                     139.0,           39577.8,            2.14,                    50.13, Hydrogen-rich           ,              0.048,                    0, No            , None                      , Low               , A                 , 07/20/2019        , The system may contain another unseen world.
XPS-AAWM  , Astra C        , Astra C-c        ,                   1, Primary    , Confirmed     ,           2020, Radial Velocity , Solis Observatory    , Meridian Study     ,               237.78, 237.8 ly                  , M        ,           0.541,             0.587,             2782.8, Active          , Gas Giant   ,              14.901,                    0.033,                     1.348,           297.446,                 25.337,                  43.571,              7.7432,             0.0624,       0.0690,                     404.3,           54136.4,           12.50,                    75.97, Hydrogen-rich           ,              0.056,                    3, No            , Asymmetric transit        , Low               , B                 , 2013-07-27        , The record includes a later reanalysis.
XPS-AAWN  , Altara B       , Altara B-y       ,                   1, Primary    , Confirmed     ,           2017, Direct Imaging  , Summit Imager        , Blue Orbit Group   ,                 6.82, 6.8 ly                    , M        ,           0.316,             0.409,             2891.5, active          , Desert World,               1.069,                    0.098,                     0.151,             0.780,                  0.149,                   0.088,           3526.0001,             3.0870,       0.4246,                      45.3,             572.5,            2.82,                    56.81, Water vapor candidate   ,                   ,                    0, No            , None                      , Medium            , ?                 , 2024-05-21        , Follow-up data changed the estimated year length.
XPS-AAWP  , Altara South   , Altara South-u   ,                   1, primary    , Confirmed     ,           2008, Transit         , Aurora Survey        , Solis Research Unit,               234.77, 234.8 ly                  , K        ,           0.634,             0.692,             4669.9, Moderate        , Mini-Neptune,               3.773,                    0.014,                     0.558,            19.870,                       ,                   3.369,           9321.0406,             7.4463,       0.0769,                      71.3,            2495.1,            7.58,                    72.65, Methane candidate       ,              0.106,                    0, No            , None                      , Medium            , C                 , 2022-09-29        , Cloud cover may hide key atmospheric signals.
XPS-AAWQ  , Auron Tertia   , Auron Tertia-v   ,                   1, Primary    , Confirmed     ,           1999, Transit         , Orbital Lens Network , Solis Research Unit,                 5.87, 5.9 ly                    , K        ,           0.690,             0.711,             4411.9, Quiet           , Super-Earth ,               2.540,                    0.233,                     0.337,            14.744,                       ,                        ,           1148.8055,             1.8939,       0.2137,                     123.5,            1070.7,            8.38,                    69.00, Methane candidate       ,              0.247,                    1, No            , None                      , Medium            , B                 , 2022/06/13        , The distance entry uses a converted unit.
XPS-AAWR  , Talos Two      , Talos Two-v      ,                   2, Primary    , Confirmed     ,           2007, Radial Velocity , Highland Spectrograph, North Ridge Team   ,               506.85, 155.4 pc                  , K        ,           0.638,             0.690,             4308.0, Active          , Ice Giant   ,               5.253,                         ,                     0.705,            93.831,                 15.220,                   6.519,             14.0767,             0.0983,       0.2151,                     507.9,            5200.8,           71.37,                    80.64, High-altitude haze      ,                   ,                    0, No            , Asymmetric transit        , Medium            , A                 , 2023-09-03        , The host star varies across the observation cycle.
XPS-AAWS  , Solis A        , Solis A-t        ,                   2, Primary    , Archived      ,           1998, Transit         , aurora survey        , Blue Orbit Group   ,              9401.52, 9401.5 ly                 , F        ,           1.302,             1.279,             7029.7, Highly active   , Mini-Neptune,               3.287,                    0.083,                     0.263,            15.787,                  3.319,                   1.450,                    ,             0.0885,       0.0581,                    1417.8,             575.3,            4.56,                    75.45, Sodium signature        ,              0.000,                    0, No            , Variable transit depth    , medium            , A                 , 2022-11-05        , Cloud cover may hide key atmospheric signals.
XPS-AAWT  , Orin Major     , Orin Major-c     ,                   2, Follow-up  , Confirmed     ,           2022, transit         , Orbital Lens Network , Blue Orbit Group   ,                 6.45, 6.5 ly                    , G        ,           1.112,             1.083,             5463.9, Moderate        , Gas Giant   ,              15.522,                         ,                     0.171,          1933.012,                 88.040,                        ,           4440.4601,             5.4793,       0.3442,                     112.7,           17012.9,            9.63,                    71.02, Hydrogen-rich           ,              0.034,                    0, No            , None                      , LOW               , A                 , 2020-04-02        , The system may contain another unseen world.
XPS-AAWU  , Cyra One       , Cyra One-h       ,                   1, Primary    , Confirmed     ,           2020, Radial Velocity , Solis Observatory    , Pacific Lens Group ,               697.95, 690.0 ly                  , K        ,           0.690,             0.707,             4427.5, Quiet           , Rocky       ,               0.994,                    0.022,                     0.064,             1.154,                  0.094,                   0.206,            127.8992,             0.4373,       0.1837,                     287.3,                  ,            3.07,                    55.72, Hydrogen-rich           ,              1.000,                    1, No            , None                      , High              , B                 , 2019-05-31        , The host star varies across the observation cycle.
XPS-AAWV  , Noma Tertia    , Noma Tertia-k    ,                   1, Primary    , Confirmed     ,           2014, Astrometry      , Gaia-Like Survey Lab , Pacific Lens Group ,                     , 23.5 ly                   , K        ,           0.606,             0.692,             4854.4, Quiet           , Super-Earth ,               1.408,                         ,                     0.162,             2.000,                  0.039,                        ,            633.3496,             1.2215,             ,                     189.5,             347.3,            3.03,                    62.94, No clear signal         ,              0.478,                    0, No            , None                      , Low               , ?                 , 2019-01-07        , Cloud cover may hide key atmospheric signals.
XPS-AAWW  , Luma Delta     , Luma Delta-x     ,                   1, Primary    , Confirmed     ,           2011, Pulsar Timing   , Northern Timing Lab  , North Ridge Team   ,              6742.65, 6742.7 ly                 , G        ,           1.041,             1.033,             5748.7, Moderate        , Rocky       ,                    ,                    0.196,                     0.048,             2.623,                       ,                   0.191,             17.3369,             0.1329,       0.0189,                     764.0,             110.8,           54.54,                    64.78, Hydrogen-rich           ,              0.000,                    0, no            , None                      , Low               , A                 , 01/09/2011        , The system may contain another unseen world.
XPS-AAWX  , Pavo South     , Pavo South-y     ,                   1, Reanalysis , Confirmed     ,           2007, Microlensing    , Pacific Field Network, Caeli Survey       ,                37.66, 11.5 pc                   , M        ,           0.580,             0.650,             2799.4, Quiet           , Mini-Neptune,               2.777,                    0.123,                     0.145,            15.070,                  2.672,                   2.012,            619.0467,             1.1855,       0.0721,                      95.0,                  ,           10.05,                    70.12, No clear signal         ,              0.169,                    0, No            , None                      , Low               , D                 , 2021-01-03        , A faint secondary signal appears in some observations.
XPS-AAWY  , Cyra North     , Cyra North-f     ,                   1, Primary    , Confirmed     ,           2013, Transit Timing  , Multi-World Array    , Sky Atlas Team     ,               152.49, 152.5 ly                  , M        ,           0.196,             0.231,             3546.2, active          , Rocky       ,               1.148,                    0.156,                     0.011,             1.398,                  0.242,                   0.204,           3126.7112,             2.4305,       0.1301,                      47.9,            2069.0,            4.37,                    71.26, Hydrogen-rich           ,              0.060,                    0, No            , Variable transit depth    , Low               , C                 , 2011-03-12        , The distance entry uses a converted unit.
XPS-AAWZ  , Luma Two       , Luma Two-d       ,                   2, Primary    , Confirmed     ,           2003, Transit         , Orbital Lens Network , North Ridge Team   ,               242.10, 242.1 ly                  , A        ,           2.166,             1.835,             9653.8, Active          , Gas Giant   ,              16.573,                    2.541,                     0.537,           955.970,                 92.982,                 128.696,            317.2274,             1.1774,       0.1569,                     548.7,                  ,            5.83,                    72.63, Hydrogen-rich           ,              0.004,                    0, No            , Variable transit depth    , Medium            , A                 , 2014-01-02        , The atmospheric result has low certainty.
XPS-AAXA  , Cetus A        , Cetus A-h        ,                   1, Primary    , Confirmed     ,           2013, Transit         , Aurora Survey        , Meridian Study     ,               116.04, 116.0 ly                  , M        ,           0.447,             0.501,             3887.0, Active          , Gas Giant   ,              16.376,                    1.333,                          ,          1900.000,                434.374,                 403.721,             70.3182,             0.2550,             ,                     289.7,           89543.5,           12.50,                    76.80, Hydrogen-rich           ,              0.187,                    0, Yes           , None                      , Low               , B                 , 2022-03-21        , No unusual note was reported.
XPS-AAXB  , Cetus C        , Cetus C-r        ,                   1, Primary    , Provisional   ,           2013, Transit         , aurora survey        , Sky Atlas Team     ,                 5.26,                           , M        ,           0.266,             0.354,             3825.6, Active          , Lava World  ,               1.269,                    0.061,                     0.149,                  ,                  0.337,                   0.439,             20.9982,             0.0958,       0.3016,                    1211.3,            1078.1,           24.07,                    75.20, Sodium signature        ,              0.000,                    0, No            , Orbital drift             , Low               , C                 , 2017-11-20        , Two observing teams reported slightly different radii.
XPS-AAXC  , Rhea C         , Rhea C-j         ,                   1, Follow-up  , Confirmed     ,           2015, Astrometry      , Vector Star Mapper   , Aurora Lab         ,               150.10, 150.1 ly                  , K        ,           0.781,             0.800,             4877.3, Active          , Rocky       ,               0.753,                    0.069,                     0.073,             0.373,                  0.080,                   0.032,           3417.9918,             4.0888,       0.1893,                     110.7,              74.2,            9.12,                    71.14, No clear signal         ,              0.172,                    0, No            , Possible moon signal      , Medium            , C                 , 03/13/2025        , Stellar noise complicates the mass estimate.
XPS-AAXD  , Zora Quarta    , Zora Quarta-g    ,                   1, Follow-up  , Confirmed     ,           2003, Direct Imaging  , Polar Optics Array   , Blue Orbit Group   ,                 5.56, 1.7 pc                    , M        ,           0.430,             0.504,             3242.7, Moderate        , Rocky       ,               0.430,                    0.033,                     0.052,             0.100,                  0.023,                        ,           9446.1903,             6.6008,       0.0585,                      47.5,              60.9,           12.06,                    69.00, No clear signal         ,              0.041,                    0, No            , None                      , Low               , C                 , 2019-10-01        , The atmospheric result has low certainty.
XPS-AAXE  , Auron North    , Auron North-c    ,                   2, Primary    , Confirmed     ,           2009, Transit         , North Ridge Array    , Caeli Survey       ,                     , 46.9 ly                   , K        ,           0.747,             0.780,             4467.3, Active          , Ice Giant   ,               3.488,                    0.076,                     0.456,            25.058,                  7.295,                   5.887,           6212.6916,             6.0069,       0.1234,                      76.6,            1723.4,           61.43,                    60.48, No clear signal         ,              0.020,                    0, No            , Asymmetric transit        , Low               , C                 , 2018-11-06        , A faint secondary signal appears in some observations.
XPS-AAXF  , Arden C        , Arden C-b        ,                   1, Primary    , Confirmed     ,           2014, Transit         , Aurora Survey        , North Ridge Team   ,               833.54, 833.5 ly                  , G        ,           1.099,             1.080,             5375.0, Moderate        , Desert World,               1.485,                    0.078,                     0.122,             2.621,                  0.703,                   0.173,                    ,             1.1815,       0.1156,                     241.5,             158.4,           51.06,                    72.50, No clear signal         ,              0.706,                    0, No            , Asymmetric transit        , High              , C                 , 2019-03-08        , Two observing teams reported slightly different radii.
XPS-AAXG  , Tarin Delta    , Tarin Delta-f    ,                   1, Follow-up  , Confirmed     ,           2002, Radial Velocity , Highland Spectrograph, Pacific Lens Group ,                 5.70, 5.7 ly                    , M        ,           0.517,             0.547,             2751.8, Active          , Ice Giant   ,               3.304,                    0.511,                     0.201,            27.394,                  6.435,                   2.281,            659.5763,             1.1901,       0.1034,                      90.6,            3056.7,           15.58,                    69.00, Water vapor candidate   ,              0.022,                    0, No            , Variable transit depth    , Medium            , C                 , 2017-02-08        , The system may contain another unseen world.
XPS-AAXH  , Talos Sigma    , Talos Sigma-j    ,                   1, Primary    , Confirmed     ,           2020, Radial Velocity , Red Mesa Array       , Sky Atlas Team     ,              5022.33, 1539.9 pc                 , F        ,           1.303,             1.229,             7112.5, Active          , Rocky       ,               1.367,                         ,                     0.148,             2.732,                  0.572,                        ,            131.7830,             0.5535,       0.1155,                     481.9,             103.7,           27.51,                    80.40, Water vapor candidate   ,              0.114,                    1, No            , None                      , Medium            , C                 , 2021-05-23        , Stellar noise complicates the mass estimate.
XPS-AAXJ  , Lyra Quarta    , Lyra Quarta-h    ,                   1, Follow-up  , Confirmed     ,           2018, Pulsar Timing   , Pulse Watch Network  , Meridian Study     ,                15.87, 15.9 ly                   , f        ,           1.482,             1.402,             7352.5, Active          , Rocky       ,               0.771,                    0.035,                     0.083,             0.573,                  0.105,                   0.024,              1.4251,             0.0283,       0.2231,                    2761.0,                  ,            2.62,                    60.47, No clear signal         ,              0.000,                    0, No            , Variable transit depth    , Low               , B                 , 2014-12-17        , The atmospheric result has low certainty.
XPS-AAXK  , Luma Delta     , Luma Delta-e     ,                   1, Primary    , Confirmed     ,           2013, Radial Velocity , Solis Observatory    , Sky Atlas Team     ,                     , 83.9 pc                   , G        ,           0.894,             0.916,             5210.9, Moderate        , Mini-Neptune,               3.061,                         ,                          ,            11.926,                       ,                   2.113,            318.7429,             0.8798,       0.5691,                          ,             936.8,           14.85,                    73.34, Water vapor candidate   ,              1.000,                     , Yes           , Possible ring system      , Urgent            , C                 , 2024-02-04        , The host star varies across the observation cycle.
XPS-AAXL  , Pavo South     , Pavo South-f     ,                   1, Primary    , Confirmed     ,           2007, Radial Velocity , Solis Observatory    , Solis Research Unit,              7010.45, 7010.5 ly                 , K        ,           0.853,             0.876,             5060.7, Quiet           , Ocean World ,               1.318,                    0.037,                     0.172,             2.261,                  0.325,                        ,              2.5400,             0.0346,       0.0381,                     420.0,             189.7,            9.29,                    67.30, No clear signal         ,              0.352,                    1, No            , None                      , Low               , C                 , 2017-01-29        , Follow-up data changed the estimated year length.
XPS-AAXM  , Selene A       , Selene A-y       ,                   2, Primary    , Confirmed     ,           2002, Transit         , Orbital Lens Network , Meridian Study     ,              2446.95, 2447.0 ly                 , F        ,           1.173,             1.141,             6401.1, Quiet           , Rocky       ,               1.442,                    0.145,                     0.105,             3.133,                       ,                   0.273,           3803.7004,             5.0332,       0.2257,                     152.0,             128.6,           35.21,                    77.74, No clear signal         ,              0.324,                    0, No            , None                      , Low               , C                 , 2011-03-07        , Stellar noise complicates the mass estimate.
XPS-AAXN  , Mira Tertia    , Mira Tertia-z    ,                   1, Reanalysis , Confirmed     ,           2025, Transit         , AURORA SURVEY        , Meridian Study     ,                37.41, 11.5 pc                   , M        ,           0.570,             0.641,             3144.8, Moderate        , Ice Giant   ,               3.667,                    0.011,                     0.531,            34.767,                  7.266,                   6.106,             72.3085,             0.2816,       0.1510,                     255.2,            2747.1,           22.14,                    78.54, Sodium signature        ,              0.149,                    0, no            , None                      , Low               , A                 , 2021-05-21        , No unusual note was reported.
XPS-AAXP  , Vela B         , Vela B-p         ,                   1, Primary    , Confirmed     ,           2025, Astrometry      , Meridian Mapper      , Blue Orbit Group   ,                40.98, 41.0 ly                   , G        ,           1.108,             1.085,             5319.5, Quiet           , Rocky       ,               0.646,                    0.021,                     0.051,             0.395,                  0.110,                   0.028,             50.3457,             0.2761,       0.1855,                     541.1,              29.7,           25.27,                    84.20, Cloud-dominated         ,                   ,                    0, No            , Unusual dimming           , Medium            , C                 , 2011/11/25        , Transit timing varies across observation windows.
XPS-AAXQ  , Tarin Major    , Tarin Major-n    ,                   1, Primary    , Confirmed     ,           2014, Radial Velocity , Solis Observatory    , Caeli Survey       ,             10576.87, 3242.9 pc                 , M        ,           0.126,             0.199,             3190.6, Moderate        , Super-Earth ,               2.406,                    0.187,                     0.203,             7.642,                  1.831,                   1.354,           3404.1376,             2.2174,       0.3401,                      50.7,           12297.4,           14.70,                    85.01, No clear signal         ,              0.043,                    0, No            , Unusual dimming           , Low               , B                 , 2021-11-19        , The orbit may be tilted relative to the star.
XPS-AAXR  , Pavo South     , Pavo South-f     ,                   2, Primary    , confirmed     ,           2022, Radial Velocity , Highland Spectrograph, Sky Atlas Team     ,                63.96, 19.6 pc                   , M        ,           0.169,             0.246,             2504.3, Active          , Mini-Neptune,               2.429,                    0.406,                     0.207,            20.798,                  4.785,                   1.319,            269.0356,             0.4500,       0.0831,                      82.8,            8018.8,           25.07,                    80.70, Cloud-dominated         ,              0.097,                    0, No            , None                      , Low               , B                 , 2015/10/25        , Transit timing varies across observation windows.
XPS-AAXS  , Cetus Tertia   , Cetus Tertia-r   ,                   1, Primary    , Confirmed     ,           2013, Radial Velocity , Red Mesa Array       , Caeli Survey       ,                 5.04, 1.5 pc                    , M        ,           0.497,             0.597,             2728.8, Moderate        , Gas Giant   ,              14.261,                    0.190,                     0.347,          1900.000,                       ,                  15.629,             82.6230,             0.2941,             ,                     182.8,           47908.7,           24.67,                    76.93, Hydrogen-rich           ,              0.111,                    0, No            , Orbital drift             , Medium            , B                 , 2022-01-31        , The record includes a later reanalysis.
XPS-AAXT  , Orin A         , Orin A-t         ,                   1, Primary    , Archived      ,           2005, Astrometry      , Gaia-Like Survey Lab , Solis Research Unit,               377.82, 377.8 ly                  , M        ,           0.528,             0.561,             2596.0, Highly active   , ROCKY       ,               0.558,                    0.024,                     0.027,             0.149,                       ,                   0.079,            548.7277,             1.0603,             ,                      84.6,              82.9,           21.98,                    75.60, Water vapor candidate   ,              0.137,                    0, No            , Variable transit depth    , Medium            , B                 , 2011-10-07        , Several measurements are absent from the early record.
XPS-AAXU  , Talos Quarta   , Talos Quarta-g   ,                   2, Primary    , Confirmed     ,           2000, Radial Velocity , Red Mesa Array       , Aurora Lab         ,                40.99, 41.0 ly                   , F        ,           1.339,             1.247,             6767.2, Active          , Gas Giant   ,              15.545,                    1.755,                     2.057,           401.469,                 93.525,                        ,            377.4708,             1.1275,       0.1521,                     333.6,           12855.1,          105.20,                    78.82,                         ,              0.117,                    3, No            , Orbital drift             , Medium            , C                 , 07/09/2023        , No unusual note was reported.
XPS-AAXV  , Lyra Quarta    , Lyra Quarta-g    ,                   2, Follow-up  , Confirmed     ,           2003, Transit         , Orbital Lens Network , Pacific Lens Group ,             13055.99, 13056.0 ly                , M        ,           0.201,             0.267,             2547.7, Quiet           , Gas Giant   ,              14.922,                    1.443,                     1.229,                  ,                 41.414,                  46.842,           4799.4850,             3.2624,       0.0963,                      32.6,          272851.2,           63.34,                    84.44, Hydrogen-rich           ,              0.007,                    1, No            , Asymmetric transit        , Low               , C                 , 2022-11-18        , The host star varies across the observation cycle.
XPS-AAXW  , Astra Quarta   , Astra Quarta-f   ,                   1, Primary    , Confirmed     ,           2010, Transit         , North Ridge Array    , Sky Atlas Team     ,               926.61, 284.1 pc                  , K        ,           0.674,             0.708,             4513.2, Active          , Ocean World ,               1.188,                    0.152,                     0.135,             1.461,                  0.281,                   0.218,            881.4712,             1.5774,       0.2220,                     235.0,             236.4,           21.75,                    82.36,                         ,              0.996,                    0, No            , Unusual dimming           , Urgent            , C                 , 2013-07-07        , No unusual note was reported.
XPS-AAXX  , Altara C       , Altara C-w       ,                   1, Primary    , Confirmed     ,           2019, transit         , NORTH RIDGE ARRAY    , Pacific Lens Group ,              1879.88, 1879.9 ly                 , M        ,           0.347,             0.449,             3103.7, Active          , Mini-Neptune,               3.705,                    0.104,                     0.423,            30.000,                  2.159,                   4.136,            134.5238,             0.3611,       0.0387,                     159.2,            5723.3,            8.75,                    67.69, Hydrogen-rich           ,              0.473,                    0, No            , None                      , Medium            , A                 , 2013-03-09        , The host star varies across the observation cycle.
XPS-AAXY  , Caeli North    , Caeli North-x    ,                   1, Primary    , Provisional   ,           2012, Microlensing    , Southern Lens Grid   , Caeli Survey       ,                 7.62, 7.6 ly                    , K        ,           0.780,             0.822,                   , Quiet           , Mini-Neptune,               3.454,                    0.241,                     0.354,            22.114,                  5.587,                   2.703,                    ,             5.8961,       0.0649,                      78.7,            1481.4,            7.49,                    77.64, Hydrogen-rich           ,              0.099,                    0, No            , Timing pattern unresolved , Medium            , A                 , 2015-08-13        , The record includes a later reanalysis.
XPS-AAXZ  , Kepleris Major , Kepleris Major-p ,                   1, Primary    , Disputed      ,           2016, Transit         , North Ridge Array    , North Ridge Team   ,              3155.91, 3155.9 ly                 , g        ,           0.933,             0.944,             5481.2, Moderate        , Ocean World ,               2.197,                    0.379,                     0.114,            10.000,                  0.364,                   2.042,              3.3399,             0.0427,       0.0227,                          ,             454.4,            7.34,                    71.13, No clear signal         ,              0.259,                    0, No            , Possible moon signal      , Medium            , B                 , 2015-06-29        , The record includes a later reanalysis.
XPS-AAYA  , Vela North     , Vela North-f     ,                   1, Follow-up  , Confirmed     ,           1997, Transit         , Aurora Survey        , North Ridge Team   ,              3693.81, 1132.5 pc                 , K        ,           0.846,             0.870,             4387.0, Moderate        , Ocean World ,               2.203,                    0.102,                     0.300,                  ,                  0.966,                   0.573,              4.0357,             0.0469,       0.0178,                     420.0,             538.5,          111.48,                    84.81, No clear signal         ,              0.318,                    0, No            , None                      , Low               , C                 , 2024-01-14        , The record includes a later reanalysis.
XPS-AAYB  , Zora Prime     , Zora Prime-z     ,                   2, Primary    , Confirmed     ,           2015, Microlensing    , Pacific Field Network, Sky Atlas Team     ,                32.98, 10.1 pc                   , K        ,           0.702,             0.721,             4492.5, Moderate        , Super-Earth ,               2.259,                    0.073,                     0.222,            14.023,                  2.013,                        ,            939.2304,             1.6671,       0.5697,                     151.0,             880.2,           32.41,                    90.78, Hydrogen-rich           ,              0.435,                    0, No            , Asymmetric transit        , Medium            , B                 , 2015/02/12        , The record includes a later reanalysis.
XPS-AAYC  , Orin B         , Orin B-g         ,                   1, Primary    , Confirmed     ,           2008, Pulsar Timing   , Pulse Watch Network  , Sky Atlas Team     ,              3833.31, 3833.3 ly                 , G        ,           0.965,             0.971,             5913.0, Highly active   , Rocky       ,               0.476,                    0.083,                     0.055,             0.172,                  0.041,                   0.069,              1.9331,             0.0300,       0.1357,                    1531.3,              20.2,           13.62,                    69.46, No clear signal         ,              0.000,                    0, No            , None                      , Low               , C                 , 2023-11-20        , No unusual note was reported.
XPS-AAYD  , Orin One       , Orin One-w       ,                   1, Follow-up  , Confirmed     ,           2006, transit         , Aurora Survey        , Solis Research Unit,                12.43, 12.4 ly                   , K        ,           0.857,             0.871,             4244.1, Moderate        , Rocky       ,               0.987,                    0.157,                     0.112,             0.661,                  0.153,                   0.071,              3.1283,             0.0398,       0.1763,                     859.0,             107.6,           16.93,                    70.88,                         ,              0.000,                    0, No            , Variable transit depth    , Medium            , B                 , 2015-10-09        , Transit timing varies across observation windows.
XPS-AAYE  , Solis C        , Solis C-x        ,                   1, Primary    , Confirmed     ,           1995, Transit         , Aurora Survey        , Solis Research Unit,               117.10, 35.9 pc                   , G        ,           0.892,             0.912,             5247.3, Quiet           , Mini-Neptune,               2.919,                    0.015,                     0.211,            10.497,                  1.694,                   0.071,            587.9093,             1.3207,       0.5754,                     221.8,             858.8,            9.00,                    64.58, No clear signal         ,              0.729,                    0, No            , None                      , Medium            , A                 , 2016-07-28        , The distance entry uses a converted unit.
XPS-AAYF  , Cetus Tertia   , Cetus Tertia-w   ,                   1, Primary    , Provisional   ,           2022, astrometry      , Vector Star Mapper   , Solis Research Unit,              3381.99, 1036.9 pc                 , K        ,           0.769,             0.807,             4615.1, Quiet           , Lava World  ,               1.036,                    0.174,                     0.027,                  ,                  0.040,                   0.112,            895.5256,             1.6655,       0.2743,                    1306.7,             138.3,           12.56,                    69.00, Sodium signature        ,              0.000,                    0, No            , Variable transit depth    , Low               , A                 , 2023-09-02        , The orbit may be tilted relative to the star.
XPS-AAYG  , Solis B        , Solis B-n        ,                   1, Primary    , Confirmed     ,           2013, Microlensing    , Southern Lens Grid   , North Ridge Team   ,                64.18, 64.2 ly                   , f        ,           1.379,             1.319,             6790.7, Moderate        , Gas Giant   ,              12.145,                    0.349,                     1.127,           587.002,                       ,                 105.704,           6925.0966,             7.9148,       0.1914,                     130.2,            7104.5,           14.23,                    80.32, Hydrogen-rich           ,              0.058,                    0, No            , None                      , Low               , C                 , 2023-05-26        , The orbit may be tilted relative to the star.
XPS-AAYH  , Neris C        , Neris C-q        ,                   1, Primary    , Confirmed     ,           2023, Radial Velocity , Highland Spectrograph, Sky Atlas Team     ,                76.54, 23.5 pc                   , M        ,           0.275,             0.314,             3845.3, Quiet           , Super-Earth ,               2.423,                    0.146,                     0.121,            15.000,                  3.840,                   2.357,            416.3484,             0.7097,             ,                     126.0,                  ,            6.83,                    61.87, No clear signal         ,              0.267,                    0, No            , None                      , Low               , A                 , 2024-09-29        , Transit timing varies across observation windows.
XPS-AAYJ  , Novae Quarta   , Novae Quarta-p   ,                   1, Primary    , Confirmed     ,           2024, pulsar timing   , radio arc array      , Caeli Survey       ,                19.56, 6.0 pc                    , K        ,           0.638,             0.669,             5145.1, Moderate        , Rocky       ,               1.003,                    0.149,                     0.053,             0.919,                  0.178,                   0.193,             95.9164,             0.3530,       0.1635,                     327.5,                  ,           35.66,                    65.67, Sodium signature        ,              0.638,                    1, No            , None                      , Medium            , B                 , 11/05/2024        , Stellar noise complicates the mass estimate.
XPS-AAYK  , Cyra Sigma     , Cyra Sigma-s     ,                   1, Primary    , Confirmed     ,           2016, Transit         , SkyScan Array        , Meridian Study     ,               535.21, 535.2 ly                  , M        ,           0.366,             0.419,             3010.1, Highly active   , Lava World  ,               1.858,                    0.187,                     0.239,             5.310,                       ,                        ,             11.8548,             0.0728,       0.2401,                    1987.0,            1647.7,            5.75,                    76.01, Hydrogen-rich           ,              0.000,                    1, No            , Unusual dimming           , medium            , C                 , 2013-08-28        , The distance entry uses a converted unit.
XPS-AAYL  , Kepleris North , Kepleris North-c ,                   1, Primary    , Confirmed     ,           1999, Transit         , SkyScan Array        , Solis Research Unit,             11707.59, 11707.6 ly                , F        ,           1.462,             1.401,             6600.6, Moderate        , Rocky       ,               0.765,                    0.022,                     0.035,             0.473,                  0.132,                   0.044,           1554.6527,             2.9807,       0.0784,                     198.3,              25.0,           36.96,                    76.28, Methane candidate       ,              0.775,                    0, No            , None                      , High              , B                 , 2012-01-31        , Follow-up data changed the estimated year length.
XPS-AAYM  , Auron Prime    , Auron Prime-m    ,                   1, Primary    , Confirmed     ,           1998, Microlensing    , Pacific Field Network, Solis Research Unit,               821.02, 251.7 pc                  , M        ,           0.525,             0.572,             2921.0, Highly active   , Ocean World ,               1.287,                    0.011,                          ,             2.557,                  0.517,                        ,           4617.6925,             4.3783,       0.2043,                     235.0,             424.4,           15.49,                    78.01,                         ,              0.819,                    0, no            , None                      , High              , B                 , 2024-11-18        , The system may contain another unseen world.
XPS-AAYN  , Mira One       , Mira One-s       ,                   1, Primary    , Confirmed     ,           1999, Radial Velocity , Highland Spectrograph, Pacific Lens Group ,               194.11, 194.1 ly                  , K        ,           0.593,                  ,             4924.5, Moderate        , Rocky       ,               0.440,                         ,                     0.054,             0.100,                  0.069,                        ,             21.1809,             0.1259,       0.2258,                     598.1,              35.8,           15.38,                    81.02, No clear signal         ,              0.003,                    0, NO            , None                      , Low               , B                 , 2011-12-07        , Cloud cover may hide key atmospheric signals.
XPS-AAYP  , Auron C        , Auron C-m        ,                   1, Primary    , Provisional   ,           2025, Microlensing    , Andes Survey         , North Ridge Team   ,                     ,                           , M        ,                ,             0.584,             3711.3, Moderate        , Mini-Neptune,               2.476,                    0.110,                     0.298,            26.035,                  5.059,                   2.805,           1041.6607,             1.5736,       0.0443,                     112.9,                  ,           23.62,                    73.03, Hydrogen-rich           ,              0.227,                    0, No            , Possible moon signal      , Medium            , D                 , 2020-07-24        , The system may contain another unseen world.
XPS-AAYQ  , Astra Tertia   , Astra Tertia-k   ,                   2, Primary    , Confirmed     ,           2023, Direct Imaging  , Polar Optics Array   , Blue Orbit Group   ,              6497.44, 6497.4 ly                 , G        ,           1.013,             1.010,             5297.5, Moderate        , Ocean World ,               1.903,                    0.052,                     0.155,             2.989,                  0.737,                        ,           3671.0070,             4.6900,             ,                     240.6,                  ,           13.22,                    82.97, Water vapor candidate   ,              0.873,                    0, No            , Asymmetric transit        , Urgent            , C                 , 2022-02-24        , Two observing teams reported slightly different radii.
XPS-AAYR  , Novae Quarta   , Novae Quarta-c   ,                   1, Primary    , Confirmed     ,           2016, Direct Imaging  , Summit Imager        , Blue Orbit Group   ,              8454.38, 2592.1 pc                 , K        ,           0.836,             0.875,             4310.0, Moderate        , Mini-Neptune,               3.544,                    0.092,                     0.187,            16.737,                  2.909,                   3.387,           3260.5358,             4.0545,       0.1853,                      96.1,            1374.8,            5.91,                    74.91, Water vapor candidate   ,              0.123,                    0, No            , None                      , Medium            , B                 , 2025-10-04        , Cloud cover may hide key atmospheric signals.
XPS-AAYS  , Rhea C         , Rhea C-q         ,                   1, Primary    , Confirmed     ,           2011, Transit         , North Ridge Array    , Blue Orbit Group   ,               754.15,                           , K        ,           0.662,             0.738,             4022.7, ACTIVE          , Rocky       ,               0.441,                    0.035,                     0.022,             0.141,                  0.054,                   0.069,              5.6334,             0.0540,       0.1122,                     631.7,              29.9,           23.59,                    70.71, carbon dioxide candidate,              0.001,                    0, Yes           , Possible ring system      , Low               , A                 , 2021-02-15        , The system may contain another unseen world.
XPS-AAYT  , Auron Two      , Auron Two-r      ,                   1, Primary    , Provisional   ,           1999, Transit         , North Ridge Array    , Aurora Lab         ,                     , 539.4 pc                  , G        ,           0.911,             0.929,             5652.0, Quiet           , Gas Giant   ,                    ,                    2.471,                     1.753,           606.125,                 30.747,                 115.930,              2.3378,             0.0334,       0.3567,                    1485.3,           27304.4,            5.17,                    63.54, Hydrogen-rich           ,              0.000,                    2, No            , None                      , Low               , C                 , 2014-10-11        , Stellar noise complicates the mass estimate.
XPS-AAYU  , Auron Two      , Auron Two-y      ,                   1, Primary    , Provisional   ,           2014, Microlensing    , Southern Lens Grid   , Solis Research Unit,              7114.77, 2181.4 pc                 , M        ,           0.139,             0.159,             2716.9, Quiet           , Rocky       ,               0.617,                    0.062,                     0.011,             0.455,                  0.076,                   0.040,           2692.5183,             1.9633,       0.1271,                      41.6,                  ,            9.24,                    72.46, NO CLEAR SIGNAL         ,              0.049,                    0, No            , None                      , LOW               , B                 , 2017-06-03        , Several measurements are absent from the early record.
XPS-AAYV  , Luma Delta     , Luma Delta-g     ,                   1, Primary    , Confirmed     ,           2015, Transit Timing  , Clockwork Survey     , Blue Orbit Group   ,              6336.67, 6336.7 ly                 , K        ,           0.784,             0.830,             4056.7, Quiet           , Rocky       ,               0.512,                    0.060,                     0.013,             0.248,                  0.080,                   0.035,             25.7770,             0.1575,       0.1087,                     478.8,                  ,           24.38,                    71.52,                         ,              0.117,                    0, No            , Variable transit depth    , Low               , B                 , 03/03/2023        , The orbit may be tilted relative to the star.
XPS-AAYW  , Altara C       , Altara C-q       ,                   1, Primary    , Confirmed     ,           2001, Transit         , aurora survey        , Aurora Lab         ,                22.39, 6.9 pc                    , K        ,           0.672,             0.713,             5094.9, Moderate        , Super-Earth ,               2.141,                    0.181,                          ,             6.966,                  1.794,                   0.488,              3.3231,             0.0382,       0.1341,                    1133.4,             755.4,           16.41,                    73.72, Sodium signature        ,              0.000,                    0, No            , None                      , Low               , B                 , 2024-06-10        , The atmospheric result has low certainty.
XPS-AAYX  , Noma Prime     , Noma Prime-r     ,                   1, Primary    , Confirmed     ,           2004, Radial Velocity , Solis Observatory    , Aurora Lab         ,               320.13, 98.2 pc                   , M        ,           0.489,             0.554,             3248.0, Active          , Mini-Neptune,               2.719,                    0.064,                     0.021,             9.762,                  0.773,                   0.094,            242.6414,             0.5998,       0.1096,                     155.2,            2019.5,            6.57,                    69.18, No clear signal         ,              0.398,                    0, No            , None                      , Low               , D                 , 2022-05-27        , Two observing teams reported slightly different radii.
XPS-AAYY  , Caeli South    , Caeli South-y    ,                   1, Primary    , Confirmed     ,           2018, Transit         , SkyScan Array        , Sky Atlas Team     ,                13.66, 13.7 ly                   , K        ,           0.732,             0.749,             4821.3, Quiet           , Super-Earth ,               1.841,                    0.301,                     0.159,                  ,                  1.666,                   0.253,              6.1181,             0.0590,       0.1889,                          ,             506.0,           19.58,                    70.54, High-altitude haze      ,              0.000,                    0, No            , None                      , Low               , C                 , 2014-06-17        , The system may contain another unseen world.
XPS-AAYZ  , Vela Prime     , Vela Prime-x     ,                   1, Follow-up  , Disputed      ,           2020, Astrometry      , Vector Star Mapper   , North Ridge Team   ,                 8.05, 2.5 pc                    , M        ,           0.223,             0.280,             3817.3, Active          , Mini-Neptune,               3.184,                         ,                     0.315,            16.218,                       ,                   0.807,          11140.7466,             5.9196,             ,                      41.3,           10870.1,          220.00,                    84.60, No clear signal         ,              0.051,                    0, No            , None                      , Low               , A                 , 2024-10-22        , No unusual note was reported.
XPS-AAZA  , Caeli Quarta   , Caeli Quarta-s   ,                   1, Primary    , Confirmed     ,           2022, Direct Imaging  , Polar Optics Array   , Aurora Lab         ,              4837.13, 4837.1 ly                 , F        ,           1.371,                  ,             7369.5, Moderate        , Ice Giant   ,               3.245,                    0.423,                     0.080,                  ,                       ,                   3.198,           2473.9409,             3.9767,             ,                     180.0,             553.5,            9.55,                    87.00, Water vapor candidate   ,              0.094,                    4, No            , None                      , Medium            , A                 , 2017-05-02        , Two observing teams reported slightly different radii.
XPS-AAZB  , Arden South    , Arden South-j    ,                   1, Follow-up  , Confirmed     ,           2020, Transit         , North Ridge Array    , Meridian Study     ,               132.24, 132.2 ly                  , A        ,           1.699,             1.603,             8723.1, Active          , Super-Earth ,               2.103,                    0.130,                     0.160,                  ,                  1.937,                   0.623,           1172.7555,             2.5971,       0.4102,                     345.8,             144.2,            9.95,                    76.63, Water vapor candidate   ,                   ,                    0, No            , None                      , High              , B                 , 2018-09-03        , A faint secondary signal appears in some observations.
XPS-AAZC  , Orin Prime     , Orin Prime-y     ,                   2, Primary    , Confirmed     ,           2014, Transit         , North Ridge Array    , Caeli Survey       ,               338.61, 338.6 ly                  , G        ,           1.011,             1.009,             5890.7, Moderate        , Ice Giant   ,               4.832,                    0.627,                     0.329,            87.831,                  3.646,                  16.391,           3905.2515,             4.8700,       0.0317,                     127.1,            1810.2,           40.19,                    69.15, Oxygen candidate        ,              0.058,                    2, No            , None                      , Low               , A                 , 2011-02-06        , Several measurements are absent from the early record.
XPS-AAZD  , Talos Prime    , Talos Prime-r    ,                   2, Primary    , Confirmed     ,           2020, Transit         , Orbital Lens Network , North Ridge Team   ,             10069.00, 10069.0 ly                , M        ,           0.535,             0.553,             3296.1, Active          , Mini-Neptune,               2.912,                    0.247,                     0.066,            28.438,                  2.027,                   0.540,             75.6900,             0.2846,       0.0690,                          ,            2400.0,           10.71,                    71.05, Hydrogen-rich           ,                   ,                    0, No            , None                      , Medium            , B                 , 02/22/2017        , Transit timing varies across observation windows.
XPS-AAZE  , Mira Tertia    , Mira Tertia-k    ,                   2, Follow-up  , Confirmed     ,           1998, Radial Velocity , Red Mesa Array       , Caeli Survey       ,               149.94, 149.9 ly                  , A        ,           2.340,             1.883,             9870.0, Moderate        , Lava World  ,               1.351,                    0.102,                     0.085,             1.912,                  0.275,                   0.443,              2.1473,             0.0433,       0.2457,                          ,              43.8,           10.77,                    76.16,                         ,              0.000,                    0, No            , None                      , Low               , B                 , 2018-09-18        , A faint secondary signal appears in some observations.
XPS-AAZF  , Solis Minor    , Solis Minor-y    ,                   2, Primary    , Confirmed     ,           2016, Astrometry      , Gaia-Like Survey Lab , Caeli Survey       ,                10.90, 10.9 ly                   , M        ,           0.492,             0.512,             2590.5, Active          , Ocean World ,               0.913,                    0.122,                     0.011,             0.509,                  0.040,                   0.054,           6183.0805,             5.2099,             ,                     229.7,             255.4,           24.27,                    82.54, No clear signal         ,              0.790,                    0, No            , Variable transit depth    , High              , B                 , 2021-09-11        , The record includes a later reanalysis.
XPS-AAZG  , Vela Prime     , Vela Prime-n     ,                   1, Reanalysis , Confirmed     ,           1999, Transit         , SKYSCAN ARRAY        , Aurora Lab         ,                12.50, 12.5 ly                   , F        ,           1.240,             1.216,             6482.0, Moderate        , Super-Earth ,                    ,                    0.261,                     0.026,                  ,                  1.169,                   0.499,            892.3153,             1.9488,       0.1463,                     239.4,             196.2,            7.67,                    63.91, No clear signal         ,              0.937,                    0, No            , None                      , Medium            , B                 , 2022-02-05        , Transit timing varies across observation windows.
XPS-AAZH  , Altara Major   , Altara Major-k   ,                   1, Primary    , Confirmed     ,           2017, Pulsar Timing   , Radio Arc Array      , Sky Atlas Team     ,                29.21, 9.0 pc                    , A        ,           1.893,             1.679,             8118.9, Moderate        , Desert World,               1.812,                    0.054,                     0.270,             6.531,                  1.536,                   0.093,              3.5063,             0.0559,       0.2625,                          ,              97.7,           10.19,                    74.23, Sodium signature        ,              0.000,                    0, No            , None                      , Low               , A                 , 2025-03-19        , Cloud cover may hide key atmospheric signals.
XPS-AAZJ  , Caeli North    , Caeli North-y    ,                   1, Primary    , Confirmed     ,           2012, Transit         , Aurora Survey        , Meridian Study     ,               202.36, 202.4 ly                  , M        ,           0.407,             0.453,             3294.8, Active          , Ice Giant   ,               7.007,                    0.484,                     0.922,            95.000,                 23.032,                        ,          10064.6900,             6.7636,             ,                      41.8,           20065.2,            3.04,                    58.31, No clear signal         ,              0.008,                    0, No            , None                      , Low               , B                 , 2013-12-06        , Several measurements are absent from the early record.
XPS-AAZK  , Novae Major    , Novae Major-e    ,                   1, Primary    , Provisional   ,           2019, Pulsar Timing   , Pulse Watch Network  , Aurora Lab         ,               985.84, 985.8 ly                  , G        ,                ,             1.063,             5407.6, Moderate        , Mini-Neptune,                    ,                    0.062,                     0.071,             6.611,                       ,                        ,              3.4423,             0.0458,             ,                    1355.8,             306.3,           74.57,                    87.71, No clear signal         ,              0.000,                    0, No            , Variable transit depth    , Low               , C                 , 2022-09-07        , Stellar noise complicates the mass estimate.
XPS-AAZL  , Arden South    , Arden South-x    ,                   1, Primary    , Confirmed     ,           2014, Transit         , SKYSCAN ARRAY        , North Ridge Team   ,              1761.35, 1761.3 ly                 , M        ,           0.345,                  ,             3510.9, Highly active   , Rocky       ,               0.455,                    0.029,                     0.067,             0.100,                       ,                        ,              7.4993,             0.0526,       0.3493,                     453.5,              81.4,            8.22,                    79.56,                         ,              0.166,                    0, No            , None                      , Low               , A                 , 2025-05-26        , No unusual note was reported.
XPS-AAZM  , Eris Delta     , Eris Delta-c     ,                   1, Primary    , Archived      ,           2003, Transit         , SkyScan Array        , Caeli Survey       ,              4671.84, 4671.8 ly                 , G        ,           0.939,             0.947,             6096.2, QUIET           , Gas Giant   ,               7.946,                    0.505,                     1.033,                  ,                 14.636,                  67.643,            498.4966,             1.2050,       0.1664,                          ,            5908.2,           24.01,                    77.61, No clear signal         ,              0.169,                    2, No            , None                      , Low               , A                 , 2017-01-01        , Cloud cover may hide key atmospheric signals.
XPS-AAZN  , Auron Delta    , Auron Delta-f    ,                   1, Primary    , Confirmed     ,           2025, Transit         , SkyScan Array        , Blue Orbit Group   ,               214.06, 214.1 ly                  , K        ,           0.791,             0.814,             4942.2, Active          , Ice Giant   ,               4.673,                         ,                     0.316,            95.000,                  3.475,                  21.180,           5289.5898,             5.4943,       0.1393,                     100.9,            2763.2,           11.44,                    67.36, Hydrogen-rich           ,              0.025,                    0, Yes           , None                      , Low               , A                 , 2020-09-03        , The record includes a later reanalysis.
XPS-AAZP  , Vela North     , Vela North-e     ,                   1, Primary    , CONFIRMED     ,           2002, Direct Imaging  , Celestial Mirror One , North Ridge Team   ,                10.03, 3.1 pc                    , G        ,           1.020,             1.014,             5403.9, Quiet           , Super-Earth ,               1.438,                    0.087,                     0.207,             2.000,                  0.029,                        ,          71317.5852,            33.8807,       0.0398,                      45.3,             169.0,            2.71,                    64.55, Sodium signature        ,                   ,                    0, No            , None                      , Low               , B                 , 05/02/2018        , The record includes a later reanalysis.
XPS-AAZQ  , Noma Quarta    , Noma Quarta-h    ,                   1, Primary    , Confirmed     ,           2015, Transit         , North Ridge Array    , Aurora Lab         ,             11759.83, 11759.8 ly                , A        ,           2.280,             2.001,             8201.0, Quiet           , Super-Earth ,               1.790,                    0.193,                     0.269,                  ,                  1.344,                   0.810,           1013.1330,             2.5984,       0.1644,                     388.6,              67.1,            5.91,                    73.72, Carbon dioxide candidate,              0.565,                    0, No            , Asymmetric transit        , Medium            , C                 , 2012-03-12        , The atmospheric result has low certainty.
XPS-AAZR  , Eris Delta     , Eris Delta-f     ,                   1, Reanalysis , Confirmed     ,           2022, Pulsar Timing   , Pulse Watch Network  , Pacific Lens Group ,                15.96, 16.0 ly                   , M        ,           0.166,             0.251,             2712.9, Active          , Desert World,               0.919,                    0.066,                     0.115,                  ,                  0.067,                        ,           6913.7015,             3.9072,             ,                      33.8,            1124.5,           18.58,                    65.47, Hydrogen-rich           ,              0.032,                    0, No            , None                      , Low               , A                 , 06/29/2020        , The system may contain another unseen world.
XPS-AAZS  , Mira Quarta    , Mira Quarta-x    ,                   1, Primary    , Confirmed     ,           2010, Transit         , Aurora Survey        , Aurora Lab         ,              1587.00, 1587.0 ly                 , M        ,           0.197,             0.279,             2792.2, Active          , Rocky       ,                    ,                    0.029,                     0.016,             0.717,                  0.100,                   0.145,           3583.6317,             2.6690,       0.1158,                      41.5,             951.6,            8.52,                    69.87, Hydrogen-rich           ,              0.049,                    0, No            , None                      , Low               , B                 , 2015-05-15        , The orbit may be tilted relative to the star.
XPS-AAZT  , Auron Delta    , Auron Delta-y    ,                   1, Follow-up  , Confirmed     ,           2015, Transit Timing  , Multi-World Array    , Pacific Lens Group ,              1431.05, 1431.0 ly                 , A        ,           1.544,             1.469,             9175.5, Moderate        , Rocky       ,               1.392,                    0.020,                     0.061,             1.690,                  0.176,                        ,           3185.4804,             4.8969,       0.0059,                     215.1,              75.3,           18.48,                    81.75,                         ,              0.619,                    0, No            , None                      , Medium            , ?                 , 2025-04-30        , Transit timing varies across observation windows.
XPS-AAZU  , Neris B        , Neris B-t        ,                   1, Primary    , Confirmed     ,           2016, Microlensing    , Southern Lens Grid   , Meridian Study     ,                66.85, 66.9 ly                   , G        ,           1.070,                  ,             5471.0, Moderate        , Ocean World ,               1.427,                    0.242,                     0.081,             4.104,                  0.420,                        ,            817.6929,             1.7502,       0.0699,                     235.0,             151.2,           34.16,                    78.40, Hydrogen-rich           ,              1.000,                    0, No            , None                      , High              , C                 , 2023-07-06        , Stellar noise complicates the mass estimate.
XPS-AAZV  , Pavo Delta     , Pavo Delta-s     ,                   1, Reanalysis , Confirmed     ,           2000, Radial Velocity , Highland Spectrograph, Blue Orbit Group   ,                     , 2250.4 pc                 , K        ,           0.871,             0.891,             4091.3, Quiet           , Rocky       ,               1.502,                    0.043,                     0.126,             2.028,                  0.412,                   0.217,             22.9994,             0.1511,       0.1767,                     449.3,                  ,            3.11,                    71.20, Hydrogen-rich           ,              0.214,                    1, No            , Asymmetric transit        , Low               , A                 , 2011-03-22        , Transit timing varies across observation windows.
XPS-AAZW  , Astra C        , Astra C-p        ,                   2, Primary    , CONFIRMED     ,           1997, Transit         , Orbital Lens Network , Solis Research Unit,               522.45, 522.4 ly                  , M        ,           0.204,             0.252,             2964.6, Moderate        , Rocky       ,               0.991,                    0.145,                     0.127,             0.690,                  0.121,                   0.115,            127.4264,             0.2921,       0.1103,                     146.2,            1266.5,           28.20,                    74.03, Water vapor candidate   ,                   ,                    0, No            , None                      , Medium            , C                 , 2017-02-06        , Cloud cover may hide key atmospheric signals.
XPS-AAZX  , Novae North    , Novae North-d    ,                   2, Primary    , Confirmed     ,           1998, Astrometry      , Gaia-Like Survey Lab , Meridian Study     ,               141.06, 43.2 pc                   , M        ,           0.547,                  ,             3512.5, Moderate        , Desert World,               1.070,                    0.102,                     0.070,             1.479,                  0.056,                        ,            603.0878,             1.1411,       0.2998,                     132.1,             254.4,          111.48,                    77.26,                         ,              0.225,                    0, No            , Unusual dimming           , Medium            , B                 , 2023-09-05        , The record includes a later reanalysis.
XPS-AAZY  , Rhea Delta     , Rhea Delta-c     ,                   1, Primary    , Confirmed     ,           2015, Transit         , SkyScan Array        , Blue Orbit Group   ,               188.57, 188.6 ly                  , G        ,           0.998,             0.998,             5771.2, Quiet           , Lava World  ,               0.810,                    0.137,                     0.057,             0.690,                  0.126,                        ,             16.6521,             0.1275,       0.1585,                    1260.7,              55.3,           10.45,                    73.06, Sodium signature        ,              0.000,                    0, No            , None                      , Low               , B                 , 2014-10-23        , Cloud cover may hide key atmospheric signals.
XPS-AAZZ  , Selene A       , Selene A-y       ,                   1, Follow-up  , Confirmed     ,           2016, Transit         , SkyScan Array        , Solis Research Unit,               120.74, 120.7 ly                  , A        ,           1.943,             1.872,             7702.6, Quiet           , Rocky       ,               1.495,                    0.141,                     0.144,                  ,                  0.300,                   0.962,           1765.9678,             3.5690,       0.0135,                     251.9,              53.5,           18.65,                    73.04, Water vapor candidate   ,                   ,                    0, No            , Timing pattern unresolved , Urgent            , B                 , 2014/06/15        , Several measurements are absent from the early record.
XPS-ABAA  , Orin B         , Orin B-p         ,                   1, Follow-up  , Confirmed     ,           2005, Radial Velocity , Highland Spectrograph, Caeli Survey       ,                61.97, 62.0 ly                   , K        ,           0.876,             0.905,             4799.5, Active          , rocky       ,               1.244,                    0.044,                     0.125,             2.033,                  0.402,                        ,             42.4591,             0.2279,       0.0593,                     474.7,             158.5,           17.75,                    75.75, High-altitude haze      ,              0.123,                    0, No            , None                      , Low               , A                 , 2020-05-18        , A faint secondary signal appears in some observations.
XPS-ABAB  , Rhea Sigma     , Rhea Sigma-n     ,                   1, Primary    , Confirmed     ,           1998, Radial Velocity , Red Mesa Array       , Solis Research Unit,              1042.32, 1042.3 ly                 , G        ,           1.115,             1.097,             5314.7, Highly active   , Ice Giant   ,               4.049,                    0.213,                          ,            47.218,                       ,                   1.397,            678.3517,             1.5667,       0.0360,                     235.9,            1143.2,            3.33,                    73.51, No clear signal         ,              0.126,                    0, No            , None                      , Low               , B                 , 2018-06-21        , Transit timing varies across observation windows.
XPS-ABAC  , Caeli Tertia   , Caeli Tertia-v   ,                   1, Reanalysis , Provisional   ,           2010, transit         , North Ridge Array    , Pacific Lens Group ,                 7.05, 7.1 ly                    , M        ,           0.353,                  ,             3327.5, Moderate        , Rocky       ,               1.277,                    0.139,                     0.087,                  ,                  0.074,                   0.237,           3959.1637,             3.4612,             ,                      61.8,             761.5,            7.23,                    82.93, No clear signal         ,                   ,                    0, No            , None                      , Low               , A                 , 2024-06-02        , The distance entry uses a converted unit.
XPS-ABAD  , Eris Delta     , Eris Delta-r     ,                   1, Primary    , Provisional   ,           2017, Transit         , Orbital Lens Network , Caeli Survey       ,                10.80, 10.8 ly                   , K        ,           0.653,             0.712,             4497.1, Moderate        , Rocky       ,               0.446,                    0.071,                     0.066,             0.253,                  0.038,                   0.071,            206.2817,             0.5928,       0.0397,                     231.4,              32.9,            9.17,                    73.88, Water vapor candidate   ,                   ,                    0, No            , None                      , High              , B                 , 08/10/2017        , Follow-up data changed the estimated year length.
XPS-ABAE  , Zora One       , Zora One-u       ,                   1, PRIMARY    , Confirmed     ,           2011, Astrometry      , meridian mapper      , Pacific Lens Group ,               128.04, 39.3 pc                   , M        ,           0.538,             0.591,             3159.6, Active          , Gas Giant   ,                    ,                    1.366,                     0.138,           201.676,                 45.791,                  19.572,            117.9766,             0.3829,       0.3236,                     194.9,                  ,            7.51,                    63.40, Carbon dioxide candidate,              0.094,                    0, No            , None                      , Low               , C                 , 2020-04-13        , The system may contain another unseen world.
XPS-ABAF  , Tarin Minor    , Tarin Minor-c    ,                   1, REANALYSIS , Disputed      ,           2022, Radial Velocity , Red Mesa Array       , Caeli Survey       ,                52.73, 16.2 pc                   , K        ,           0.715,             0.732,             4774.0, Moderate        , Super-Earth ,               2.530,                    0.085,                     0.118,             6.769,                  1.840,                   0.899,             15.2232,             0.1075,       0.5279,                     605.8,            1002.8,           33.79,                    85.96,                         ,              0.003,                    0, No            , None                      , Medium            , C                 , 2015-12-17        , A faint secondary signal appears in some observations.
XPS-ABAG  , Talos Two      , Talos Two-v      ,                   1, Primary    , Confirmed     ,           2000, Direct Imaging  , CELESTIAL MIRROR ONE , Pacific Lens Group ,                     , 44.2 pc                   , G        ,           1.095,             1.073,             5489.7, Moderate        , Ice Giant   ,               4.283,                    0.315,                     0.153,            58.790,                       ,                   3.657,           1491.8154,             2.6333,             ,                     152.4,            1336.4,           37.35,                    70.85, Hydrogen-rich           ,              0.085,                    0, No            , None                      , Low               , C                 , 2017-06-06        , A faint secondary signal appears in some observations.
XPS-ABAH  , Pavo A         , Pavo A-v         ,                   1, Primary    , Provisional   ,           2020, Astrometry      , meridian mapper      , Pacific Lens Group ,               117.26, 117.3 ly                  , G        ,           0.912,             0.919,             5824.5, Moderate        , Gas Giant   ,              11.073,                    0.330,                     0.141,           275.181,                 10.753,                  39.074,             10.4925,             0.0910,       0.1847,                          ,           12161.7,           26.57,                    77.85, Oxygen candidate        ,              0.000,                    0, No            , None                      , Low               , C                 , 2021-10-13        , The record includes a later reanalysis.
XPS-ABAJ  , Altara Sigma   , Altara Sigma-b   ,                   1, Follow-up  , Confirmed     ,           1997, Astrometry      , Vector Star Mapper   , Blue Orbit Group   ,              2711.10, 2711.1 ly                 , G        ,           1.036,             1.033,             5538.2, Moderate        , Super-Earth ,               1.445,                    0.241,                     0.151,             3.178,                  0.142,                   0.360,           1050.3017,             2.0459,       0.0350,                     199.9,             164.2,            4.14,                    65.81, Water vapor candidate   ,              0.800,                    0, No            , None                      , Urgent            , A                 , 2012/06/20        , Transit timing varies across observation windows.
XPS-ABAK  , Selene Delta   , Selene Delta-s   ,                   1, REANALYSIS , Confirmed     ,           1999, RADIAL VELOCITY , Solis Observatory    , Blue Orbit Group   ,              8708.70, 2638.8 pc                 , F        ,           1.322,             1.229,             7212.8, Moderate        , Rocky       ,               0.500,                    0.042,                     0.010,             0.143,                  0.031,                   0.042,             76.2870,             0.3870,             ,                     592.1,              13.9,           20.91,                    83.32, Methane candidate       ,              0.004,                    0, No            , None                      , Low               , A                 , 03/15/2020        , The host star varies across the observation cycle.
XPS-ABAL  , Auron Quarta   , Auron Quarta-d   ,                   1, Primary    , Confirmed     ,           1998, Transit         , Orbital Lens Network , Solis Research Unit,              4196.17, 4196.2 ly                 , M        ,           0.304,             0.384,             2690.0, Active          , Ice Giant   ,               3.494,                    0.126,                     0.500,                  ,                  1.190,                   3.066,             93.3013,             0.2708,       0.0287,                     157.7,            6952.8,           20.65,                    84.14, Sodium signature        ,              0.065,                    0, No            , None                      , Low               , C                 , 2016/10/14        , A faint secondary signal appears in some observations.
XPS-ABAM  , Luma Two       , Luma Two-u       ,                   1, Primary    , Confirmed     ,           2008, Pulsar Timing   , Northern Timing Lab  , Meridian Study     ,              1874.92, 1870.0 ly                 , M        ,                ,             0.587,             3196.1, Active          , super-earth ,               2.113,                    0.284,                     0.071,             6.754,                  0.453,                        ,           1752.9117,             2.3552,       0.1011,                      87.0,                  ,           13.53,                    76.12, Sodium signature        ,              0.142,                    0, No            , None                      , Low               , B                 , 2013-04-25        , The distance entry uses a converted unit.
XPS-ABAN  , Neris South    , Neris South-j    ,                   1, Primary    , Confirmed     ,           2015, Transit         , Orbital Lens Network , Sky Atlas Team     ,               885.11, 271.4 pc                  , M        ,           0.448,             0.496,                   , Moderate        , Mini-Neptune,               3.309,                    0.318,                     0.011,            13.479,                  2.790,                   2.571,              3.2118,             0.0326,       0.0112,                     618.1,            3734.2,            1.46,                    66.48, No clear signal         ,              0.002,                    0, No            , Variable transit depth    , Low               , D                 , 2013-04-29        , Stellar noise complicates the mass estimate.
XPS-ABAP  , Auron Two      , Auron Two-x      ,                   1, PRIMARY    , Confirmed     ,           2021, Transit         , Orbital Lens Network , Blue Orbit Group   ,                 8.63, 2.6 pc                    , G        ,           1.014,             1.010,             5419.1, ACTIVE          , Rocky       ,               1.253,                    0.065,                     0.070,                  ,                  0.604,                   0.488,           9502.3530,             8.8215,       0.2633,                      92.8,             129.0,            8.45,                    69.00, Hydrogen-rich           ,              0.142,                    0, No            , None                      , Low               , B                 , 2013-02-08        , Follow-up data changed the estimated year length.
XPS-ABAQ  , Orin Delta     , Orin Delta-n     ,                   1, Follow-up  , Confirmed     ,           2023, Transit         , Orbital Lens Network , Sky Atlas Team     ,              2073.03, 2073.0 ly                 , M        ,           0.231,             0.316,             3435.5, Moderate        , Mini-Neptune,                    ,                    0.027,                     0.353,            30.000,                  3.933,                   5.897,          12849.7855,             6.5832,       0.6105,                      35.0,           11596.0,           35.39,                    80.93, Sodium signature        ,              0.030,                    0, No            , None                      , Low               , C                 , 2011-04-07        , Several measurements are absent from the early record.
XPS-ABAR  , Mira Minor     , Mira Minor-t     ,                   1, Primary    , Confirmed     ,           2007, Direct Imaging  , Celestial Mirror One , Sky Atlas Team     ,              1870.00, 1870.0 ly                 , M        ,           0.169,             0.261,             3300.8, Moderate        , Super-Earth ,               1.723,                    0.060,                     0.046,             5.791,                  1.585,                        ,         178574.5505,            34.3317,       0.3163,                      14.3,            3655.8,           14.41,                    76.28, Oxygen candidate        ,              0.018,                    0, No            , Orbital drift             , Medium            , B                 , 2024-12-04        , The record includes a later reanalysis.
XPS-ABAS  , Neris Delta    , Neris Delta-g    ,                   1, Primary    , Confirmed     ,           2012, Transit         , Aurora Survey        , North Ridge Team   ,               359.90, 110.3 pc                  , K        ,           0.713,             0.782,             5017.6, Moderate        , Gas Giant   ,              14.285,                    0.527,                     0.534,          1900.000,                162.522,                 203.369,             73.7832,             0.3076,             ,                     344.3,           27983.8,           10.12,                    69.00,                         ,              0.132,                    1, No            , None                      , Low               , A                 , 2019-10-07        , The distance entry uses a converted unit.
XPS-ABAT  , Eris Minor     , Eris Minor-g     ,                   1, Primary    , Confirmed     ,           2023, Transit         , Aurora Survey        , North Ridge Team   ,               936.61, 936.6 ly                  , M        ,           0.312,             0.395,             3690.0, Highly active   , Gas Giant   ,              15.285,                    1.758,                     1.565,           962.585,                       ,                 204.637,            264.4325,                   ,       0.2280,                     162.9,          125577.3,            7.37,                    66.41, Hydrogen-rich           ,              0.085,                    0, No            , Orbital drift             , Medium            , B                 , 2017-06-05        , Two observing teams reported slightly different radii.
XPS-ABAU  , Auron Two      , Auron Two-s      ,                   2, Primary    , Confirmed     ,           2023, Radial Velocity , Highland Spectrograph, Aurora Lab         ,              4274.66, 1310.6 pc                 , K        ,           0.698,             0.747,             3952.6, Moderate        , Rocky       ,               0.598,                    0.056,                     0.041,             0.240,                  0.038,                   0.066,              5.7415,             0.0557,       0.0739,                     674.5,              57.6,           45.09,                    82.75, Water vapor candidate   ,              0.000,                    0, No            , none                      , Medium            , C                 , 2017-03-06        , Several measurements are absent from the early record.
XPS-ABAV  , Solis Prime    , Solis Prime-h    ,                   1, Primary    , Confirmed     ,           2023, Transit         , North Ridge Array    , Blue Orbit Group   ,                48.91, 48.9 ly                   , M        ,           0.374,             0.474,             3634.7, Active          , Gas Giant   ,              10.553,                    0.772,                     0.270,           162.284,                 37.906,                  22.396,             20.2946,             0.1049,       0.0178,                     357.4,           41606.8,            4.59,                    70.49, Hydrogen-rich           ,              0.137,                    1, NO            , None                      , Low               , B                 , 2013-03-19        , A faint secondary signal appears in some observations.
XPS-ABAW  , Novae Two      , Novae Two-f      ,                   1, Primary    , Confirmed     ,           2010, Radial Velocity , Solis Observatory    , Aurora Lab         ,               824.32, 824.3 ly                  , K        ,           0.672,             0.745,             4043.4, Quiet           , Super-Earth ,               2.391,                    0.125,                     0.043,             4.959,                  0.171,                   0.489,            298.3972,             0.7653,       0.0381,                          ,                  ,            2.59,                    62.83, No clear signal         ,              0.605,                     , No            , None                      , Low               , A                 , 2024-12-11        , The distance entry uses a converted unit.
XPS-ABAX  , Noma Delta     , Noma Delta-c     ,                   1, Primary    , Confirmed     ,           2014, Pulsar Timing   , Radio Arc Array      , Pacific Lens Group ,                56.70, 56.7 ly                   , G        ,           0.990,             0.992,             5966.1, Quiet           , Rocky       ,               0.492,                    0.038,                     0.029,             0.124,                  0.075,                   0.029,              1.8835,             0.0297,       0.1047,                    1846.3,                  ,           21.46,                    80.48,                         ,              0.000,                    0, No            , Possible moon signal      , Low               , A                 , 2018-05-24        , The distance entry uses a converted unit.
XPS-ABAY  , Cyra Sigma     , Cyra Sigma-n     ,                   1, Primary    , Provisional   ,           2011, Radial Velocity , Red Mesa Array       , Solis Research Unit,               471.13, 471.1 ly                  , M        ,                ,             0.471,             3145.5, Active          , Super-Earth ,               1.616,                    0.128,                     0.162,             2.461,                  0.021,                   0.227,           8529.6761,             5.8031,       0.0618,                      44.0,             987.0,            5.27,                    69.17, Cloud-dominated         ,              0.046,                    0, No            , None                      , Low               , C                 , 2019-01-31        , The orbit may be tilted relative to the star.
XPS-ABAZ  , Luma South     , Luma South-v     ,                   1, Follow-up  , Provisional   ,           2018, Pulsar Timing   , Northern Timing Lab  , Solis Research Unit,               975.59, 975.6 ly                  , G        ,           0.990,             0.991,             5726.4, Quiet           , Super-Earth ,               1.744,                    0.110,                     0.060,             7.037,                  0.564,                   0.208,           4366.1302,             5.2114,       0.2931,                     123.0,             259.4,           87.00,                    78.11, Water vapor candidate   ,              0.248,                    0, No            , None                      , Medium            , C                 , 2018-12-03        , The system may contain another unseen world.
XPS-ABBA  , Pavo C         , Pavo C-z         ,                   1, Primary    , Confirmed     ,           2019, Transit         , North Ridge Array    , Blue Orbit Group   ,                29.19, 29.2 ly                   , f        ,           1.122,             1.111,             6907.7, Moderate        , Gas Giant   ,              14.326,                    1.744,                     1.638,          1900.000,                221.959,                 172.574,                    ,             8.3169,       0.0610,                     112.4,           13942.3,            6.87,                    72.54, Hydrogen-rich           ,              0.029,                    0, No            , Unexpected infrared excess, Medium            , A                 , 2014-02-01        , A faint secondary signal appears in some observations.
XPS-ABBB  , Talos Sigma    , Talos Sigma-n    ,                   1, Reanalysis , Confirmed     ,           1999, Astrometry      , Gaia-Like Survey Lab , Meridian Study     ,             10737.55, 3292.2 pc                 , K        ,           0.737,             0.780,             3971.6, Highly active   , Rocky       ,               1.444,                    0.160,                     0.213,             2.585,                       ,                   0.414,            823.8885,             1.5538,       0.1181,                     150.7,                  ,            3.66,                    63.12, Cloud-dominated         ,              0.331,                    0, No            , None                      , Low               , A                 , 2017-08-24        , The system may contain another unseen world.
XPS-ABBC  , Neris Quarta   , Neris Quarta-h   ,                   1, Primary    , Confirmed     ,           2004, Transit         , North Ridge Array    , Meridian Study     ,              3370.94, 3370.9 ly                 , K        ,           0.798,             0.850,             5008.5, ACTIVE          , Rocky       ,               0.432,                    0.015,                     0.038,             0.116,                  0.039,                        ,           7138.1330,             6.7296,       0.3346,                          ,              21.7,           38.79,                    75.59, No clear signal         ,              0.103,                    0, No            , None                      , Low               , B                 , 2014-05-20        , A faint secondary signal appears in some observations.
XPS-ABBD  , Selene One     , Selene One-v     ,                   1, Primary    , Confirmed     ,           2010, Transit         , Orbital Lens Network , Sky Atlas Team     ,               307.82, 94.4 pc                   , K        ,           0.697,             0.739,             4444.2, Active          , Ice Giant   ,               5.905,                    0.999,                     0.492,                  ,                 14.926,                   1.287,              4.8471,             0.0497,       0.1590,                          ,            5353.0,           13.73,                    65.48, Cloud-dominated         ,              0.000,                    0, No            , None                      , Low               , B                 , 2024-12-05        , The distance entry uses a converted unit.
XPS-ABBE  , Lyra Major     , Lyra Major-e     ,                   1, Follow-up  , Confirmed     ,           2012, Radial Velocity , Solis Observatory    , Blue Orbit Group   ,                60.04,                           , K        ,           0.626,             0.690,             4900.4, Active          , Desert World,               1.356,                    0.059,                     0.113,             1.649,                  0.358,                        ,            336.5730,                   ,       0.2106,                          ,             324.5,           31.92,                    70.24, Water vapor candidate   ,              0.731,                    0, No            , POSSIBLE MOON SIGNAL      , Urgent            , D                 , 2012-01-17        , Cloud cover may hide key atmospheric signals.
XPS-ABBF  , Orin Tertia    , Orin Tertia-u    ,                   1, Follow-up  , Confirmed     ,           1996, Radial Velocity , Solis Observatory    , Pacific Lens Group ,                 6.69, 6.7 ly                    , G        ,           1.029,             1.022,             5988.4, Quiet           , Ice Giant   ,               5.151,                    0.852,                     0.635,            78.370,                       ,                   3.297,            147.1720,             0.5508,             ,                     384.8,            2131.0,           13.32,                    87.23, Oxygen candidate        ,              0.082,                    1, No            , None                      , Medium            , D                 , 2016-11-28        , The distance entry uses a converted unit.
XPS-ABBG  , Arden A        , Arden A-y        ,                   1, Primary    , Confirmed     ,           2005, Transit         , SkyScan Array        , Pacific Lens Group ,                 6.70, 6.7 ly                    , K        ,           0.801,             0.818,             5188.5, Active          , Rocky       ,               1.494,                    0.128,                     0.076,             2.900,                  0.188,                   0.243,           8376.8507,             7.4972,       0.3669,                      80.3,             279.7,           26.23,                    75.43,                         ,              0.090,                    0, No            , None                      , Low               , D                 , 2011-09-09        , Stellar noise complicates the mass estimate.
XPS-ABBH  , Lyra Major     , Lyra Major-z     ,                   1, Primary    , Provisional   ,           2007, Direct Imaging  , Summit Imager        , Solis Research Unit,                25.87, 7.9 pc                    , K        ,           0.771,             0.811,             5028.3, Moderate        , Super-Earth ,               2.475,                    0.301,                     0.083,            11.231,                  0.690,                   1.691,          33064.2537,            18.4879,       0.1800,                          ,             780.2,           19.75,                    87.84, Sodium signature        ,              0.065,                     , No            , None                      , Low               , B                 , 2015-10-21        , The orbit may be tilted relative to the star.
XPS-ABBJ  , Vela Minor     , Vela Minor-t     ,                   1, Primary    , Confirmed     ,           2008, Radial Velocity , Red Mesa Array       , Pacific Lens Group ,              1533.03, 1533.0 ly                 , F        ,           1.216,             1.189,             6984.7, Moderate        , Gas Giant   ,              13.203,                    0.708,                     0.990,           939.528,                 32.999,                   8.178,            554.7158,             1.4103,             ,                     275.9,           10341.8,           12.12,                    78.94,                         ,              0.134,                    0, Yes           , Orbital drift             , High              , B                 , 2015-03-15        , The distance entry uses a converted unit.
XPS-ABBK  , Cetus Minor    , Cetus Minor-p    ,                   2, Primary    , Confirmed     ,           2020, Direct Imaging  , Polar Optics Array   , Aurora Lab         ,               158.49, 158.5 ly                  , A        ,                ,             1.728,             9387.6, Quiet           , SUPER-EARTH ,               2.154,                    0.169,                     0.017,            13.702,                  2.318,                   0.113,           7383.5150,             9.0742,       0.1335,                     197.4,                  ,           98.85,                    89.05, High-altitude haze      ,              0.664,                    0, No            , None                      , Medium            , D                 , 09/05/2014        , Several measurements are absent from the early record.
XPS-ABBL  , Astra One      , Astra One-p      ,                   1, PRIMARY    , Confirmed     ,           2013, Transit         , North Ridge Array    , Meridian Study     ,                33.23, 10.2 pc                   , M        ,           0.451,             0.550,             2603.4, Moderate        , Ocean World ,               0.870,                    0.061,                     0.013,             0.602,                  0.093,                   0.030,           9659.0712,             6.8047,       0.2233,                          ,             206.4,            6.09,                    76.60,                         ,              0.929,                    0, No            , None                      , High              , B                 , 2019-12-22        , The orbit may be tilted relative to the star.
XPS-ABBM  , Selene A       , Selene A-b       ,                   1, Primary    , Confirmed     ,           2022, Transit         , Aurora Survey        , Meridian Study     ,              1095.15, 335.8 pc                  , G        ,           1.075,             1.069,             5984.5, Active          , Mini-Neptune,               3.064,                    0.062,                     0.183,                  ,                  4.538,                   3.952,           1035.2935,             2.0516,             ,                     185.9,             690.1,            6.19,                    73.63, Methane candidate       ,              0.654,                    0, No            , None                      , Urgent            , B                 , 2016-02-11        , Stellar noise complicates the mass estimate.
XPS-ABBN  , Zora Minor     , Zora Minor-m     ,                   2, Primary    , Confirmed     ,           2010, Radial Velocity , Highland Spectrograph, Sky Atlas Team     ,              1722.31, 528.1 pc                  , f        ,           1.163,             1.131,             6774.9, Active          , Gas Giant   ,               9.756,                    0.732,                     1.163,          1615.072,                319.667,                 214.675,           8420.3766,             8.5155,       0.1779,                     117.2,            5871.8,           10.73,                    78.51, Hydrogen-rich           ,                   ,                    0, No            , None                      , Low               , B                 , 2022-08-07        , The atmospheric result has low certainty.
XPS-ABBP  , Rhea Sigma     , Rhea Sigma-h     ,                   1, Follow-up  , Confirmed     ,           2018, Transit         , Aurora Survey        , North Ridge Team   ,              6130.99, 6131.0 ly                 , G        ,           1.114,             1.107,                   , Moderate        , ROCKY       ,               1.543,                    0.031,                     0.111,             4.853,                  1.132,                        ,           4889.5370,             5.8449,       0.0153,                     123.2,             163.1,           36.18,                    79.04, Hydrogen-rich           ,              0.241,                    0, No            , None                      , Low               , D                 , 2016-04-07        , Stellar noise complicates the mass estimate.
XPS-ABBQ  , Talos Sigma    , Talos Sigma-g    ,                   1, Follow-up  , Confirmed     ,           1998, Transit         , North Ridge Array    , Caeli Survey       ,                 7.59, 7.6 ly                    , G        ,           1.060,             1.050,             5783.2, Moderate        , Mini-Neptune,               3.365,                    0.523,                          ,            30.000,                  3.249,                        ,           1015.6733,             2.0165,       0.1183,                     181.1,             870.0,            4.27,                    63.44, No clear signal         ,              0.556,                    0, No            , None                      , Medium            , A                 , 2017-06-29        , Cloud cover may hide key atmospheric signals.
XPS-ABBR  , Neris Delta    , Neris Delta-g    ,                   1, Follow-up  , Confirmed     ,           1997, Astrometry      , Gaia-Like Survey Lab , Meridian Study     ,              2730.45, 2730.5 ly                 , K        ,           0.730,             0.792,             4055.3, Quiet           , Mini-Neptune,               3.692,                    0.423,                     0.533,            30.000,                  3.418,                   1.220,          10404.5403,             8.3967,       0.4633,                      66.1,            1824.6,            1.81,                    53.75, Methane candidate       ,              0.063,                    0, No            , None                      , Low               , B                 , 2016-01-04        , The distance entry uses a converted unit.
XPS-ABBS  , Vela Prime     , Vela Prime-c     ,                   2, Follow-up  , Archived      ,           1998, Astrometry      , Meridian Mapper      , Blue Orbit Group   ,              1166.65, 357.7 pc                  , K        ,           0.736,             0.758,             4637.8, Moderate        , Ice Giant   ,               3.945,                    0.061,                     0.079,            30.565,                  2.350,                   6.672,             18.9811,                   ,       0.0484,                     512.4,                  ,           11.08,                    72.59, No clear signal         ,              0.007,                    0, No            , None                      , Low               , C                 , 2013-09-20        , The record includes a later reanalysis.
XPS-ABBT  , Arden A        , Arden A-h        ,                   1, Primary    , disputed      ,           1998, Radial Velocity , Red Mesa Array       , Blue Orbit Group   ,                79.11, 24.3 pc                   , F        ,           1.340,             1.280,             6900.0, Quiet           , Ocean World ,               1.460,                         ,                     0.120,             3.702,                  0.854,                   0.650,            418.9169,             1.2079,       0.0824,                     329.1,                  ,           20.72,                    87.00, High-altitude haze      ,              0.837,                    0, No            , None                      , Medium            , B                 , 2022-03-15        , The host star varies across the observation cycle.
XPS-ABBU  , Noma Two       , Noma Two-m       ,                   1, Follow-up  , confirmed     ,           2021, Radial Velocity , Red Mesa Array       , Pacific Lens Group ,              3108.12, 3108.1 ly                 , G        ,           0.965,             0.969,             5955.2, Highly active   , lava world  ,               0.690,                    0.015,                     0.062,             0.233,                  0.021,                   0.048,            407.9499,             1.0639,       0.3540,                    2089.7,                  ,           50.89,                    75.08, hydrogen-rich           ,              0.000,                     , No            , None                      , Low               , B                 , 2023-12-12        , Several measurements are absent from the early record.
XPS-ABBV  , Auron Delta    , Auron Delta-y    ,                   1, Primary    , Confirmed     ,           1997, Direct Imaging  , Summit Imager        , Aurora Lab         ,                99.33, 30.5 pc                   , M        ,           0.374,             0.413,             2838.1, Moderate        , Rocky       ,               1.487,                    0.140,                          ,             2.576,                  0.628,                   0.339,         305547.1475,            63.9894,       0.0098,                      11.9,            1087.2,           25.26,                    62.15, No clear signal         ,              0.015,                    0, no            , None                      , Low               , C                 , 2016-10-27        , Cloud cover may hide key atmospheric signals.
XPS-ABBW  , Altara B       , Altara B-t       ,                   1, Primary    , Confirmed     ,           2021, Radial Velocity , Solis Observatory    , Blue Orbit Group   ,              1600.11, 490.6 pc                  , F        ,           1.373,             1.342,             7094.4, Quiet           , Gas Giant   ,              14.442,                    1.053,                     0.402,          1449.879,                143.583,                  66.469,            115.5656,             0.5161,       0.3364,                     572.8,            9713.1,           10.20,                    76.13, Hydrogen-rich           ,              0.002,                    1, Yes           , Unusual dimming           , Low               , D                 , 2015/11/12        , Follow-up data changed the estimated year length.
XPS-ABBX  , Novae A        , Novae A-s        ,                   2, Primary    , Provisional   ,           2025, Astrometry      , Vector Star Mapper   , North Ridge Team   ,             13887.37, 13887.4 ly                , M        ,           0.195,             0.227,             2723.5, Active          , Mini-Neptune,               2.294,                    0.233,                     0.030,             5.490,                  0.400,                        ,             36.9774,             0.1259,       0.0255,                     192.7,            8992.7,            8.71,                    74.80, No clear signal         ,              0.663,                    0, No            , None                      , Medium            , A                 , 2012-09-16        , The orbit may be tilted relative to the star.
XPS-ABBY  , Auron B        , Auron B-y        ,                   1, Primary    , Confirmed     ,           1995, Radial Velocity , Red Mesa Array       , Blue Orbit Group   ,               564.72, 564.7 ly                  , G        ,           1.053,             1.045,             5243.9, Moderate        , Mini-Neptune,               4.495,                    0.695,                     0.110,            28.980,                       ,                   2.518,            346.1264,             0.9816,       0.0297,                     263.7,            1551.2,           29.41,                    74.74, Hydrogen-rich           ,              0.967,                    0, No            , None                      , High              , C                 , 2011-10-05        , A faint secondary signal appears in some observations.
XPS-ABBZ  , Cyra A         , Cyra A-q         ,                   1, Follow-up  , Confirmed     ,           2025, Transit         , SkyScan Array        , Sky Atlas Team     ,                23.01, 7.1 pc                    , M        ,           0.246,             0.345,             2650.5, Active          , Rocky       ,               0.877,                    0.049,                     0.070,             0.828,                  0.059,                   0.031,            503.6661,             0.7759,       0.3956,                      91.8,             543.6,            9.46,                    82.77, Methane candidate       ,              0.132,                    0, No            , None                      , Medium            , A                 , 2011-07-03        , Cloud cover may hide key atmospheric signals.
XPS-ABCA  , Altara North   , Altara North-x   ,                   1, Primary    , Confirmed     ,           2012, Transit         , SKYSCAN ARRAY        , Caeli Survey       ,                58.09, 17.8 pc                   , G        ,           1.021,             1.020,             5726.9, Quiet           , Super-Earth ,               2.107,                         ,                     0.227,             4.558,                  0.724,                   0.999,              5.5010,             0.0614,       0.2383,                          ,             358.2,            1.10,                    77.66, High-altitude haze      ,              0.000,                    1, No            , None                      , Low               , B                 , 2023-03-25        , A faint secondary signal appears in some observations.
XPS-ABCB  , Lyra Quarta    , Lyra Quarta-n    ,                   1, Primary    , Provisional   ,           1997, Transit         , North Ridge Array    , Pacific Lens Group ,                     , 173.5 ly                  , K        ,           0.632,             0.698,             4981.3, Moderate        , Super-Earth ,               2.279,                    0.120,                     0.299,             6.842,                  1.497,                   0.217,                    ,             3.8870,       0.2207,                      97.3,             894.8,            5.10,                    69.02, No clear signal         ,              0.163,                    0, No            , Orbital drift             , Medium            , C                 , 2020-06-21        , A faint secondary signal appears in some observations.
XPS-ABCC  , Tarin Minor    , Tarin Minor-s    ,                   1, Follow-up  , Confirmed     ,           2016, Radial Velocity , Red Mesa Array       , North Ridge Team   ,               269.00, 269.0 ly                  , M        ,           0.213,             0.291,             3049.5, Quiet           , Gas Giant   ,              15.928,                    1.921,                     0.159,           409.883,                       ,                  56.034,            473.1227,             0.7098,       0.2596,                          ,          251124.0,            4.20,                    58.29, Carbon dioxide candidate,              0.018,                    1, Yes           , Possible ring system      , Low               , B                 , 2020-01-11        , The orbit may be tilted relative to the star.
XPS-ABCD  , Caeli Minor    , Caeli Minor-t    ,                   2, Primary    , Confirmed     ,           2016, Transit         , Orbital Lens Network , Aurora Lab         ,               851.58, 261.1 pc                  , M        ,           0.396,             0.449,             3512.9, Active          , Ice Giant   ,               5.854,                    0.091,                     0.073,            94.508,                 19.753,                  18.410,            969.3107,                   ,       0.1513,                     108.0,           13678.9,           18.84,                    79.47, Methane candidate       ,              0.028,                    0, Yes           , None                      , Medium            , D                 , 2018-12-11        , Follow-up data changed the estimated year length.
XPS-ABCE  , Kepleris Minor , Kepleris Minor-c ,                   2, Primary    , Confirmed     ,           2005, Microlensing    , Andes Survey         , Blue Orbit Group   ,                23.51, 7.2 pc                    , M        ,           0.148,             0.225,             3523.4, Highly active   , MINI-NEPTUNE,               3.163,                    0.247,                     0.260,            30.505,                  6.351,                   5.322,           1127.0978,             1.1233,       0.1395,                      73.6,                  ,            6.85,                    69.81, HYDROGEN-RICH           ,              0.081,                    0, No            , None                      , Low               , B                 , 2023-12-23        , The host star varies across the observation cycle.
XPS-ABCF  , Caeli Minor    , Caeli Minor-k    ,                   1, Primary    , Confirmed     ,           2011, transit timing  , Multi-World Array    , Sky Atlas Team     ,                 5.28, 5.3 ly                    , M        ,           0.553,                  ,             3736.5, Highly active   , DESERT WORLD,               1.907,                    0.306,                     0.225,             5.306,                  0.316,                        ,           2520.8283,             2.9752,       0.0509,                      75.7,             812.5,           27.13,                    72.48, Hydrogen-rich           ,              0.118,                    0, No            , None                      , Low               , D                 , 2021-11-07        , Transit timing varies across observation windows.
XPS-ABCG  , Talos Two      , Talos Two-v      ,                   2, Primary    , Provisional   ,           2020, Transit         , SkyScan Array        , North Ridge Team   ,               948.03, 290.7 pc                  , K        ,           0.600,             0.679,             5036.9, Moderate        , Ocean World ,               2.210,                    0.299,                     0.267,             9.690,                  1.116,                   1.809,            849.5566,             1.4792,             ,                     233.0,             859.6,            7.24,                    72.27,                         ,              0.677,                    0, No            , None                      , High              , B                 , 2024-10-12        , Two observing teams reported slightly different radii.
XPS-ABCH  , Eris A         , Eris A-q         ,                   1, Primary    , Confirmed     ,           2015, Astrometry      , Gaia-Like Survey Lab , Pacific Lens Group ,              8837.45, 8837.4 ly                 , K        ,           0.808,             0.834,             3921.7, Moderate        , Mini-Neptune,               3.928,                    0.555,                     0.315,            30.000,                  0.275,                   6.317,            633.4523,             1.3447,       0.1732,                     138.5,            1870.0,           70.27,                    78.69, Hydrogen-rich           ,              0.345,                    0, No            , None                      , Medium            , C                 , 2016-01-07        , The system may contain another unseen world.
XPS-ABCJ  , Cyra Sigma     , Cyra Sigma-n     ,                   2, Primary    , Confirmed     ,           2011, Direct Imaging  , Celestial Mirror One , Caeli Survey       ,             12804.53, 12804.5 ly                , K        ,           0.634,             0.707,             4569.9, Quiet           , Super-Earth ,               1.632,                    0.251,                     0.105,             3.234,                       ,                   0.169,          93557.5834,            34.7005,             ,                          ,             469.0,            6.82,                    79.24, No clear signal         ,              0.038,                    0, No            , None                      , Low               , A                 , 2012-10-05        , The orbit may be tilted relative to the star.
XPS-ABCK  , Altara North   , Altara North-p   ,                   1, Reanalysis , Confirmed     ,           2003, Transit         , SkyScan Array        , Pacific Lens Group ,                 9.82, 9.8 ly                    , K        ,           0.708,             0.765,             4070.6, Active          , Mini-Neptune,               2.435,                    0.392,                     0.223,             7.381,                  1.608,                   0.248,           1283.3511,             2.0603,       0.2712,                     113.4,             850.3,           13.69,                    76.13, Water vapor candidate   ,              0.211,                    0, No            , Asymmetric transit        , High              , B                 , 2024-02-15        , Two observing teams reported slightly different radii.
XPS-ABCL  , Eris South     , Eris South-r     ,                   1, Primary    , Confirmed     ,           2010, Direct Imaging  , Polar Optics Array   , Solis Research Unit,                22.13, 22.1 ly                   , A        ,           2.316,             2.185,             8137.5, Moderate        , Super-Earth ,               2.543,                    0.310,                     0.020,                  ,                  0.775,                        ,           1025.2092,             2.6326,       0.1499,                     375.3,                  ,           15.48,                    80.66, Carbon dioxide candidate,              0.588,                    0, No            , None                      , Medium            , B                 , 2019-08-14        , The system may contain another unseen world.
XPS-ABCM  , Arden A        , Arden A-c        ,                   1, Primary    , Confirmed     ,           2024, Direct Imaging  , Polar Optics Array   , Pacific Lens Group ,              5334.95, 5334.9 ly                 , G        ,           1.055,             1.049,             5921.2, Moderate        , Gas Giant   ,              15.567,                    0.258,                     1.605,          1900.000,                 64.895,                  31.225,                    ,             3.3375,       0.0239,                     142.4,           18463.6,           18.09,                    83.77, Hydrogen-rich           ,              0.072,                    0, No            , None                      , Low               , D                 , 2011-04-10        , Transit timing varies across observation windows.
XPS-ABCN  , Neris South    , Neris South-y    ,                   1, Reanalysis , Confirmed     ,           2024, Radial Velocity , Solis Observatory    , Aurora Lab         ,              1067.01, 327.1 pc                  , G        ,           1.103,             1.084,             5324.4, Moderate        , Ocean World ,               1.524,                    0.069,                          ,             5.913,                  1.465,                   0.104,             17.1156,             0.1343,       0.1437,                     420.0,             165.6,            9.40,                    67.27, No clear signal         ,              0.324,                    0, No            , None                      , Medium            , D                 , 03/31/2022        , Two observing teams reported slightly different radii.
XPS-ABCP  , Novae North    , Novae North-f    ,                   1, Primary    , Confirmed     ,           2021, Transit         , North Ridge Array    , Sky Atlas Team     ,                 8.87, 8.9 ly                    , K        ,           0.664,             0.726,             5107.9, Quiet           , Super-Earth ,               2.262,                    0.391,                     0.301,            14.841,                  1.549,                   0.122,           1158.1353,                   ,       0.1362,                     148.1,             813.4,           19.59,                    80.76, Cloud-dominated         ,                   ,                    0, No            , None                      , Low               , C                 , 2013-01-22        , Transit timing varies across observation windows.
XPS-ABCQ  , Mira A         , Mira A-t         ,                   1, primary    , Confirmed     ,           2015, Direct Imaging  , Summit Imager        , Blue Orbit Group   ,             12669.00, 3884.0 pc                 , K        ,           0.876,             0.903,             4184.9, Moderate        , mini-neptune,               2.476,                    0.405,                     0.055,            13.616,                  3.449,                        ,          28906.5574,            17.6366,       0.1040,                      47.2,             630.6,           85.80,                    66.26, No clear signal         ,              0.053,                    0, No            , None                      , Low               , B                 , 2015-03-09        , Cloud cover may hide key atmospheric signals.
XPS-ABCR  , Selene Minor   , Selene Minor-p   ,                   1, Primary    , Confirmed     ,           2013, Transit         , Aurora Survey        , Pacific Lens Group ,                24.41, 24.4 ly                   , M        ,           0.329,             0.432,             3587.9, Active          , Ice Giant   ,               6.653,                    1.116,                          ,                  ,                  6.502,                        ,             87.0248,                   ,       0.2155,                     236.7,           19850.7,           16.93,                    82.01, Methane candidate       ,              0.130,                    0, Yes           , Possible ring system      , High              , C                 , 2023-06-28        , Follow-up data changed the estimated year length.
XPS-ABCS  , Eris Tertia    , Eris Tertia-y    ,                   1, Primary    , Confirmed     ,           1996, Radial Velocity , Red Mesa Array       , Aurora Lab         ,              4713.04, 1445.0 pc                 , K        ,                ,             0.892,             3965.2, Active          , Rocky       ,               1.198,                    0.173,                     0.153,             1.995,                  0.216,                   0.079,           1127.6999,             2.0316,       0.2591,                     126.8,             151.0,            9.66,                    69.92, No clear signal         ,              0.254,                    0, No            , None                      , LOW               , A                 , 2015-01-21        , The atmospheric result has low certainty.
XPS-ABCT  , Selene Prime   , Selene Prime-d   ,                   2, Primary    , Provisional   ,           1995, Radial Velocity , SOLIS OBSERVATORY    , Meridian Study     ,               506.05, 506.0 ly                  , M        ,           0.355,             0.388,             3272.7, Active          , Ice Giant   ,               4.633,                    0.811,                          ,            85.451,                 10.666,                  16.457,           1844.4165,             2.0809,       0.0645,                      76.1,                  ,           17.31,                    71.94, Hydrogen-rich           ,              0.019,                    0, No            , None                      , Low               , C                 , 2017-07-02        , Transit timing varies across observation windows.
XPS-ABCU  , Vela Two       , Vela Two-e       ,                   1, Primary    , Archived      ,           2011, Transit         , SkyScan Array        , Pacific Lens Group ,               170.85, 170.9 ly                  , G        ,           0.985,             0.988,             5423.0, Active          , Ocean World ,               1.501,                    0.241,                     0.185,             4.187,                  1.016,                   0.827,           8535.8554,             8.1338,       0.1270,                     235.0,             193.5,           13.83,                    78.17, Cloud-dominated         ,              0.905,                    0, No            , None                      , High              , C                 , 2017-08-20        , Follow-up data changed the estimated year length.
XPS-ABCV  , Tarin North    , Tarin North-z    ,                   1, Primary    , Confirmed     ,           2011, Radial Velocity , Red Mesa Array       , Meridian Study     ,               556.57, 170.6 pc                  , M        ,           0.245,             0.290,             3489.9, Quiet           , super-earth ,               1.825,                    0.210,                     0.150,             4.955,                  0.845,                   0.430,              7.0385,             0.0450,       0.0759,                     472.6,            3323.7,            5.46,                    72.57, Water vapor candidate   ,              0.141,                    0, No            , Asymmetric transit        , Medium            , C                 , 2012-10-26        , A faint secondary signal appears in some observations.
XPS-ABCW  , Tarin Delta    , Tarin Delta-s    ,                   1, Primary    , Confirmed     ,           2006, Transit         , Aurora Survey        , North Ridge Team   ,              1385.10, 424.7 pc                  , K        ,           0.739,             0.769,             4448.9, Active          , Desert World,               1.041,                    0.042,                     0.152,                  ,                  0.066,                   0.082,             13.3212,             0.0994,             ,                     625.5,             153.8,            5.38,                    69.00, No clear signal         ,              0.001,                    1, No            , None                      , Low               , C                 , 2024/12/09        , The atmospheric result has low certainty.
XPS-ABCX  , Mira Minor     , Mira Minor-m     ,                   1, Primary    , Confirmed     ,           2015, Direct Imaging  , Celestial Mirror One , Aurora Lab         ,              2372.69, 2372.7 ly                 , K        ,           0.723,             0.748,             4826.9, Moderate        , Super-Earth ,               2.542,                    0.216,                     0.319,                  ,                  1.116,                        ,          46049.6925,            22.5640,       0.1407,                      44.7,             969.1,            4.39,                    71.42,                         ,              0.040,                    0, No            , Variable transit depth    , LOW               , C                 , 2024-02-17        , The system may contain another unseen world.
XPS-ABCY  , Solis Prime    , Solis Prime-y    ,                   1, Primary    , Confirmed     ,           2007, Transit         , North Ridge Array    , Pacific Lens Group ,              1878.71, 572.3 pc                  , k        ,           0.747,             0.765,             5180.5, Highly active   , Rocky       ,               1.120,                    0.175,                     0.121,             2.232,                  0.522,                   0.487,            572.8599,             1.2250,             ,                     177.5,             179.9,           17.24,                    66.91, Methane candidate       ,              0.648,                    0, No            , None                      , High              , B                 , 2023-03-06        , Follow-up data changed the estimated year length.
XPS-ABCZ  , Neris South    , Neris South-c    ,                   1, primary    , Confirmed     ,           2020, Transit         , Aurora Survey        , Caeli Survey       ,                19.97, 6.1 pc                    , A        ,           1.874,             1.796,             9455.3, Quiet           , Lava World  ,               1.929,                    0.312,                     0.158,                  ,                  1.501,                        ,              6.6007,             0.0849,       0.0804,                          ,              96.7,            2.54,                    66.89, Sodium signature        ,              0.000,                     , No            , Possible moon signal      , Low               , C                 , 2019-12-17        , The distance entry uses a converted unit.
XPS-ABDA  , Altara Prime   , Altara Prime-e   ,                   1, Primary    , Provisional   ,           2012, Transit         , Aurora Survey        , Caeli Survey       ,              3200.06, 3200.1 ly                 , M        ,           0.222,             0.275,             2934.8, Quiet           , Rocky       ,               1.019,                    0.170,                     0.080,                  ,                  0.110,                        ,           2471.1297,             2.1651,       0.1975,                      54.9,            1147.5,            9.39,                    60.20, Methane candidate       ,              0.060,                    0, No            , Variable transit depth    , Medium            , A                 , 2020-08-30        , Several measurements are absent from the early record.
XPS-ABDB  , Zora Minor     , Zora Minor-m     ,                   1, Primary    , Confirmed     ,           2008, Radial Velocity , Highland Spectrograph, Caeli Survey       ,              1306.47, 400.6 pc                  , K        ,           0.817,             0.850,             4703.8, Quiet           , Rocky       ,               0.646,                    0.115,                          ,             0.282,                  0.070,                   0.047,             33.7130,             0.1909,       0.1113,                     455.1,              48.4,           21.49,                    72.89, High-altitude haze      ,              0.136,                    0, No            , None                      , Low               , A                 , 08/22/2016        , Stellar noise complicates the mass estimate.
XPS-ABDC  , Cyra A         , Cyra A-h         ,                   1, Primary    , Confirmed     ,           2010, PULSAR TIMING   , Radio Arc Array      , Caeli Survey       ,              1663.50, 510.0 pc                  , M        ,           0.236,             0.305,             3719.5, Active          , Super-Earth ,               1.629,                    0.170,                     0.111,             3.408,                  0.583,                   0.100,           2740.0018,             2.3670,       0.1884,                      56.8,            2400.2,           16.99,                    70.64, Hydrogen-rich           ,              0.071,                    1, No            , None                      , Low               , B                 , 2021-04-13        , Follow-up data changed the estimated year length.
XPS-ABDD  , Orin Major     , Orin Major-h     ,                   1, Primary    , Confirmed     ,           2022, Pulsar Timing   , Pulse Watch Network  , Pacific Lens Group ,                58.35, 17.9 pc                   , K        ,           0.750,             0.765,             5141.1, Moderate        , Ocean World ,               2.190,                    0.380,                     0.285,            10.000,                       ,                   2.212,              4.7565,             0.0503,       0.2287,                     420.0,             690.0,            7.76,                    78.47,                         ,              0.380,                    0, No            , None                      , High              , C                 , 2021-11-25        , Cloud cover may hide key atmospheric signals.
XPS-ABDE  , Cyra Quarta    , Cyra Quarta-b    ,                   1, Primary    , Confirmed     ,           1996, Transit         , SkyScan Array        , Blue Orbit Group   ,                12.30, 12.3 ly                   , M        ,           0.551,             0.610,             2893.0, Quiet           , Rocky       ,               0.787,                    0.024,                     0.077,             0.449,                  0.040,                        ,              3.0533,             0.0338,       0.1816,                     569.0,             139.5,            9.92,                    69.57, Hydrogen-rich           ,              0.009,                    0, No            , None                      , Low               , C                 , 2012/09/16        , Follow-up data changed the estimated year length.
XPS-ABDF  , Novae North    , Novae North-z    ,                   1, Primary    , Confirmed     ,           2018, Transit         , skyscan array        , Pacific Lens Group ,                17.25, 5.3 pc                    , G        ,           0.936,             0.950,             5556.3, Moderate        , Gas Giant   ,              15.398,                    1.780,                     0.353,          1900.000,                       ,                        ,              6.1769,             0.0644,       0.0278,                     908.7,           22026.7,            4.75,                    67.40, Hydrogen-rich           ,              0.000,                    2, Yes           , Variable transit depth    , Low               , C                 , 2020-07-22        , The distance entry uses a converted unit.
XPS-ABDG  , Arden North    , Arden North-f    ,                   1, Primary    , Confirmed     ,           2014, Transit         , SkyScan Array        , North Ridge Team   ,                 7.17, 2.2 pc                    , K        ,           0.816,             0.843,             4819.0, Moderate        , Desert World,               1.912,                    0.164,                     0.283,             8.324,                  1.391,                   0.505,            151.1352,             0.5188,       0.2385,                     325.3,                  ,           22.47,                    65.29, High-altitude haze      ,              0.847,                    0, No            , Variable transit depth    , Urgent            , C                 , 2016-02-06        , Two observing teams reported slightly different radii.
XPS-ABDH  , Neris Delta    , Neris Delta-r    ,                   1, Follow-up  , Confirmed     ,           2025, Direct Imaging  , Polar Optics Array   , Pacific Lens Group ,                14.65, 4.5 pc                    , Subgiant ,           0.870,             0.874,             6950.7, Moderate        , Mini-Neptune,               3.910,                    0.238,                     0.384,                  ,                  1.330,                   1.741,         123299.4304,            46.1441,       0.1718,                      42.9,            1678.5,           13.47,                    58.42, Water vapor candidate   ,              0.036,                    0, NO            , Unusual dimming           , Medium            , B                 , 2022-12-27        , The system may contain another unseen world.
XPS-ABDJ  , Novae North    , Novae North-x    ,                   1, Primary    , Disputed      ,           2005, Radial Velocity , Highland Spectrograph, Sky Atlas Team     ,               517.88, 517.9 ly                  , K        ,           0.797,             0.827,             4511.4, Moderate        , Ocean World ,               1.101,                    0.160,                     0.130,             1.677,                  0.315,                   0.239,              6.3582,             0.0623,       0.3580,                     420.0,             148.8,            3.54,                    55.18,                         ,              0.373,                    0, No            , none                      , low               , C                 , 2012-03-06        , The distance entry uses a converted unit.
XPS-ABDK  , Luma Major     , Luma Major-b     ,                   1, Primary    , Confirmed     ,           2011, Transit         , Orbital Lens Network , North Ridge Team   ,              3191.46, 978.5 pc                  , G        ,           0.967,             0.975,             5465.5, Moderate        , Gas Giant   ,              10.460,                    0.255,                     1.483,                  ,                 31.146,                  47.149,             11.3125,             0.0975,       0.1796,                     845.4,            9650.4,           16.95,                    70.91,                         ,              0.000,                    2, No            , None                      , Low               , D                 , 2015-03-12        , Transit timing varies across observation windows.
XPS-ABDL  , Novae Two      , Novae Two-u      ,                   1, Primary    , Provisional   ,           2003, Microlensing    , Southern Lens Grid   , Pacific Lens Group ,              9155.02, 2806.9 pc                 , K        ,           0.802,             0.835,             5034.2, Active          , Rocky       ,               1.316,                    0.025,                     0.075,             2.858,                  0.602,                   0.344,            533.5031,             1.1960,       0.4248,                     187.6,             208.1,           40.33,                    85.42, No clear signal         ,              0.695,                    0, No            , Variable transit depth    , High              , B                 , 2022-01-31        , Transit timing varies across observation windows.
XPS-ABDM  , Arden C        , Arden C-h        ,                   1, Follow-up  , Archived      ,           2009, Transit         , North Ridge Array    , Meridian Study     ,              1350.17, 1350.2 ly                 , K        ,           0.800,             0.842,             4330.4, Active          , Rocky       ,               0.617,                    0.100,                     0.058,             0.269,                  0.054,                   0.069,             12.2964,             0.0969,       0.1131,                          ,              45.1,            9.75,                    62.60, Carbon dioxide candidate,              0.003,                    0, No            , None                      , Low               , B                 , 2011-02-21        , The record includes a later reanalysis.
XPS-ABDN  , Caeli South    , Caeli South-j    ,                   1, Primary    , Confirmed     ,           1999, Direct Imaging  , Celestial Mirror One , North Ridge Team   ,              1932.94, 592.6 pc                  , M        ,           0.139,             0.209,             3240.5, Active          , Mini-Neptune,               2.069,                    0.185,                     0.041,             8.927,                  1.240,                   0.327,         259328.3609,            41.2754,       0.3843,                      11.1,            8173.7,           19.02,                    66.83, No clear signal         ,              0.019,                    0, No            , Variable transit depth    , Low               , B                 , 2024-07-06        , Follow-up data changed the estimated year length.
XPS-ABDP  , Neris B        , Neris B-w        ,                   1, Primary    , Confirmed     ,           1997, Microlensing    , Southern Lens Grid   , Blue Orbit Group   ,                33.70, 10.3 pc                   , F        ,           1.520,             1.366,             7277.0, Quiet           , Gas Giant   ,              14.789,                    1.230,                     1.171,          1900.000,                287.935,                 315.543,            242.9089,             0.8759,             ,                     449.7,            9833.7,           49.05,                    72.35, Hydrogen-rich           ,              0.038,                    0, No            , None                      , Low               , A                 , 2017/03/01        , Several measurements are absent from the early record.
XPS-ABDQ  , Solis C        , Solis C-x        ,                   1, Follow-up  , Provisional   ,           1999, Transit         , North Ridge Array    , Pacific Lens Group ,              3258.99, 3259.0 ly                 , K        ,           0.801,             0.826,             4315.2, Moderate        , Desert World,               1.897,                    0.126,                     0.280,             5.547,                  1.469,                   0.769,             13.5630,             0.1034,       0.0734,                     529.5,             442.3,           37.61,                    82.13, Cloud-dominated         ,              0.033,                    0, No            , Possible moon signal      , Low               , B                 , 2011-06-06        , Several measurements are absent from the early record.
XPS-ABDR  , Orin One       , Orin One-f       ,                   1, Primary    , Confirmed     ,           1996, Transit         , Orbital Lens Network , Pacific Lens Group ,             13534.98, 13535.0 ly                , M        ,           0.269,             0.292,             2761.0, Highly active   , Rocky       ,               0.732,                    0.120,                     0.039,             0.405,                       ,                   0.087,           1067.7311,             1.3204,       0.0473,                      55.4,             528.7,           30.93,                    79.22, Sodium signature        ,              0.073,                    0, No            , Possible moon signal      , Low               , D                 , 2021/07/03        , Follow-up data changed the estimated year length.
XPS-ABDS  , Auron Two      , Auron Two-c      ,                   1, Follow-up  , Confirmed     ,           2005, Transit         , SkyScan Array        , North Ridge Team   ,               463.98, 464.0 ly                  , A        ,           2.188,             1.767,             9030.8, Moderate        , Rocky       ,               0.617,                    0.044,                     0.073,             0.217,                  0.052,                   0.050,           1036.4089,             2.6021,       0.1138,                     367.0,              10.2,            6.20,                    81.91, No clear signal         ,              0.538,                    0, No            , Orbital drift             , High              , C                 , 2014-06-23        , The record includes a later reanalysis.
XPS-ABDT  , Caeli Minor    , Caeli Minor-w    ,                   1, Reanalysis , Confirmed     ,           2012, Radial Velocity , Highland Spectrograph, Sky Atlas Team     ,                41.22, 12.6 pc                   , F        ,           1.503,             1.392,             6187.0, Moderate        , Super-Earth ,               2.362,                    0.407,                     0.135,            14.381,                  1.870,                   2.087,            471.0343,             1.3573,       0.0406,                     306.3,             241.5,            8.32,                    72.71, Water vapor candidate   ,              0.840,                    0, No            , None                      , High              , C                 , 2015/09/27        , Several measurements are absent from the early record.
XPS-ABDU  , Astra One      , Astra One-c      ,                   1, Primary    , Confirmed     ,           2007, Microlensing    , Andes Survey         , Blue Orbit Group   ,               467.44, 467.4 ly                  , M        ,                ,             0.244,             2738.5, moderate        , Super-Earth ,               2.506,                    0.149,                     0.015,            10.217,                  2.248,                   0.444,           8713.8731,             4.5632,       0.0113,                      34.0,                  ,           59.37,                    69.23, No clear signal         ,              0.032,                    0, No            , None                      , Low               , B                 , 2013/10/29        , Several measurements are absent from the early record.
XPS-ABDV  , Cetus One      , Cetus One-q      ,                   1, Primary    , Confirmed     ,           2000, Astrometry      , Gaia-Like Survey Lab , Caeli Survey       ,              8280.73, 8280.7 ly                 , M        ,           0.566,             0.613,             3114.8, Active          , Super-Earth ,               1.565,                    0.098,                     0.012,             2.342,                  0.366,                        ,             37.2183,             0.1805,       0.2035,                          ,             547.0,           40.36,                    69.64,                         ,                   ,                    0, No            , None                      , Urgent            , B                 , 2018-07-14        , No unusual note was reported.
XPS-ABDW  , Auron Two      , Auron Two-t      ,                   1, Follow-up  , Confirmed     ,           2002, Microlensing    , PACIFIC FIELD NETWORK, Aurora Lab         ,                     , 363.6 ly                  , G        ,           1.092,             1.067,             5659.4, Active          , Rocky       ,               1.398,                    0.052,                     0.080,             2.932,                  0.332,                   0.206,           3511.0742,             4.6558,       0.5145,                     118.4,             144.1,            2.54,                    67.58, No clear signal         ,              0.197,                    0, No            , None                      , Low               , D                 , 2023-06-03        , A faint secondary signal appears in some observations.
XPS-ABDX  , Kepleris South , Kepleris South-w ,                   1, FOLLOW-UP  , Confirmed     ,           2000, Radial Velocity , Red Mesa Array       , Solis Research Unit,                 5.30, 5.3 ly                    , F        ,           1.227,             1.161,             7091.4, Active          , Gas Giant   ,              17.955,                    0.698,                     2.526,          1900.000,                275.074,                  48.094,           3057.6646,             4.4142,       0.3151,                     163.0,           20073.9,           18.10,                    71.29, Hydrogen-rich           ,              0.088,                    0, No            , None                      , LOW               , B                 , 2021-06-28        , The orbit may be tilted relative to the star.
XPS-ABDY  , Mira Two       , Mira Two-f       ,                   1, Primary    , Confirmed     ,           2024, Radial Velocity , Red Mesa Array       , Solis Research Unit,                43.87, 43.9 ly                   , K        ,           0.711,                  ,             4115.6, Highly active   , Desert World,               1.799,                    0.038,                     0.072,             4.338,                       ,                   0.489,              2.9696,             0.0361,             ,                     951.8,             473.4,            7.84,                    72.96, No clear signal         ,              0.000,                    0, No            , Unusual dimming           , Low               , D                 , 2024-12-13        , The host star varies across the observation cycle.
XPS-ABDZ  , Kepleris Major , Kepleris Major-p ,                   2, Primary    , Confirmed     ,           2021, Direct Imaging  , Summit Imager        , Pacific Lens Group ,                63.82, 63.8 ly                   , F        ,           1.477,             1.403,             6755.2, Active          , Gas Giant   ,              11.376,                    0.959,                     0.114,           420.156,                 64.391,                 100.841,          12257.5944,            11.8564,       0.1301,                     104.5,            5188.2,            6.64,                    69.00,                         ,              0.027,                    0, No            , None                      , Low               , C                 , 2012/02/25        , Stellar noise complicates the mass estimate.
XPS-ABEA  , Arden Sigma    , Arden Sigma-s    ,                   1, Follow-up  , Provisional   ,           1997, Radial Velocity , highland spectrograph, Solis Research Unit,                60.02, 60.0 ly                   , M        ,           0.473,             0.574,             3894.9, Highly active   , Rocky       ,               0.848,                    0.069,                     0.093,             0.846,                  0.128,                   0.162,             22.5430,             0.1217,       0.0870,                     413.7,             182.7,           10.75,                    63.69, sodium signature        ,              0.308,                    0, No            , None                      , Low               , D                 , 2014-03-31        , Follow-up data changed the estimated year length.
XPS-ABEB  , Altara North   , Altara North-y   ,                   1, Primary    , Confirmed     ,           1998, Transit         , Orbital Lens Network , North Ridge Team   ,              2313.11, 2313.1 ly                 , G        ,           1.034,             1.026,             5430.4, Moderate        , Super-Earth ,               1.496,                    0.165,                     0.082,             4.706,                  0.756,                        ,              1.7920,             0.0292,       0.0356,                    1391.7,             178.4,            9.49,                    74.90, Sodium signature        ,              0.000,                    0, No            , None                      , Low               , C                 , 08/19/2017        , Two observing teams reported slightly different radii.
XPS-ABEC  , Lyra Minor     , Lyra Minor-n     ,                   1, primary    , Confirmed     ,           2010, Radial Velocity , Highland Spectrograph, Sky Atlas Team     ,                33.41, 33.4 ly                   , G        ,           1.103,             1.079,             5694.0, Moderate        , Gas Giant   ,              17.359,                    1.925,                     2.603,          1900.000,                290.473,                 353.520,           1714.8162,                   ,       0.2093,                     164.6,           21695.7,            2.51,                    61.92, hydrogen-rich           ,              0.078,                    0, No            , Asymmetric transit        , Medium            , B                 , 2017-07-22        , A faint secondary signal appears in some observations.
XPS-ABED  , Arden A        , Arden A-b        ,                   1, Follow-up  , Confirmed     ,           2008, Transit         , Aurora Survey        , Pacific Lens Group ,                99.01, 99.0 ly                   , M        ,           0.494,             0.563,             3244.2, Active          , Rocky       ,               0.851,                    0.105,                     0.072,             0.756,                       ,                   0.121,            474.8243,             0.9417,       0.1690,                     125.5,             191.5,           38.06,                    69.00, Carbon dioxide candidate,              0.246,                    1, YES           , Possible ring system      , Medium            , B                 , 2022/09/14        , A faint secondary signal appears in some observations.
XPS-ABEE  , Caeli South    , Caeli South-j    ,                   2, follow-up  , Provisional   ,           1995, Radial Velocity , Solis Observatory    , Caeli Survey       ,                 9.07, 9.1 ly                    , G        ,           0.988,             0.990,             5802.9, Active          , Gas Giant   ,              18.055,                    0.609,                     1.391,           672.979,                132.779,                  97.994,             54.9360,             0.2819,       0.1458,                     505.9,           26284.6,            4.48,                    72.23, Hydrogen-rich           ,              0.014,                    0, No            , Orbital drift             , Low               , B                 , 2013-09-22        , A faint secondary signal appears in some observations.
XPS-ABEF  , Lyra One       , Lyra One-b       ,                   1, Primary    , Confirmed     ,           1995, Direct Imaging  , Summit Imager        , Sky Atlas Team     ,              2295.21, 703.7 pc                  , G        ,           0.973,             0.977,             5425.4, Moderate        , Gas Giant   ,              11.617,                    0.960,                     0.403,           374.241,                 23.690,                        ,         179480.1322,            61.7041,             ,                      30.9,           11870.0,           26.61,                    71.16, Hydrogen-rich           ,              0.007,                    0, Yes           , Unusual dimming           , Low               , C                 , 2017-05-15        , Transit timing varies across observation windows.
XPS-ABEG  , Orin Tertia    , Orin Tertia-y    ,                   1, Follow-up  , CONFIRMED     ,           2005, Transit         , SkyScan Array        , Pacific Lens Group ,               240.48, 240.5 ly                  , f        ,           1.241,             1.204,             6435.6, Active          , Ice Giant   ,               5.414,                    0.276,                     0.527,            27.334,                       ,                   0.700,            390.2690,             1.1233,       0.1066,                     340.4,            1696.6,            7.34,                    75.38, Cloud-dominated         ,              0.151,                    0, No            , None                      , Low               , A                 , 04/09/2012        , The atmospheric result has low certainty.
XPS-ABEH  , Lyra Minor     , Lyra Minor-x     ,                   1, Primary    , Provisional   ,           2004, Radial Velocity , Highland Spectrograph, Pacific Lens Group ,               912.09, 912.1 ly                  , K        ,           0.822,             0.857,             4562.9, Moderate        , Ice Giant   ,               3.984,                    0.706,                     0.118,                  ,                  1.904,                   2.578,             76.0813,             0.3292,       0.1566,                     328.6,            1811.1,           46.37,                    74.62, Water vapor candidate   ,              0.142,                    0, Yes           , Orbital drift             , High              , A                 , 2024-04-28        , No unusual note was reported.
XPS-ABEJ  , Cetus Tertia   , Cetus Tertia-r   ,                   2, Follow-up  , Confirmed     ,           2002, Transit         , Aurora Survey        , Sky Atlas Team     ,             11611.92, 11611.9 ly                , K        ,           0.853,             0.882,             4276.0, Moderate        , Mini-Neptune,               2.819,                    0.371,                     0.349,             8.813,                  1.233,                   0.197,             36.0987,             0.2026,             ,                     444.3,             856.7,            7.90,                    69.00,                         ,              0.221,                    0, No            , Unusual dimming           , Medium            , C                 , 2011-06-09        , A faint secondary signal appears in some observations.
XPS-ABEK  , Altara Major   , Altara Major-c   ,                   1, PRIMARY    , Confirmed     ,           2018, Transit         , SkyScan Array        , North Ridge Team   ,               740.70, 740.7 ly                  , M        ,           0.557,             0.579,             3498.7, Highly active   , Rocky       ,               0.497,                    0.049,                     0.058,             0.100,                  0.058,                        ,              6.1641,             0.0541,       0.3748,                     540.7,                  ,            4.33,                    65.69, Methane candidate       ,                   ,                    0, No            , none                      , Low               , D                 , 2022-01-18        , The atmospheric result has low certainty.
XPS-ABEL  , Novae A        , Novae A-s        ,                   1, Follow-up  , Confirmed     ,           2014, Transit         , Aurora Survey        , Meridian Study     ,               949.09, 949.1 ly                  , M        ,           0.442,             0.495,             3022.0, Active          , Ocean World ,               2.120,                    0.324,                     0.135,             6.954,                  0.667,                   0.917,             17.7975,             0.1017,       0.2660,                     331.1,            1538.8,            1.99,                    66.46, No clear signal         ,              0.987,                    0, No            , None                      , Medium            , C                 , 2024-12-28        , The host star varies across the observation cycle.
XPS-ABEM  , Caeli North    , Caeli North-g    ,                   1, Primary    , Confirmed     ,           2024, Transit         , Aurora Survey        , Aurora Lab         ,               121.45, 121.5 ly                  , m        ,           0.175,             0.237,             2563.7, Active          , Rocky       ,               0.870,                    0.098,                     0.033,             0.726,                  0.060,                   0.154,           5428.2752,             3.3807,       0.0225,                      28.9,            1109.3,           17.66,                    82.65, Hydrogen-rich           ,              0.028,                    0, No            , None                      , Low               , B                 , 2018-01-20        , The record includes a later reanalysis.
XPS-ABEN  , Noma Tertia    , Noma Tertia-u    ,                   1, Primary    , Confirmed     ,           2004, Radial Velocity , Red Mesa Array       , Solis Research Unit,              7877.25, 2415.2 pc                 , K        ,           0.823,             0.856,             4569.8, Moderate        , Gas Giant   ,              17.591,                    1.859,                     1.330,          1900.000,                477.548,                        ,             31.0023,             0.1810,       0.0329,                          ,           35385.7,            6.71,                    61.73,                         ,              0.024,                    0, No            , None                      , Low               , A                 , 2020-05-08        , Cloud cover may hide key atmospheric signals.
XPS-ABEP  , Altara South   , Altara South-e   ,                   1, Primary    , Confirmed     ,           2003, Microlensing    , Southern Lens Grid   , Blue Orbit Group   ,               227.00, 227.0 ly                  , F        ,           1.425,                  ,             6947.2, Active          , Ice Giant   ,               5.471,                    0.828,                     0.818,            48.615,                  6.054,                  10.599,            222.4158,                   ,       0.2904,                     475.9,            1311.6,           14.54,                    69.49, Hydrogen-rich           ,              0.021,                    0, No            , Possible moon signal      , Low               , B                 , 2016-05-17        , No unusual note was reported.
XPS-ABEQ  , Caeli Tertia   , Caeli Tertia-c   ,                   1, Reanalysis , Confirmed     ,           2003, Transit         , North Ridge Array    , Caeli Survey       ,               367.01, 367.0 ly                  , F        ,           1.317,             1.234,             7309.9, Moderate        , Mini-Neptune,               2.428,                    0.041,                     0.223,                  ,                       ,                   0.631,            369.6761,             1.1029,             ,                     340.6,                  ,           13.89,                    75.24, High-altitude haze      ,              0.907,                    0, Yes           , possible ring system      , Urgent            , C                 , 2012-01-20        , The orbit may be tilted relative to the star.
XPS-ABER  , Kepleris Major , Kepleris Major-f ,                   1, Primary    , Confirmed     ,           2011, Radial Velocity , Red Mesa Array       , Aurora Lab         ,                30.50, 30.5 ly                   , K        ,           0.767,             0.792,             4189.6, Highly active   , Rocky       ,               1.059,                    0.146,                     0.085,             0.841,                       ,                   0.079,            115.5898,             0.4251,       0.0758,                     294.1,             150.0,           13.10,                    67.90,                         ,              0.737,                    0, No            , Possible moon signal      , Urgent            , C                 , 2022-02-24        , Cloud cover may hide key atmospheric signals.
XPS-ABES  , Mira C         , Mira C-v         ,                   1, Reanalysis , Confirmed     ,           2002, Microlensing    , PACIFIC FIELD NETWORK, Aurora Lab         ,               182.72, 182.7 ly                  , A        ,           2.151,             2.001,             9756.2, Active          , Gas Giant   ,              12.894,                    0.690,                     0.618,           835.455,                       ,                  92.115,            961.9744,             2.4618,             ,                     423.5,            3482.3,           17.27,                    69.00, Hydrogen-rich           ,              0.061,                    4, No            , Variable transit depth    , Medium            , C                 , 2025-05-17        , The distance entry uses a converted unit.
XPS-ABET  , Rhea Minor     , Rhea Minor-n     ,                   1, Primary    , Confirmed     ,           2003, Astrometry      , Gaia-Like Survey Lab , Meridian Study     ,               566.17, 173.6 pc                  , K        ,           0.636,             0.706,             4075.0, moderate        , Ocean World ,               1.714,                    0.073,                     0.185,             6.409,                  1.064,                        ,            183.4813,             0.5435,       0.3123,                     235.4,                  ,           25.11,                    77.09, Carbon dioxide candidate,              0.677,                    0, No            , None                      , Medium            , A                 , 2016-11-06        , The record includes a later reanalysis.
XPS-ABEU  , Orin Prime     , Orin Prime-q     ,                   1, Primary    , Confirmed     ,           2009, Transit         , Orbital Lens Network , North Ridge Team   ,               255.24, 78.3 pc                   , K        ,           0.774,             0.827,             4591.9, Active          , Desert World,                    ,                         ,                     0.249,             4.247,                  1.116,                   0.218,              6.0500,             0.0597,       0.0492,                     859.0,             572.0,           32.72,                    78.11, Water vapor candidate   ,              0.000,                    0, No            , None                      , Low               , A                 , 2011-02-09        , Cloud cover may hide key atmospheric signals.
XPS-ABEV  , Rhea Minor     , Rhea Minor-c     ,                   1, Primary    , Confirmed     ,           2012, Microlensing    , Andes Survey         , Aurora Lab         ,                     , 340.5 pc                  , F        ,           1.405,             1.304,             6581.1, Moderate        , Desert World,               1.451,                    0.230,                     0.142,                  ,                  0.384,                        ,           3644.1170,             5.1912,             ,                     176.1,             104.0,           20.49,                    79.84, Water vapor candidate   ,              0.627,                    0, No            , None                      , High              , A                 , 2025-04-01        , The system may contain another unseen world.
XPS-ABEW  , Solis South    , Solis South-q    ,                   1, Primary    , Confirmed     ,           2008, Radial Velocity , Highland Spectrograph, Sky Atlas Team     ,              1944.19, 1944.2 ly                 , M        ,           0.145,             0.169,             2619.3, Active          , Super-Earth ,               1.464,                    0.059,                     0.032,             4.478,                  0.547,                   0.455,            392.6483,             0.5517,       0.2669,                      75.8,            6305.1,           61.51,                    72.64,                         ,              0.098,                    0, No            , None                      , Medium            , A                 , 2013/07/14        , Two observing teams reported slightly different radii.
XPS-ABEX  , Astra Delta    , Astra Delta-u    ,                   1, Primary    , Confirmed     ,           2016, Transit         , Orbital Lens Network , Aurora Lab         ,              6565.79, 6565.8 ly                 , K        ,           0.817,             0.845,             4113.6, Active          , Ocean World ,                    ,                    0.084,                     0.064,                  ,                       ,                   1.323,              6.4619,             0.0635,             ,                     420.0,             369.4,            5.07,                    65.78, Carbon dioxide candidate,              0.296,                    0, No            , NONE                      , Medium            , B                 , 2016-04-11        , Two observing teams reported slightly different radii.
XPS-ABEY  , Arden A        , Arden A-k        ,                   1, Primary    , Confirmed     ,           2016, Transit         , Orbital Lens Network , Aurora Lab         ,               461.00, 461.0 ly                  , m        ,           0.189,             0.253,             3559.7, moderate        , Ice Giant   ,               6.543,                    0.469,                     0.371,            95.000,                  5.004,                  10.829,             17.8826,             0.0769,       0.2176,                     278.7,           56181.0,            6.20,                    61.20, cloud-dominated         ,              0.133,                    1, No            , None                      , Low               , A                 , 2017-04-21        , Several measurements are absent from the early record.
XPS-ABEZ  , Zora Two       , Zora Two-j       ,                   2, Follow-up  , Confirmed     ,           2018, PULSAR TIMING   , Radio Arc Array      , North Ridge Team   ,                47.16, 47.2 ly                   , A        ,           2.040,             1.784,             7587.6, Moderate        , Gas Giant   ,              14.712,                    1.798,                     1.721,                  ,                356.059,                 270.016,              1.9890,             0.0393,       0.2825,                    2367.2,                  ,           11.08,                    66.17, Hydrogen-rich           ,              0.000,                    0, Yes           , Unusual dimming           , Low               , C                 , 2023-01-09        , No unusual note was reported.
XPS-ABFA  , Astra Minor    , Astra Minor-f    ,                   1, Primary    , Confirmed     ,           2019, astrometry      , Gaia-Like Survey Lab , Pacific Lens Group ,                71.87, 71.9 ly                   , M        ,           0.229,             0.331,             3248.0, Moderate        , Mini-Neptune,               3.827,                    0.636,                     0.360,                  ,                  4.919,                        ,              7.6445,             0.0465,       0.1664,                     390.5,                  ,            5.94,                    69.81, No clear signal         ,              0.540,                    0, No            , None                      , Low               , B                 , 2018-07-25        , Cloud cover may hide key atmospheric signals.
XPS-ABFB  , Zora Prime     , Zora Prime-h     ,                   1, Reanalysis , Confirmed     ,           2024, Transit         , SkyScan Array        , Solis Research Unit,                15.90, 4.9 pc                    , M        ,           0.431,             0.456,             3524.5, Quiet           , Rocky       ,               0.719,                    0.028,                     0.045,             0.289,                  0.078,                        ,           2677.1944,             2.8494,             ,                          ,             208.8,            6.87,                    66.52, Water vapor candidate   ,              0.089,                    0, No            , asymmetric transit        , High              , B                 , 2017-12-31        , Several measurements are absent from the early record.
XPS-ABFC  , Vela B         , Vela B-n         ,                   1, Primary    , Confirmed     ,           2011, Transit         , North Ridge Array    , North Ridge Team   ,                     , 4498.7 ly                 , M        ,           0.138,             0.239,             3558.6, active          , Gas Giant   ,              13.357,                    2.264,                     1.417,          1900.000,                167.222,                  53.369,            397.7529,             0.5464,       0.2751,                     121.0,          261170.5,           46.97,                    77.29,                         ,              0.042,                    0, Yes           , Orbital drift             , Medium            , C                 , 2021-08-06        , Transit timing varies across observation windows.
XPS-ABFD  , Auron B        , Auron B-y        ,                   2, Primary    , Confirmed     ,           2001, Transit         , Orbital Lens Network , Blue Orbit Group   ,              1941.03, 595.1 pc                  , M        ,           0.520,             0.572,             3690.0, Moderate        , Mini-Neptune,               2.437,                    0.343,                     0.103,             7.695,                  0.296,                   1.007,          10536.1747,             7.5606,       0.3393,                      47.2,            1430.5,            5.76,                    69.34, High-altitude haze      ,              0.058,                    0, No            , None                      , Low               , A                 , 2012-06-08        , The record includes a later reanalysis.
XPS-ABFE  , Eris South     , Eris South-p     ,                   1, Follow-up  , Confirmed     ,           2024, Transit         , North Ridge Array    , North Ridge Team   ,               220.98, 67.8 pc                   , G        ,           0.908,             0.921,             5932.4, Active          , Gas Giant   ,              10.983,                    0.318,                     0.042,           948.299,                124.050,                 177.061,            115.9812,                   ,       0.1957,                     410.7,           11913.9,           84.56,                    79.66, Hydrogen-rich           ,              0.051,                    0, No            , None                      , Low               , A                 , 2015-02-05        , A faint secondary signal appears in some observations.
XPS-ABFF  , Selene Delta   , Selene Delta-q   ,                   1, Primary    , Confirmed     ,           2017, Radial Velocity , Solis Observatory    , North Ridge Team   ,              2287.11, 2287.1 ly                 , M        ,           0.261,             0.322,             3604.9, Moderate        , Gas Giant   ,               8.149,                    0.901,                     0.690,                  ,                  8.171,                  30.858,            101.3272,             0.2720,       0.2663,                          ,           53713.0,           16.30,                    76.87, Sodium signature        ,              0.123,                    4, No            , None                      , Low               , A                 , 2018-12-25        , Stellar noise complicates the mass estimate.
XPS-ABFG  , Cyra Sigma     , Cyra Sigma-c     ,                   1, Primary    , Confirmed     ,           2023, Astrometry      , Gaia-Like Survey Lab , Sky Atlas Team     ,                15.24, 4.7 pc                    , K        ,           0.653,             0.678,             5047.3, Highly active   , Gas Giant   ,              15.906,                    2.009,                     1.344,          1900.000,                 87.113,                 323.677,             13.7856,             0.0976,       0.0519,                     698.6,           46140.3,           30.09,                    73.60, Hydrogen-rich           ,              0.000,                    0, Yes           , Asymmetric transit        , Medium            , A                 , 2016-11-30        , Several measurements are absent from the early record.
XPS-ABFH  , Zora Prime     , Zora Prime-h     ,                   2, PRIMARY    , Confirmed     ,           2024, Direct Imaging  , Summit Imager        , Pacific Lens Group ,              3051.69,                           , M        ,           0.547,             0.571,             2726.3, Active          , Rocky       ,               0.943,                    0.161,                     0.070,             1.035,                  0.092,                   0.174,           3915.4582,             3.9749,             ,                      45.7,             219.0,            2.14,                    76.69, Sodium signature        ,              0.054,                    0, No            , None                      , Low               , B                 , 2018-08-27        , The system may contain another unseen world.
XPS-ABFJ  , Zora One       , Zora One-u       ,                   2, Primary    , Confirmed     ,           2015, Transit         , North Ridge Array    , North Ridge Team   ,               188.31, 188.3 ly                  , G        ,           0.954,             0.965,             5435.1, Moderate        , Super-Earth ,               2.015,                    0.111,                     0.104,             6.609,                  0.329,                   0.048,            900.9870,             1.7995,       0.3469,                          ,             378.1,           18.35,                    74.66, No clear signal         ,              0.619,                    0, NO            , None                      , Medium            , C                 , 2023-01-01        , A faint secondary signal appears in some observations.
XPS-ABFK  , Lyra Quarta    , Lyra Quarta-y    ,                   1, Primary    , Confirmed     ,           2014, Transit         , Orbital Lens Network , Meridian Study     ,                34.07, 34.1 ly                   , A        ,           1.717,             1.572,             9057.2, Quiet           , Ice Giant   ,               5.503,                    0.388,                     0.397,            95.000,                  0.540,                  17.811,           3464.7884,             5.3658,       0.0335,                     222.9,            1027.7,           46.10,                    74.44, Carbon dioxide candidate,              0.169,                    0, No            , None                      , low               , B                 , 2012-05-10        , The orbit may be tilted relative to the star.
XPS-ABFL  , Tarin Prime    , Tarin Prime-v    ,                   1, Reanalysis , Confirmed     ,           1998, Transit         , Aurora Survey        , Sky Atlas Team     ,              8736.05, 2647.2 pc                 , K        ,           0.725,             0.744,             4452.0, Active          , Ocean World ,               1.962,                    0.307,                     0.206,             5.706,                       ,                   0.783,            124.0882,             0.4374,       0.2145,                     272.9,             583.9,           10.54,                    69.00, No clear signal         ,              0.946,                    0, No            , Variable transit depth    , HIGH              , B                 , 2013-07-29        , The record includes a later reanalysis.
XPS-ABFM  , Talos Tertia   , Talos Tertia-z   ,                   2, Primary    , Confirmed     ,           1998, radial velocity , Red Mesa Array       , Solis Research Unit,                26.98, 27.0 ly                   , M        ,           0.414,             0.487,                   , Active          , Mini-Neptune,               4.040,                    0.313,                     0.434,            30.954,                  2.705,                   3.227,            387.0000,             0.7748,       0.0721,                     145.1,            5565.6,           14.57,                    69.17, Sodium signature        ,              0.367,                    0, No            , None                      , Low               , B                 , 2025-06-06        , Two observing teams reported slightly different radii.
XPS-ABFN  , Talos Tertia   , Talos Tertia-t   ,                   1, Primary    , Confirmed     ,           2007, Microlensing    , Andes Survey         , North Ridge Team   ,                10.81, 10.8 ly                   , m        ,           0.456,             0.503,             2965.6, HIGHLY ACTIVE   , Rocky       ,               0.785,                    0.128,                          ,             0.387,                  0.041,                   0.045,           2767.6337,             2.9694,       0.2374,                      61.0,             204.0,           11.22,                    72.66, Carbon dioxide candidate,              0.060,                    0, No            , Unexpected infrared excess, Low               , B                 , 2025-06-04        , The record includes a later reanalysis.
XPS-ABFP  , Luma Delta     , Luma Delta-n     ,                   1, Follow-up  , Confirmed     ,           2009, TRANSIT         , North Ridge Array    , Sky Atlas Team     ,               119.37, 119.4 ly                  , G        ,           1.073,             1.067,             5310.6, Moderate        , Rocky       ,               1.176,                    0.054,                     0.062,             1.109,                       ,                        ,             13.2435,             0.1121,             ,                     742.3,             101.9,           53.04,                    76.07, Carbon dioxide candidate,              0.000,                    0, No            , Orbital drift             , Low               , B                 , 2024-06-14        , Several measurements are absent from the early record.
XPS-ABFQ  , Arden C        , Arden C-q        ,                   1, Follow-up  , Confirmed     ,           2014, Transit         , SkyScan Array        , Aurora Lab         ,                     , 821.7 ly                  , M        ,           0.577,             0.602,             3463.9, Active          , Rocky       ,               1.461,                    0.113,                     0.042,             3.933,                  0.877,                        ,           3049.4011,             3.4259,       0.1667,                      74.7,             494.7,           10.26,                    67.08, No clear signal         ,              0.088,                    0, No            , None                      , Low               , A                 , 2025-07-30        , Stellar noise complicates the mass estimate.
XPS-ABFR  , Vela Prime     , Vela Prime-j     ,                   1, Primary    , Confirmed     ,           2018, Direct Imaging  , Summit Imager        , Blue Orbit Group   ,               177.26, 177.3 ly                  , M        ,           0.156,             0.189,             3106.6, Moderate        , Rocky       ,               0.651,                    0.102,                     0.018,             0.231,                  0.034,                        ,         190149.0895,            34.8711,       0.0330,                      11.6,             993.5,           21.66,                    69.40, No clear signal         ,              0.021,                    0, No            , Variable transit depth    , Low               , B                 , 12/06/2012        , The orbit may be tilted relative to the star.
XPS-ABFS  , Luma Major     , Luma Major-b     ,                   2, Primary    , Confirmed     ,           2002, Transit         , Aurora Survey        , Meridian Study     ,                50.78, 50.8 ly                   , G        ,           1.042,             1.036,             5375.5, Quiet           , Mini-Neptune,               2.795,                    0.269,                     0.311,                  ,                       ,                   2.459,            221.1309,             0.7257,             ,                     318.4,             640.5,           37.04,                    76.64, Methane candidate       ,              0.809,                    0, No            , None                      , High              , B                 , 2013-04-10        , The distance entry uses a converted unit.
XPS-ABFT  , Pavo Two       , Pavo Two-n       ,                   1, Primary    , Confirmed     ,           2022, Transit         , North Ridge Array    , Caeli Survey       ,               129.84, 129.8 ly                  , K        ,           0.691,             0.762,             4721.1, MODERATE        , Mini-Neptune,               4.196,                    0.131,                     0.235,            30.000,                  4.829,                        ,             12.3870,             0.0926,       0.2560,                     674.1,            2541.1,           11.12,                    75.08, Hydrogen-rich           ,              0.000,                    0, No            , None                      , Low               , B                 , 2025/06/19        , The distance entry uses a converted unit.
XPS-ABFU  , Kepleris Prime , Kepleris Prime-b ,                   1, Primary    , Confirmed     ,           2022, Transit         , Orbital Lens Network , Blue Orbit Group   ,              3624.91, 3624.9 ly                 , G        ,           0.947,             0.951,             5699.6, Moderate        , Gas Giant   ,              14.771,                    1.393,                     0.430,          1483.423,                141.173,                        ,            629.7533,             1.4122,       0.2488,                     221.3,           20245.0,           10.13,                    81.52, Hydrogen-rich           ,              0.161,                    0, No            , Orbital drift             , Medium            , B                 , 05/02/2019        , Several measurements are absent from the early record.
XPS-ABFV  , Arden Sigma    , Arden Sigma-u    ,                   1, Primary    , Confirmed     ,           2003, Radial Velocity , Highland Spectrograph, Solis Research Unit,                13.82, 13.8 ly                   , F        ,           1.269,             1.215,             6912.6, Moderate        , Lava World  ,               1.727,                    0.035,                     0.067,             2.937,                  0.096,                   0.143,            382.4918,             1.1163,       0.0276,                    1265.9,             169.4,           10.03,                    71.31, Methane candidate       ,              0.000,                    0, No            , Timing pattern unresolved , Medium            , C                 , 2023-09-11        , The distance entry uses a converted unit.
XPS-ABFW  , Eris North     , Eris North-x     ,                   1, Primary    , Confirmed     ,           2007, Direct Imaging  , Polar Optics Array   , Solis Research Unit,             13771.61, 4230.0 pc                 , K        ,           0.877,             0.890,             4316.4, Moderate        , Mini-Neptune,               2.258,                    0.119,                          ,             6.169,                  1.659,                   1.140,          11084.4821,             9.3117,       0.1387,                      63.6,             540.0,           10.20,                    75.36, Hydrogen-rich           ,              0.072,                    0, No            , None                      , Low               , B                 , 2015-07-17        , The host star varies across the observation cycle.
XPS-ABFX  , Altara Prime   , Altara Prime-m   ,                   1, Primary    , Confirmed     ,           2008, Radial Velocity , HIGHLAND SPECTROGRAPH, Pacific Lens Group ,             13603.85, 4171.0 pc                 , M        ,           0.173,             0.204,             3281.2, Moderate        , Gas Giant   ,              10.670,                    0.166,                     0.070,           250.498,                 44.336,                   2.273,            379.4851,             0.5711,       0.1134,                     106.0,                  ,            4.22,                    70.28, Hydrogen-rich           ,              0.027,                    0, No            , Variable transit depth    , Low               , A                 , 2018-08-31        , Two observing teams reported slightly different radii.
XPS-ABFY  , Talos Major    , Talos Major-x    ,                   1, Primary    , CONFIRMED     ,           2006, Radial Velocity , Solis Observatory    , Blue Orbit Group   ,                     , 14.3 pc                   , k        ,           0.660,             0.690,             4433.9, Quiet           , Ice Giant   ,               5.376,                    0.200,                     0.323,            95.000,                  0.988,                   5.048,           4099.6671,             4.3646,       0.2984,                      90.5,            5162.9,           17.05,                    82.35, Sodium signature        ,                   ,                    5, No            , None                      , Low               , B                 , 2025-03-22        , Several measurements are absent from the early record.
XPS-ABFZ  , Talos North    , Talos North-f    ,                   1, Primary    , Confirmed     ,           2009, Transit         , SkyScan Array        , Blue Orbit Group   ,              8596.53, 8596.5 ly                 , K        ,           0.801,             0.840,             4870.0, Quiet           , Ice Giant   ,               6.443,                    0.738,                     0.529,            95.000,                       ,                        ,             49.4874,             0.2450,       0.1802,                     455.6,            4929.8,            6.52,                    76.82, No clear signal         ,              0.025,                    5, No            , None                      , Low               , A                 , 2017-02-11        , No unusual note was reported.
